Instance,Plan,rho,m,pairs,viol,dip_tests,dip_hits_10,dip_hits_25
CON3-0,Det,0.0,9,24,0,8,7,7
CON3-0,Det,0.0,12,255,2,11,1,11
CON3-0,Det,0.0,12,0,0,0,0,0
CON3-0,Det,0.0,17,302,1,16,7,13
CON3-0,SAA,0.0,11,35,0,10,10,10
CON3-0,SAA,0.0,8,7,0,7,7,7
CON3-0,SAA,0.0,11,13,0,10,10,10
CON3-0,SAA,0.0,10,66,0,9,8,8
CON3-0,SAA,0.0,10,61,0,9,8,8
CON3-0,Det,0.3,9,62,0,8,6,7
CON3-0,Det,0.3,12,233,0,11,2,10
CON3-0,Det,0.3,12,57,1,11,10,11
CON3-0,Det,0.3,17,244,0,16,7,16
CON3-0,SAA,0.3,11,93,0,10,7,8
CON3-0,SAA,0.3,8,53,0,7,6,6
CON3-0,SAA,0.3,11,59,1,10,9,10
CON3-0,SAA,0.3,10,103,1,9,7,8
CON3-0,SAA,0.3,10,92,0,9,6,8
CON3-0,Det,0.6,9,55,0,8,7,8
CON3-0,Det,0.6,12,206,0,11,3,11
CON3-0,Det,0.6,12,53,0,11,11,11
CON3-0,Det,0.6,17,216,0,16,10,16
CON3-0,SAA,0.6,11,92,0,10,10,10
CON3-0,SAA,0.6,8,39,1,7,7,7
CON3-0,SAA,0.6,11,57,0,10,9,10
CON3-0,SAA,0.6,10,83,0,9,8,9
CON3-0,SAA,0.6,10,80,0,9,8,9
CON3-0,Det,0.9,9,35,0,8,8,8
CON3-0,Det,0.9,12,161,0,11,6,9
CON3-0,Det,0.9,12,35,0,11,11,11
CON3-0,Det,0.9,17,134,0,15,14,15
CON3-0,SAA,0.9,11,54,0,10,10,10
CON3-0,SAA,0.9,8,27,0,7,7,7
CON3-0,SAA,0.9,11,27,0,10,10,10
CON3-0,SAA,0.9,10,52,0,9,9,9
CON3-0,SAA,0.9,10,45,0,9,9,9
CON3-0,Det,dayfac,9,65,0,8,6,6
CON3-0,Det,dayfac,12,259,2,11,3,11
CON3-0,Det,dayfac,12,12,0,10,10,10
CON3-0,Det,dayfac,17,323,2,16,4,15
CON3-0,SAA,dayfac,11,117,2,10,5,6
CON3-0,SAA,dayfac,8,28,0,7,6,6
CON3-0,SAA,dayfac,11,41,0,10,9,9
CON3-0,SAA,dayfac,10,160,1,9,2,3
CON3-0,SAA,dayfac,10,110,3,9,5,6
CON3-1,Det,0.0,20,396,0,19,7,19
CON3-1,Det,0.0,11,223,0,10,4,10
CON3-1,Det,0.0,3,0,0,0,0,0
CON3-1,Det,0.0,16,326,0,15,3,14
CON3-1,SAA,0.0,14,0,0,0,0,0
CON3-1,SAA,0.0,8,26,0,7,6,6
CON3-1,SAA,0.0,5,8,0,4,4,4
CON3-1,SAA,0.0,10,47,0,8,6,6
CON3-1,SAA,0.0,13,22,0,11,11,11
CON3-1,Det,0.3,20,334,0,19,7,19
CON3-1,Det,0.3,11,191,0,10,2,8
CON3-1,Det,0.3,3,0,0,0,0,0
CON3-1,Det,0.3,16,272,0,15,4,13
CON3-1,SAA,0.3,14,52,0,13,12,12
CON3-1,SAA,0.3,8,73,0,7,5,7
CON3-1,SAA,0.3,5,30,1,4,4,4
CON3-1,SAA,0.3,10,83,0,9,6,8
CON3-1,SAA,0.3,13,101,0,12,10,10
CON3-1,Det,0.6,20,279,0,19,12,19
CON3-1,Det,0.6,11,154,0,10,5,10
CON3-1,Det,0.6,3,0,0,0,0,0
CON3-1,Det,0.6,16,238,1,15,8,14
CON3-1,SAA,0.6,14,51,0,13,13,13
CON3-1,SAA,0.6,8,58,0,7,7,7
CON3-1,SAA,0.6,5,28,0,4,4,4
CON3-1,SAA,0.6,10,75,0,9,9,9
CON3-1,SAA,0.6,13,83,0,12,12,12
CON3-1,Det,0.9,20,198,0,19,16,19
CON3-1,Det,0.9,11,102,0,10,7,8
CON3-1,Det,0.9,3,0,0,0,0,0
CON3-1,Det,0.9,16,183,0,15,13,15
CON3-1,SAA,0.9,14,34,0,13,13,13
CON3-1,SAA,0.9,8,40,0,7,7,7
CON3-1,SAA,0.9,5,12,0,4,4,4
CON3-1,SAA,0.9,10,42,0,9,9,9
CON3-1,SAA,0.9,13,52,0,12,12,12
CON3-1,Det,dayfac,20,410,0,19,6,18
CON3-1,Det,dayfac,11,227,1,10,4,8
CON3-1,Det,dayfac,3,0,0,0,0,0
CON3-1,Det,dayfac,16,331,0,15,6,14
CON3-1,SAA,dayfac,14,23,0,13,12,12
CON3-1,SAA,dayfac,8,81,0,7,3,3
CON3-1,SAA,dayfac,5,39,0,4,2,3
CON3-1,SAA,dayfac,10,95,0,8,5,5
CON3-1,SAA,dayfac,13,87,0,12,10,10
CON3-2,Det,0.0,3,0,0,0,0,0
CON3-2,Det,0.0,14,270,0,13,6,13
CON3-2,Det,0.0,16,306,0,15,5,14
CON3-2,Det,0.0,17,222,0,16,10,13
CON3-2,SAA,0.0,9,0,0,0,0,0
CON3-2,SAA,0.0,8,25,0,7,6,6
CON3-2,SAA,0.0,13,14,0,12,12,12
CON3-2,SAA,0.0,9,5,0,5,5,5
CON3-2,SAA,0.0,11,8,0,7,7,7
CON3-2,Det,0.3,3,0,0,0,0,0
CON3-2,Det,0.3,14,238,0,13,4,12
CON3-2,Det,0.3,16,257,0,15,7,14
CON3-2,Det,0.3,17,193,0,16,11,16
CON3-2,SAA,0.3,9,21,0,8,8,8
CON3-2,SAA,0.3,8,77,0,7,6,7
CON3-2,SAA,0.3,13,40,0,12,11,11
CON3-2,SAA,0.3,9,40,0,8,7,8
CON3-2,SAA,0.3,11,59,0,10,8,8
CON3-2,Det,0.6,3,0,0,0,0,0
CON3-2,Det,0.6,14,204,0,13,5,12
CON3-2,Det,0.6,16,214,0,15,9,15
CON3-2,Det,0.6,17,157,1,16,13,16
CON3-2,SAA,0.6,9,25,0,8,8,8
CON3-2,SAA,0.6,8,66,0,7,6,7
CON3-2,SAA,0.6,13,50,0,12,12,12
CON3-2,SAA,0.6,9,38,0,8,8,8
CON3-2,SAA,0.6,11,58,0,10,9,10
CON3-2,Det,0.9,3,0,0,0,0,0
CON3-2,Det,0.9,14,167,0,13,8,13
CON3-2,Det,0.9,16,139,0,15,13,15
CON3-2,Det,0.9,17,91,0,16,16,16
CON3-2,SAA,0.9,9,16,0,8,8,8
CON3-2,SAA,0.9,8,46,0,7,7,7
CON3-2,SAA,0.9,13,28,0,12,12,12
CON3-2,SAA,0.9,9,24,0,8,8,8
CON3-2,SAA,0.9,11,41,0,10,10,10
CON3-2,Det,dayfac,3,0,0,0,0,0
CON3-2,Det,dayfac,14,276,1,13,6,13
CON3-2,Det,dayfac,16,323,1,15,5,14
CON3-2,Det,dayfac,17,249,0,16,11,16
CON3-2,SAA,dayfac,9,21,0,6,3,3
CON3-2,SAA,dayfac,8,106,2,7,4,4
CON3-2,SAA,dayfac,13,14,0,10,10,10
CON3-2,SAA,dayfac,9,43,0,8,6,6
CON3-2,SAA,dayfac,11,62,0,10,9,9
CON3-3,Det,0.0,3,0,0,0,0,0
CON3-3,Det,0.0,14,300,0,13,5,13
CON3-3,Det,0.0,14,266,1,13,5,11
CON3-3,Det,0.0,19,403,0,18,2,15
CON3-3,SAA,0.0,7,38,0,6,5,5
CON3-3,SAA,0.0,10,99,0,9,7,7
CON3-3,SAA,0.0,13,19,0,12,12,12
CON3-3,SAA,0.0,11,90,0,10,10,10
CON3-3,SAA,0.0,9,90,0,8,5,5
CON3-3,Det,0.3,3,0,0,0,0,0
CON3-3,Det,0.3,14,268,0,13,2,11
CON3-3,Det,0.3,14,246,0,13,4,12
CON3-3,Det,0.3,19,319,0,18,6,18
CON3-3,SAA,0.3,7,64,0,6,6,6
CON3-3,SAA,0.3,10,104,0,9,6,8
CON3-3,SAA,0.3,13,87,0,12,10,11
CON3-3,SAA,0.3,11,129,0,10,7,7
CON3-3,SAA,0.3,9,118,0,8,6,6
CON3-3,Det,0.6,3,0,0,0,0,0
CON3-3,Det,0.6,14,236,0,13,5,13
CON3-3,Det,0.6,14,224,0,13,4,11
CON3-3,Det,0.6,19,261,0,18,14,17
CON3-3,SAA,0.6,7,52,0,6,5,6
CON3-3,SAA,0.6,10,98,0,9,7,8
CON3-3,SAA,0.6,13,84,0,12,11,11
CON3-3,SAA,0.6,11,108,0,10,8,10
CON3-3,SAA,0.6,9,98,0,8,6,8
CON3-3,Det,0.9,3,2,0,2,2,2
CON3-3,Det,0.9,14,170,0,13,8,10
CON3-3,Det,0.9,14,174,0,12,6,8
CON3-3,Det,0.9,19,142,0,18,16,18
CON3-3,SAA,0.9,7,32,0,6,6,6
CON3-3,SAA,0.9,10,57,0,9,9,9
CON3-3,SAA,0.9,13,57,0,12,12,12
CON3-3,SAA,0.9,11,65,0,10,10,10
CON3-3,SAA,0.9,9,63,0,8,8,8
CON3-3,Det,dayfac,3,0,0,0,0,0
CON3-3,Det,dayfac,14,304,3,13,5,13
CON3-3,Det,dayfac,14,267,1,13,5,13
CON3-3,Det,dayfac,19,420,0,18,1,17
CON3-3,SAA,dayfac,7,71,0,6,4,4
CON3-3,SAA,dayfac,10,152,2,9,4,6
CON3-3,SAA,dayfac,13,73,0,12,9,9
CON3-3,SAA,dayfac,11,194,3,10,2,3
CON3-3,SAA,dayfac,9,163,2,8,5,6
CON3-4,Det,0.0,13,284,1,12,1,10
CON3-4,Det,0.0,22,445,0,21,6,17
CON3-4,Det,0.0,13,261,0,12,6,11
CON3-4,SAA,0.0,12,51,0,10,8,8
CON3-4,SAA,0.0,8,6,0,6,6,6
CON3-4,SAA,0.0,9,20,0,8,8,8
CON3-4,SAA,0.0,9,16,0,8,8,8
CON3-4,SAA,0.0,12,0,0,0,0,0
CON3-4,Det,0.3,13,237,0,12,4,12
CON3-4,Det,0.3,22,379,0,21,9,20
CON3-4,Det,0.3,13,209,0,12,4,11
CON3-4,SAA,0.3,12,81,0,11,9,10
CON3-4,SAA,0.3,8,30,0,7,6,6
CON3-4,SAA,0.3,9,54,0,8,6,7
CON3-4,SAA,0.3,9,77,0,8,6,8
CON3-4,SAA,0.3,12,69,1,11,10,11
CON3-4,Det,0.6,13,189,0,12,8,11
CON3-4,Det,0.6,22,265,0,21,15,21
CON3-4,Det,0.6,13,181,0,12,6,10
CON3-4,SAA,0.6,12,82,0,11,11,11
CON3-4,SAA,0.6,8,34,0,7,6,7
CON3-4,SAA,0.6,9,54,0,8,7,8
CON3-4,SAA,0.6,9,60,0,8,8,8
CON3-4,SAA,0.6,12,62,0,11,11,11
CON3-4,Det,0.9,13,125,0,12,10,10
CON3-4,Det,0.9,22,181,0,21,19,21
CON3-4,Det,0.9,13,128,0,12,10,12
CON3-4,SAA,0.9,12,49,0,11,11,11
CON3-4,SAA,0.9,8,21,0,7,7,7
CON3-4,SAA,0.9,9,31,0,8,8,8
CON3-4,SAA,0.9,9,34,0,8,8,8
CON3-4,SAA,0.9,12,40,0,11,11,11
CON3-4,Det,dayfac,13,288,0,12,2,12
CON3-4,Det,dayfac,22,450,0,21,6,16
CON3-4,Det,dayfac,13,271,0,12,4,11
CON3-4,SAA,dayfac,12,159,3,11,6,8
CON3-4,SAA,dayfac,8,25,0,7,7,7
CON3-4,SAA,dayfac,9,43,0,8,7,7
CON3-4,SAA,dayfac,9,33,0,8,6,6
CON3-4,SAA,dayfac,12,43,0,11,10,10
CON3-5,Det,0.0,14,274,0,13,5,11
CON3-5,Det,0.0,19,328,0,18,6,16
CON3-5,Det,0.0,15,299,1,14,3,9
CON3-5,SAA,0.0,8,72,0,7,6,6
CON3-5,SAA,0.0,8,9,0,6,6,6
CON3-5,SAA,0.0,10,0,0,0,0,0
CON3-5,SAA,0.0,9,0,0,0,0,0
CON3-5,SAA,0.0,15,16,0,12,12,12
CON3-5,Det,0.3,14,225,0,13,6,12
CON3-5,Det,0.3,19,264,0,18,9,15
CON3-5,Det,0.3,15,219,1,14,7,13
CON3-5,SAA,0.3,8,84,0,7,5,5
CON3-5,SAA,0.3,8,50,0,7,5,6
CON3-5,SAA,0.3,10,24,0,9,9,9
CON3-5,SAA,0.3,9,16,0,8,8,8
CON3-5,SAA,0.3,15,104,1,14,10,12
CON3-5,Det,0.6,14,183,0,13,8,12
CON3-5,Det,0.6,19,214,0,18,11,17
CON3-5,Det,0.6,15,160,0,14,10,13
CON3-5,SAA,0.6,8,65,0,7,7,7
CON3-5,SAA,0.6,8,42,0,7,7,7
CON3-5,SAA,0.6,10,25,0,9,9,9
CON3-5,SAA,0.6,9,16,0,8,8,8
CON3-5,SAA,0.6,15,105,1,14,13,14
CON3-5,Det,0.9,14,119,0,13,10,13
CON3-5,Det,0.9,19,137,0,18,17,18
CON3-5,Det,0.9,15,78,0,14,13,14
CON3-5,SAA,0.9,8,30,0,7,7,7
CON3-5,SAA,0.9,8,26,0,7,7,7
CON3-5,SAA,0.9,10,20,0,9,9,9
CON3-5,SAA,0.9,9,12,0,8,8,8
CON3-5,SAA,0.9,15,69,0,14,14,14
CON3-5,Det,dayfac,14,294,4,13,4,9
CON3-5,Det,dayfac,19,363,0,18,7,16
CON3-5,Det,dayfac,15,316,1,14,1,6
CON3-5,SAA,dayfac,8,106,1,7,3,4
CON3-5,SAA,dayfac,8,55,0,7,6,6
CON3-5,SAA,dayfac,10,0,0,0,0,0
CON3-5,SAA,dayfac,9,0,0,0,0,0
CON3-5,SAA,dayfac,15,100,0,14,11,11
CON3-6,Det,0.0,18,355,1,17,6,14
CON3-6,Det,0.0,12,178,2,11,5,6
CON3-6,Det,0.0,17,331,0,15,3,9
CON3-6,Det,0.0,3,0,0,0,0,0
CON3-6,SAA,0.0,9,0,0,0,0,0
CON3-6,SAA,0.0,8,7,0,7,7,7
CON3-6,SAA,0.0,10,0,0,0,0,0
CON3-6,SAA,0.0,11,66,0,10,8,8
CON3-6,SAA,0.0,12,14,0,11,11,11
CON3-6,Det,0.3,18,310,0,17,4,17
CON3-6,Det,0.3,12,176,0,11,7,10
CON3-6,Det,0.3,17,277,0,16,6,15
CON3-6,Det,0.3,3,0,0,0,0,0
CON3-6,SAA,0.3,9,12,0,8,8,8
CON3-6,SAA,0.3,8,45,0,7,6,6
CON3-6,SAA,0.3,10,13,0,9,9,9
CON3-6,SAA,0.3,11,104,0,10,8,9
CON3-6,SAA,0.3,12,78,1,11,8,9
CON3-6,Det,0.6,18,270,0,17,9,15
CON3-6,Det,0.6,12,144,0,11,9,11
CON3-6,Det,0.6,17,209,0,16,12,15
CON3-6,Det,0.6,3,0,0,0,0,0
CON3-6,SAA,0.6,9,17,0,8,8,8
CON3-6,SAA,0.6,8,35,0,7,7,7
CON3-6,SAA,0.6,10,18,0,9,9,9
CON3-6,SAA,0.6,11,90,0,10,9,10
CON3-6,SAA,0.6,12,73,0,11,10,11
CON3-6,Det,0.9,18,190,0,15,10,15
CON3-6,Det,0.9,12,88,0,11,11,11
CON3-6,Det,0.9,17,111,0,15,13,15
CON3-6,Det,0.9,3,0,0,0,0,0
CON3-6,SAA,0.9,9,12,0,8,8,8
CON3-6,SAA,0.9,8,21,0,7,7,7
CON3-6,SAA,0.9,10,11,0,9,9,9
CON3-6,SAA,0.9,11,52,0,10,10,10
CON3-6,SAA,0.9,12,45,0,11,11,11
CON3-6,Det,dayfac,18,361,0,17,8,14
CON3-6,Det,dayfac,12,201,1,11,3,7
CON3-6,Det,dayfac,17,337,3,16,4,11
CON3-6,Det,dayfac,3,0,0,0,0,0
CON3-6,SAA,dayfac,9,0,0,0,0,0
CON3-6,SAA,dayfac,8,50,0,7,7,7
CON3-6,SAA,dayfac,10,2,0,2,2,2
CON3-6,SAA,dayfac,11,154,1,10,4,5
CON3-6,SAA,dayfac,12,52,0,11,10,10
CON3-7,Det,0.0,13,220,0,12,5,11
CON3-7,Det,0.0,19,317,0,18,8,16
CON3-7,Det,0.0,17,376,0,16,4,15
CON3-7,SAA,0.0,10,20,0,9,9,9
CON3-7,SAA,0.0,7,0,0,0,0,0
CON3-7,SAA,0.0,12,0,0,0,0,0
CON3-7,SAA,0.0,9,0,0,0,0,0
CON3-7,SAA,0.0,12,10,0,10,10,10
CON3-7,Det,0.3,13,186,0,12,8,12
CON3-7,Det,0.3,19,262,0,18,10,16
CON3-7,Det,0.3,17,326,0,16,5,14
CON3-7,SAA,0.3,10,60,0,9,8,8
CON3-7,SAA,0.3,7,0,0,0,0,0
CON3-7,SAA,0.3,12,53,0,11,9,10
CON3-7,SAA,0.3,9,32,0,8,7,7
CON3-7,SAA,0.3,12,69,0,11,10,11
CON3-7,Det,0.6,13,151,0,12,8,12
CON3-7,Det,0.6,19,209,0,18,12,18
CON3-7,Det,0.6,17,275,0,16,7,15
CON3-7,SAA,0.6,10,59,0,9,8,9
CON3-7,SAA,0.6,7,6,0,6,6,6
CON3-7,SAA,0.6,12,52,0,11,11,11
CON3-7,SAA,0.6,9,40,0,8,8,8
CON3-7,SAA,0.6,12,57,0,11,11,11
CON3-7,Det,0.9,13,117,0,12,10,12
CON3-7,Det,0.9,19,136,0,18,15,18
CON3-7,Det,0.9,17,177,0,16,11,15
CON3-7,SAA,0.9,10,31,0,9,9,9
CON3-7,SAA,0.9,7,6,0,6,6,6
CON3-7,SAA,0.9,12,29,0,11,11,11
CON3-7,SAA,0.9,9,23,0,8,8,8
CON3-7,SAA,0.9,12,37,0,11,11,11
CON3-7,Det,dayfac,13,239,0,12,5,11
CON3-7,Det,dayfac,19,344,1,18,7,15
CON3-7,Det,dayfac,17,378,0,16,2,13
CON3-7,SAA,dayfac,10,40,0,9,8,8
CON3-7,SAA,dayfac,7,0,0,0,0,0
CON3-7,SAA,dayfac,12,28,0,8,8,8
CON3-7,SAA,dayfac,9,53,0,8,5,5
CON3-7,SAA,dayfac,12,41,0,11,11,11
CON3-8,Det,0.0,14,273,0,13,7,13
CON3-8,Det,0.0,8,15,0,7,7,7
CON3-8,Det,0.0,18,389,1,17,3,12
CON3-8,Det,0.0,10,0,0,0,0,0
CON3-8,SAA,0.0,8,0,0,0,0,0
CON3-8,SAA,0.0,9,17,0,8,8,8
CON3-8,SAA,0.0,10,62,0,9,7,7
CON3-8,SAA,0.0,13,10,0,10,10,10
CON3-8,SAA,0.0,10,0,0,0,0,0
CON3-8,Det,0.3,14,224,0,13,7,11
CON3-8,Det,0.3,8,54,0,7,5,6
CON3-8,Det,0.3,18,292,0,17,10,17
CON3-8,Det,0.3,10,0,0,0,0,0
CON3-8,SAA,0.3,8,28,0,7,7,7
CON3-8,SAA,0.3,9,68,0,8,7,8
CON3-8,SAA,0.3,10,77,0,9,7,9
CON3-8,SAA,0.3,13,84,0,12,10,12
CON3-8,SAA,0.3,10,10,0,9,9,9
CON3-8,Det,0.6,14,197,0,13,7,13
CON3-8,Det,0.6,8,49,0,7,7,7
CON3-8,Det,0.6,18,215,0,17,14,16
CON3-8,Det,0.6,10,11,0,9,9,9
CON3-8,SAA,0.6,8,27,0,7,7,7
CON3-8,SAA,0.6,9,61,0,8,8,8
CON3-8,SAA,0.6,10,71,0,9,8,9
CON3-8,SAA,0.6,13,71,0,12,12,12
CON3-8,SAA,0.6,10,13,0,9,9,9
CON3-8,Det,0.9,14,124,0,13,11,12
CON3-8,Det,0.9,8,26,0,7,7,7
CON3-8,Det,0.9,18,115,0,17,16,17
CON3-8,Det,0.9,10,11,0,9,9,9
CON3-8,SAA,0.9,8,14,0,7,7,7
CON3-8,SAA,0.9,9,37,0,8,8,8
CON3-8,SAA,0.9,10,46,0,9,9,9
CON3-8,SAA,0.9,13,43,0,12,12,12
CON3-8,SAA,0.9,10,11,0,9,9,9
CON3-8,Det,dayfac,14,278,0,13,4,13
CON3-8,Det,dayfac,8,45,0,7,6,6
CON3-8,Det,dayfac,18,400,0,17,1,13
CON3-8,Det,dayfac,10,0,0,0,0,0
CON3-8,SAA,dayfac,8,38,0,7,6,6
CON3-8,SAA,dayfac,9,65,0,8,5,5
CON3-8,SAA,dayfac,10,90,1,9,6,6
CON3-8,SAA,dayfac,13,35,0,12,12,12
CON3-8,SAA,dayfac,10,0,0,0,0,0
CON3-9,Det,0.0,11,186,0,10,3,9
CON3-9,Det,0.0,11,0,0,0,0,0
CON3-9,Det,0.0,16,267,0,15,6,15
CON3-9,Det,0.0,12,114,0,8,3,6
CON3-9,SAA,0.0,7,11,0,5,5,5
CON3-9,SAA,0.0,12,27,0,11,11,11
CON3-9,SAA,0.0,10,98,1,9,5,5
CON3-9,SAA,0.0,10,0,0,0,0,0
CON3-9,SAA,0.0,11,0,0,0,0,0
CON3-9,Det,0.3,11,169,0,10,4,8
CON3-9,Det,0.3,11,23,0,10,10,10
CON3-9,Det,0.3,16,225,0,15,10,15
CON3-9,Det,0.3,12,110,0,11,8,10
CON3-9,SAA,0.3,7,60,0,6,5,5
CON3-9,SAA,0.3,12,126,1,11,7,9
CON3-9,SAA,0.3,10,113,1,9,6,8
CON3-9,SAA,0.3,10,29,0,9,9,9
CON3-9,SAA,0.3,11,36,0,10,10,10
CON3-9,Det,0.6,11,141,0,10,5,10
CON3-9,Det,0.6,11,30,0,10,10,10
CON3-9,Det,0.6,16,195,0,15,14,15
CON3-9,Det,0.6,12,96,0,11,9,11
CON3-9,SAA,0.6,7,47,0,6,6,6
CON3-9,SAA,0.6,12,118,0,11,9,11
CON3-9,SAA,0.6,10,94,0,9,7,8
CON3-9,SAA,0.6,10,30,0,9,9,9
CON3-9,SAA,0.6,11,52,0,10,10,10
CON3-9,Det,0.9,11,96,0,10,9,10
CON3-9,Det,0.9,11,20,0,10,10,10
CON3-9,Det,0.9,16,131,0,14,13,14
CON3-9,Det,0.9,12,59,0,11,11,11
CON3-9,SAA,0.9,7,26,0,6,6,6
CON3-9,SAA,0.9,12,67,0,11,11,11
CON3-9,SAA,0.9,10,69,0,9,9,9
CON3-9,SAA,0.9,10,18,0,9,9,9
CON3-9,SAA,0.9,11,21,0,10,10,10
CON3-9,Det,dayfac,11,194,0,10,3,8
CON3-9,Det,dayfac,11,10,0,9,9,9
CON3-9,Det,dayfac,16,299,1,15,7,14
CON3-9,Det,dayfac,12,151,2,11,9,10
CON3-9,SAA,dayfac,7,70,2,6,3,3
CON3-9,SAA,dayfac,12,119,1,11,7,8
CON3-9,SAA,dayfac,10,117,3,9,5,5
CON3-9,SAA,dayfac,10,10,0,9,9,9
CON3-9,SAA,dayfac,11,20,0,9,9,9
CON8-0,Det,0.0,5,95,0,4,1,4
CON8-0,Det,0.0,4,53,0,3,1,3
CON8-0,Det,0.0,7,120,0,6,4,6
CON8-0,Det,0.0,7,115,0,6,3,5
CON8-0,Det,0.0,6,119,0,5,1,4
CON8-0,Det,0.0,6,106,1,5,1,5
CON8-0,Det,0.0,4,43,0,3,1,2
CON8-0,Det,0.0,6,95,1,5,1,3
CON8-0,Det,0.0,5,88,0,4,2,4
CON8-0,SAA,0.0,4,28,0,3,2,2
CON8-0,SAA,0.0,5,36,1,4,2,2
CON8-0,SAA,0.0,4,70,0,3,0,0
CON8-0,SAA,0.0,3,12,0,2,2,2
CON8-0,SAA,0.0,5,18,0,4,4,4
CON8-0,SAA,0.0,3,32,0,2,0,0
CON8-0,SAA,0.0,4,9,0,3,3,3
CON8-0,SAA,0.0,3,9,0,2,2,2
CON8-0,SAA,0.0,5,16,0,4,4,4
CON8-0,SAA,0.0,3,2,0,2,2,2
CON8-0,SAA,0.0,3,48,1,2,0,0
CON8-0,Det,0.3,5,87,0,4,3,4
CON8-0,Det,0.3,4,52,0,3,2,2
CON8-0,Det,0.3,7,111,0,6,2,5
CON8-0,Det,0.3,7,111,0,6,2,5
CON8-0,Det,0.3,6,107,0,5,0,5
CON8-0,Det,0.3,6,95,0,5,2,5
CON8-0,Det,0.3,4,39,0,3,2,2
CON8-0,Det,0.3,6,89,0,5,3,5
CON8-0,Det,0.3,5,84,0,4,0,4
CON8-0,SAA,0.3,4,28,0,3,2,2
CON8-0,SAA,0.3,5,36,0,4,3,3
CON8-0,SAA,0.3,4,66,0,3,0,1
CON8-0,SAA,0.3,3,13,1,2,1,1
CON8-0,SAA,0.3,5,47,0,4,3,3
CON8-0,SAA,0.3,3,25,0,2,1,2
CON8-0,SAA,0.3,4,12,0,3,3,3
CON8-0,SAA,0.3,3,10,0,2,2,2
CON8-0,SAA,0.3,5,23,0,4,3,3
CON8-0,SAA,0.3,3,2,0,2,2,2
CON8-0,SAA,0.3,3,47,0,2,0,1
CON8-0,Det,0.6,5,81,0,4,1,3
CON8-0,Det,0.6,4,47,0,3,1,2
CON8-0,Det,0.6,7,100,0,6,2,5
CON8-0,Det,0.6,7,98,0,6,2,5
CON8-0,Det,0.6,6,95,0,5,2,5
CON8-0,Det,0.6,6,86,0,5,2,4
CON8-0,Det,0.6,4,31,0,3,2,3
CON8-0,Det,0.6,6,60,0,5,4,5
CON8-0,Det,0.6,5,77,0,4,1,4
CON8-0,SAA,0.6,4,19,0,3,2,3
CON8-0,SAA,0.6,5,32,0,4,4,4
CON8-0,SAA,0.6,4,50,0,3,2,3
CON8-0,SAA,0.6,3,6,0,2,2,2
CON8-0,SAA,0.6,5,34,1,4,4,4
CON8-0,SAA,0.6,3,22,0,2,1,1
CON8-0,SAA,0.6,4,11,0,3,3,3
CON8-0,SAA,0.6,3,12,0,2,1,1
CON8-0,SAA,0.6,5,16,0,4,4,4
CON8-0,SAA,0.6,3,3,0,2,2,2
CON8-0,SAA,0.6,3,39,0,2,1,2
CON8-0,Det,0.9,5,66,0,4,2,3
CON8-0,Det,0.9,4,29,0,3,2,3
CON8-0,Det,0.9,7,85,0,6,3,5
CON8-0,Det,0.9,7,74,0,6,3,4
CON8-0,Det,0.9,6,53,0,5,4,5
CON8-0,Det,0.9,6,57,0,5,3,5
CON8-0,Det,0.9,4,21,0,3,3,3
CON8-0,Det,0.9,6,44,0,5,4,4
CON8-0,Det,0.9,5,62,0,4,2,4
CON8-0,SAA,0.9,4,13,0,3,3,3
CON8-0,SAA,0.9,5,14,0,4,4,4
CON8-0,SAA,0.9,4,25,0,3,3,3
CON8-0,SAA,0.9,3,3,0,2,2,2
CON8-0,SAA,0.9,5,15,0,4,4,4
CON8-0,SAA,0.9,3,7,0,2,2,2
CON8-0,SAA,0.9,4,8,0,3,3,3
CON8-0,SAA,0.9,3,3,0,2,2,2
CON8-0,SAA,0.9,5,7,0,4,4,4
CON8-0,SAA,0.9,3,2,0,2,2,2
CON8-0,SAA,0.9,3,24,0,2,2,2
CON8-0,Det,dayfac,5,96,1,4,1,4
CON8-0,Det,dayfac,4,54,0,3,1,3
CON8-0,Det,dayfac,7,121,0,6,3,6
CON8-0,Det,dayfac,7,119,1,6,3,6
CON8-0,Det,dayfac,6,120,0,5,0,3
CON8-0,Det,dayfac,6,109,0,5,0,5
CON8-0,Det,dayfac,4,43,0,3,1,2
CON8-0,Det,dayfac,6,98,0,5,1,4
CON8-0,Det,dayfac,5,93,0,4,0,3
CON8-0,SAA,dayfac,4,30,0,3,2,2
CON8-0,SAA,dayfac,5,45,0,4,3,4
CON8-0,SAA,dayfac,4,72,1,3,0,1
CON8-0,SAA,dayfac,3,21,0,2,1,1
CON8-0,SAA,dayfac,5,49,0,4,2,2
CON8-0,SAA,dayfac,3,44,0,2,0,0
CON8-0,SAA,dayfac,4,13,0,3,2,2
CON8-0,SAA,dayfac,3,26,1,2,0,0
CON8-0,SAA,dayfac,5,28,0,4,3,3
CON8-0,SAA,dayfac,3,10,0,2,2,2
CON8-0,SAA,dayfac,3,48,1,2,0,0
CON8-1,Det,0.0,5,92,0,4,0,4
CON8-1,Det,0.0,5,72,0,4,1,2
CON8-1,Det,0.0,3,48,1,2,0,2
CON8-1,Det,0.0,9,168,1,8,3,6
CON8-1,Det,0.0,6,99,0,5,1,3
CON8-1,Det,0.0,6,86,1,5,2,5
CON8-1,Det,0.0,6,101,0,5,3,5
CON8-1,Det,0.0,6,105,0,5,2,3
CON8-1,Det,0.0,4,72,0,3,0,2
CON8-1,SAA,0.0,3,21,0,2,2,2
CON8-1,SAA,0.0,4,65,0,3,0,0
CON8-1,SAA,0.0,6,78,2,5,3,3
CON8-1,SAA,0.0,6,37,1,5,4,4
CON8-1,SAA,0.0,3,22,0,2,1,1
CON8-1,SAA,0.0,4,46,0,3,1,2
CON8-1,SAA,0.0,4,2,0,2,2,2
CON8-1,SAA,0.0,4,34,0,3,3,3
CON8-1,SAA,0.0,3,36,1,2,0,0
CON8-1,SAA,0.0,3,26,0,2,1,1
CON8-1,SAA,0.0,3,26,0,2,1,2
CON8-1,SAA,0.0,3,14,0,2,2,2
CON8-1,Det,0.3,5,81,0,4,2,4
CON8-1,Det,0.3,5,69,0,4,1,4
CON8-1,Det,0.3,3,45,0,2,0,2
CON8-1,Det,0.3,9,149,0,8,3,6
CON8-1,Det,0.3,6,90,1,5,1,3
CON8-1,Det,0.3,6,81,0,5,2,5
CON8-1,Det,0.3,6,93,0,5,3,5
CON8-1,Det,0.3,6,100,0,5,2,4
CON8-1,Det,0.3,4,68,0,3,0,3
CON8-1,SAA,0.3,3,22,0,2,1,2
CON8-1,SAA,0.3,4,64,0,3,1,1
CON8-1,SAA,0.3,6,81,0,5,3,4
CON8-1,SAA,0.3,6,43,0,5,4,4
CON8-1,SAA,0.3,3,28,0,2,1,1
CON8-1,SAA,0.3,4,46,0,3,2,2
CON8-1,SAA,0.3,4,7,0,3,3,3
CON8-1,SAA,0.3,4,44,0,3,1,1
CON8-1,SAA,0.3,3,30,0,2,1,2
CON8-1,SAA,0.3,3,27,0,2,1,1
CON8-1,SAA,0.3,3,26,0,2,1,2
CON8-1,SAA,0.3,3,18,0,2,2,2
CON8-1,Det,0.6,5,72,0,4,2,4
CON8-1,Det,0.6,5,62,0,4,2,4
CON8-1,Det,0.6,3,41,0,2,1,2
CON8-1,Det,0.6,9,125,0,8,4,8
CON8-1,Det,0.6,6,76,0,5,3,4
CON8-1,Det,0.6,6,74,1,5,2,5
CON8-1,Det,0.6,6,86,0,5,4,5
CON8-1,Det,0.6,6,92,0,5,1,5
CON8-1,Det,0.6,4,60,0,3,1,2
CON8-1,SAA,0.6,3,18,0,2,2,2
CON8-1,SAA,0.6,4,49,0,3,2,2
CON8-1,SAA,0.6,6,60,0,5,5,5
CON8-1,SAA,0.6,6,39,0,5,4,5
CON8-1,SAA,0.6,3,17,0,2,2,2
CON8-1,SAA,0.6,4,41,0,3,2,3
CON8-1,SAA,0.6,4,6,0,3,3,3
CON8-1,SAA,0.6,4,28,0,3,2,3
CON8-1,SAA,0.6,3,25,0,2,1,2
CON8-1,SAA,0.6,3,27,1,2,1,2
CON8-1,SAA,0.6,3,20,0,2,2,2
CON8-1,SAA,0.6,3,13,0,2,2,2
CON8-1,Det,0.9,5,46,0,4,3,4
CON8-1,Det,0.9,5,36,0,4,4,4
CON8-1,Det,0.9,3,33,0,2,1,2
CON8-1,Det,0.9,9,91,0,8,6,7
CON8-1,Det,0.9,6,41,0,4,4,4
CON8-1,Det,0.9,6,57,0,5,4,5
CON8-1,Det,0.9,6,67,0,5,3,5
CON8-1,Det,0.9,6,65,0,5,4,5
CON8-1,Det,0.9,4,35,0,3,3,3
CON8-1,SAA,0.9,3,8,0,2,2,2
CON8-1,SAA,0.9,4,33,0,3,3,3
CON8-1,SAA,0.9,6,30,0,5,5,5
CON8-1,SAA,0.9,6,23,0,5,5,5
CON8-1,SAA,0.9,3,6,0,2,2,2
CON8-1,SAA,0.9,4,31,0,3,3,3
CON8-1,SAA,0.9,4,3,0,3,3,3
CON8-1,SAA,0.9,4,15,0,3,3,3
CON8-1,SAA,0.9,3,9,0,2,2,2
CON8-1,SAA,0.9,3,16,0,2,2,2
CON8-1,SAA,0.9,3,11,0,2,2,2
CON8-1,SAA,0.9,3,8,0,2,2,2
CON8-1,Det,dayfac,5,94,0,4,0,3
CON8-1,Det,dayfac,5,74,0,4,1,2
CON8-1,Det,dayfac,3,48,0,2,1,2
CON8-1,Det,dayfac,9,177,0,8,3,7
CON8-1,Det,dayfac,6,101,0,5,1,2
CON8-1,Det,dayfac,6,89,1,5,1,5
CON8-1,Det,dayfac,6,105,3,5,2,5
CON8-1,Det,dayfac,6,106,0,5,3,4
CON8-1,Det,dayfac,4,72,0,3,0,1
CON8-1,SAA,dayfac,3,34,0,2,0,1
CON8-1,SAA,dayfac,4,72,4,3,0,0
CON8-1,SAA,dayfac,6,91,3,5,3,4
CON8-1,SAA,dayfac,6,46,0,5,4,4
CON8-1,SAA,dayfac,3,35,1,2,1,1
CON8-1,SAA,dayfac,4,51,1,3,1,2
CON8-1,SAA,dayfac,4,4,0,2,2,2
CON8-1,SAA,dayfac,4,56,0,3,1,1
CON8-1,SAA,dayfac,3,47,0,2,0,0
CON8-1,SAA,dayfac,3,29,0,2,1,2
CON8-1,SAA,dayfac,3,33,0,2,1,2
CON8-1,SAA,dayfac,3,23,0,2,1,2
CON8-2,Det,0.0,5,96,0,4,1,4
CON8-2,Det,0.0,5,80,0,4,1,3
CON8-2,Det,0.0,8,168,0,7,1,5
CON8-2,Det,0.0,5,60,0,4,1,3
CON8-2,Det,0.0,7,81,0,6,5,5
CON8-2,Det,0.0,5,96,0,4,0,3
CON8-2,Det,0.0,6,97,0,5,3,5
CON8-2,Det,0.0,5,63,0,4,3,4
CON8-2,Det,0.0,4,72,1,3,0,2
CON8-2,SAA,0.0,3,15,0,2,2,2
CON8-2,SAA,0.0,5,11,0,4,4,4
CON8-2,SAA,0.0,3,48,0,2,0,1
CON8-2,SAA,0.0,4,42,0,3,2,2
CON8-2,SAA,0.0,3,25,0,2,2,2
CON8-2,SAA,0.0,3,32,0,2,1,1
CON8-2,SAA,0.0,3,17,0,2,2,2
CON8-2,SAA,0.0,4,0,0,0,0,0
CON8-2,SAA,0.0,3,44,0,2,0,0
CON8-2,SAA,0.0,7,46,0,6,5,5
CON8-2,SAA,0.0,4,39,0,3,2,2
CON8-2,SAA,0.0,3,47,0,2,1,1
CON8-2,SAA,0.0,3,27,1,2,2,2
CON8-2,Det,0.3,5,92,0,4,0,4
CON8-2,Det,0.3,5,74,0,4,1,4
CON8-2,Det,0.3,8,153,0,7,1,7
CON8-2,Det,0.3,5,52,1,4,3,3
CON8-2,Det,0.3,7,72,0,6,4,5
CON8-2,Det,0.3,5,95,0,4,1,4
CON8-2,Det,0.3,6,87,0,5,3,5
CON8-2,Det,0.3,5,58,0,4,3,4
CON8-2,Det,0.3,4,65,0,3,0,2
CON8-2,SAA,0.3,3,22,0,2,1,2
CON8-2,SAA,0.3,5,22,0,4,4,4
CON8-2,SAA,0.3,3,40,0,2,1,2
CON8-2,SAA,0.3,4,44,0,3,2,2
CON8-2,SAA,0.3,3,31,0,2,0,1
CON8-2,SAA,0.3,3,30,0,2,1,1
CON8-2,SAA,0.3,3,15,0,2,2,2
CON8-2,SAA,0.3,4,3,0,3,3,3
CON8-2,SAA,0.3,3,41,1,2,0,1
CON8-2,SAA,0.3,7,58,1,6,4,4
CON8-2,SAA,0.3,4,39,0,3,2,2
CON8-2,SAA,0.3,3,40,0,2,1,1
CON8-2,SAA,0.3,3,26,0,2,1,1
CON8-2,Det,0.6,5,82,0,4,1,3
CON8-2,Det,0.6,5,70,0,4,1,4
CON8-2,Det,0.6,8,129,0,7,2,7
CON8-2,Det,0.6,5,45,0,4,2,4
CON8-2,Det,0.6,7,70,0,6,4,6
CON8-2,Det,0.6,5,86,0,4,1,4
CON8-2,Det,0.6,6,74,0,5,3,5
CON8-2,Det,0.6,5,54,0,4,2,3
CON8-2,Det,0.6,4,56,0,3,1,3
CON8-2,SAA,0.6,3,17,0,2,2,2
CON8-2,SAA,0.6,5,15,0,4,4,4
CON8-2,SAA,0.6,3,32,0,2,2,2
CON8-2,SAA,0.6,4,42,0,3,2,2
CON8-2,SAA,0.6,3,23,0,2,1,1
CON8-2,SAA,0.6,3,26,0,2,1,2
CON8-2,SAA,0.6,3,13,0,2,2,2
CON8-2,SAA,0.6,4,3,0,3,3,3
CON8-2,SAA,0.6,3,32,0,2,1,2
CON8-2,SAA,0.6,7,47,0,6,6,6
CON8-2,SAA,0.6,4,37,0,3,2,3
CON8-2,SAA,0.6,3,37,0,2,1,1
CON8-2,SAA,0.6,3,23,0,2,2,2
CON8-2,Det,0.9,5,63,0,4,3,4
CON8-2,Det,0.9,5,51,0,4,2,3
CON8-2,Det,0.9,8,97,0,7,6,7
CON8-2,Det,0.9,5,25,0,4,4,4
CON8-2,Det,0.9,7,49,0,6,5,6
CON8-2,Det,0.9,5,61,0,4,4,4
CON8-2,Det,0.9,6,49,0,5,4,5
CON8-2,Det,0.9,5,42,0,2,1,2
CON8-2,Det,0.9,4,25,0,3,3,3
CON8-2,SAA,0.9,3,8,0,2,2,2
CON8-2,SAA,0.9,5,10,0,4,4,4
CON8-2,SAA,0.9,3,13,0,2,2,2
CON8-2,SAA,0.9,4,24,0,3,3,3
CON8-2,SAA,0.9,3,14,0,2,2,2
CON8-2,SAA,0.9,3,13,0,2,2,2
CON8-2,SAA,0.9,3,4,0,2,2,2
CON8-2,SAA,0.9,4,3,0,3,3,3
CON8-2,SAA,0.9,3,17,0,2,2,2
CON8-2,SAA,0.9,7,20,0,6,6,6
CON8-2,SAA,0.9,4,20,0,3,3,3
CON8-2,SAA,0.9,3,25,0,2,2,2
CON8-2,SAA,0.9,3,12,0,2,2,2
CON8-2,Det,dayfac,5,96,0,4,0,4
CON8-2,Det,dayfac,5,81,0,4,2,3
CON8-2,Det,dayfac,8,168,0,7,2,7
CON8-2,Det,dayfac,5,64,0,4,1,3
CON8-2,Det,dayfac,7,90,0,6,4,6
CON8-2,Det,dayfac,5,96,0,4,0,3
CON8-2,Det,dayfac,6,99,1,5,1,4
CON8-2,Det,dayfac,5,66,0,4,3,4
CON8-2,Det,dayfac,4,72,0,3,0,2
CON8-2,SAA,dayfac,3,38,0,2,0,1
CON8-2,SAA,dayfac,5,16,1,4,4,4
CON8-2,SAA,dayfac,3,48,1,2,0,1
CON8-2,SAA,dayfac,4,55,0,3,1,2
CON8-2,SAA,dayfac,3,47,1,2,0,0
CON8-2,SAA,dayfac,3,44,0,2,0,0
CON8-2,SAA,dayfac,3,24,0,2,1,1
CON8-2,SAA,dayfac,4,2,0,2,2,2
CON8-2,SAA,dayfac,3,48,0,2,0,0
CON8-2,SAA,dayfac,7,75,0,6,1,1
CON8-2,SAA,dayfac,4,49,1,3,1,1
CON8-2,SAA,dayfac,3,48,2,2,1,1
CON8-2,SAA,dayfac,3,29,1,2,1,1
CON8-3,Det,0.0,5,93,0,4,0,4
CON8-3,Det,0.0,4,70,0,3,0,3
CON8-3,Det,0.0,5,96,0,4,2,4
CON8-3,Det,0.0,3,46,0,2,0,2
CON8-3,Det,0.0,9,138,0,8,3,5
CON8-3,Det,0.0,6,111,0,5,1,5
CON8-3,Det,0.0,6,85,0,5,3,5
CON8-3,Det,0.0,8,142,0,7,3,6
CON8-3,SAA,0.0,4,30,0,3,1,1
CON8-3,SAA,0.0,5,69,0,4,1,1
CON8-3,SAA,0.0,7,14,0,6,6,6
CON8-3,SAA,0.0,4,17,0,3,3,3
CON8-3,SAA,0.0,3,13,0,2,2,2
CON8-3,SAA,0.0,4,63,2,3,0,0
CON8-3,SAA,0.0,3,20,0,2,1,1
CON8-3,SAA,0.0,5,50,1,3,1,1
CON8-3,SAA,0.0,4,72,1,3,0,0
CON8-3,Det,0.3,5,84,0,4,1,4
CON8-3,Det,0.3,4,68,0,3,1,3
CON8-3,Det,0.3,5,91,0,4,2,4
CON8-3,Det,0.3,3,41,0,2,1,2
CON8-3,Det,0.3,9,121,0,8,4,8
CON8-3,Det,0.3,6,102,0,5,3,5
CON8-3,Det,0.3,6,79,0,5,2,5
CON8-3,Det,0.3,8,126,0,7,3,7
CON8-3,SAA,0.3,4,24,0,3,2,3
CON8-3,SAA,0.3,5,63,2,4,2,2
CON8-3,SAA,0.3,7,49,0,6,5,6
CON8-3,SAA,0.3,4,24,0,3,2,3
CON8-3,SAA,0.3,3,20,0,2,2,2
CON8-3,SAA,0.3,4,56,0,3,1,1
CON8-3,SAA,0.3,3,18,0,2,1,2
CON8-3,SAA,0.3,5,43,0,4,2,2
CON8-3,SAA,0.3,4,72,0,3,1,2
CON8-3,Det,0.6,5,76,0,4,2,4
CON8-3,Det,0.6,4,55,0,3,2,3
CON8-3,Det,0.6,5,86,0,4,2,4
CON8-3,Det,0.6,3,37,0,2,1,2
CON8-3,Det,0.6,9,101,0,8,8,8
CON8-3,Det,0.6,6,90,0,5,2,5
CON8-3,Det,0.6,6,70,0,5,3,5
CON8-3,Det,0.6,8,113,0,7,4,7
CON8-3,SAA,0.6,4,23,0,3,3,3
CON8-3,SAA,0.6,5,60,1,4,2,4
CON8-3,SAA,0.6,7,39,0,6,5,6
CON8-3,SAA,0.6,4,20,0,3,3,3
CON8-3,SAA,0.6,3,15,0,2,2,2
CON8-3,SAA,0.6,4,48,1,3,1,3
CON8-3,SAA,0.6,3,15,0,2,2,2
CON8-3,SAA,0.6,5,30,0,4,4,4
CON8-3,SAA,0.6,4,52,0,3,2,3
CON8-3,Det,0.9,5,60,0,4,2,3
CON8-3,Det,0.9,4,36,0,3,2,3
CON8-3,Det,0.9,5,71,0,4,2,4
CON8-3,Det,0.9,3,25,0,2,2,2
CON8-3,Det,0.9,9,48,0,8,8,8
CON8-3,Det,0.9,6,69,0,5,3,4
CON8-3,Det,0.9,6,54,0,5,3,5
CON8-3,Det,0.9,8,93,0,7,4,4
CON8-3,SAA,0.9,4,14,0,3,3,3
CON8-3,SAA,0.9,5,37,0,4,4,4
CON8-3,SAA,0.9,7,27,0,6,6,6
CON8-3,SAA,0.9,4,13,0,3,3,3
CON8-3,SAA,0.9,3,8,0,2,2,2
CON8-3,SAA,0.9,4,30,0,3,3,3
CON8-3,SAA,0.9,3,6,0,2,2,2
CON8-3,SAA,0.9,5,12,0,4,4,4
CON8-3,SAA,0.9,4,22,0,3,3,3
CON8-3,Det,dayfac,5,96,0,4,1,3
CON8-3,Det,dayfac,4,72,1,3,0,2
CON8-3,Det,dayfac,5,96,1,4,3,3
CON8-3,Det,dayfac,3,48,0,2,0,1
CON8-3,Det,dayfac,9,154,0,8,3,5
CON8-3,Det,dayfac,6,116,1,5,1,4
CON8-3,Det,dayfac,6,87,0,5,3,5
CON8-3,Det,dayfac,8,151,0,7,5,6
CON8-3,SAA,dayfac,4,39,0,3,1,1
CON8-3,SAA,dayfac,5,72,0,4,1,1
CON8-3,SAA,dayfac,7,59,0,6,3,3
CON8-3,SAA,dayfac,4,34,0,3,2,2
CON8-3,SAA,dayfac,3,25,0,2,1,2
CON8-3,SAA,dayfac,4,71,3,3,0,1
CON8-3,SAA,dayfac,3,25,0,2,1,1
CON8-3,SAA,dayfac,5,53,1,4,2,2
CON8-3,SAA,dayfac,4,72,3,3,0,1
CON8-4,Det,0.0,6,114,0,5,0,4
CON8-4,Det,0.0,5,85,0,4,3,4
CON8-4,Det,0.0,9,179,1,8,1,3
CON8-4,Det,0.0,4,72,0,3,0,2
CON8-4,Det,0.0,5,92,0,4,1,4
CON8-4,Det,0.0,4,71,0,3,1,3
CON8-4,Det,0.0,4,69,0,3,1,3
CON8-4,Det,0.0,8,105,1,7,5,7
CON8-4,Det,0.0,5,96,0,4,0,3
CON8-4,SAA,0.0,3,7,0,2,2,2
CON8-4,SAA,0.0,3,18,0,2,1,2
CON8-4,SAA,0.0,6,43,0,5,3,3
CON8-4,SAA,0.0,3,10,0,2,1,1
CON8-4,SAA,0.0,8,68,0,7,7,7
CON8-4,SAA,0.0,3,10,0,2,2,2
CON8-4,SAA,0.0,4,26,0,3,2,2
CON8-4,SAA,0.0,5,44,0,4,3,3
CON8-4,SAA,0.0,3,6,0,2,2,2
CON8-4,SAA,0.0,3,34,0,2,1,1
CON8-4,SAA,0.0,3,35,0,2,1,2
CON8-4,Det,0.3,6,97,0,5,3,5
CON8-4,Det,0.3,5,81,0,4,1,4
CON8-4,Det,0.3,9,152,0,8,4,8
CON8-4,Det,0.3,4,70,0,3,0,2
CON8-4,Det,0.3,5,86,0,4,0,4
CON8-4,Det,0.3,4,68,0,3,0,3
CON8-4,Det,0.3,4,59,0,3,1,3
CON8-4,Det,0.3,8,99,0,7,5,7
CON8-4,Det,0.3,5,92,0,4,0,4
CON8-4,SAA,0.3,3,11,1,2,2,2
CON8-4,SAA,0.3,3,16,0,2,2,2
CON8-4,SAA,0.3,6,62,0,5,3,4
CON8-4,SAA,0.3,3,16,0,2,1,1
CON8-4,SAA,0.3,8,83,0,7,4,5
CON8-4,SAA,0.3,3,13,0,2,2,2
CON8-4,SAA,0.3,4,30,0,3,2,2
CON8-4,SAA,0.3,5,53,0,4,3,4
CON8-4,SAA,0.3,3,9,0,2,2,2
CON8-4,SAA,0.3,3,32,0,2,2,2
CON8-4,SAA,0.3,3,31,0,2,1,2
CON8-4,Det,0.6,6,77,0,5,3,5
CON8-4,Det,0.6,5,76,0,4,2,4
CON8-4,Det,0.6,9,110,0,8,5,8
CON8-4,Det,0.6,4,65,0,3,0,2
CON8-4,Det,0.6,5,72,0,4,2,4
CON8-4,Det,0.6,4,61,0,3,1,3
CON8-4,Det,0.6,4,52,0,3,2,3
CON8-4,Det,0.6,8,90,0,7,4,7
CON8-4,Det,0.6,5,85,0,4,1,2
CON8-4,SAA,0.6,3,12,0,2,2,2
CON8-4,SAA,0.6,3,15,0,2,2,2
CON8-4,SAA,0.6,6,56,0,5,5,5
CON8-4,SAA,0.6,3,10,0,2,2,2
CON8-4,SAA,0.6,8,69,0,7,7,7
CON8-4,SAA,0.6,3,9,0,2,2,2
CON8-4,SAA,0.6,4,22,0,3,2,3
CON8-4,SAA,0.6,5,41,0,4,4,4
CON8-4,SAA,0.6,3,7,0,2,2,2
CON8-4,SAA,0.6,3,32,0,2,1,2
CON8-4,SAA,0.6,3,23,0,2,2,2
CON8-4,Det,0.9,6,51,0,5,4,5
CON8-4,Det,0.9,5,67,0,4,2,4
CON8-4,Det,0.9,9,68,0,8,7,8
CON8-4,Det,0.9,4,51,0,3,2,3
CON8-4,Det,0.9,5,51,0,4,3,4
CON8-4,Det,0.9,4,48,0,3,1,2
CON8-4,Det,0.9,4,32,0,3,3,3
CON8-4,Det,0.9,8,81,0,7,4,6
CON8-4,Det,0.9,5,59,0,4,2,4
CON8-4,SAA,0.9,3,6,0,2,2,2
CON8-4,SAA,0.9,3,7,0,2,2,2
CON8-4,SAA,0.9,6,26,0,5,5,5
CON8-4,SAA,0.9,3,3,0,2,2,2
CON8-4,SAA,0.9,8,33,0,7,7,7
CON8-4,SAA,0.9,3,4,0,2,2,2
CON8-4,SAA,0.9,4,11,0,3,3,3
CON8-4,SAA,0.9,5,19,0,4,4,4
CON8-4,SAA,0.9,3,6,0,2,2,2
CON8-4,SAA,0.9,3,18,0,2,2,2
CON8-4,SAA,0.9,3,15,0,2,2,2
CON8-4,Det,dayfac,6,120,0,5,0,4
CON8-4,Det,dayfac,5,88,0,4,3,4
CON8-4,Det,dayfac,9,181,0,8,1,5
CON8-4,Det,dayfac,4,72,0,3,0,3
CON8-4,Det,dayfac,5,94,0,4,0,4
CON8-4,Det,dayfac,4,72,0,3,0,2
CON8-4,Det,dayfac,4,72,0,3,1,1
CON8-4,Det,dayfac,8,109,1,7,5,6
CON8-4,Det,dayfac,5,96,0,4,0,3
CON8-4,SAA,dayfac,3,26,0,2,1,1
CON8-4,SAA,dayfac,3,30,0,2,2,2
CON8-4,SAA,dayfac,6,74,1,5,2,2
CON8-4,SAA,dayfac,3,26,0,2,1,1
CON8-4,SAA,dayfac,8,117,3,7,4,5
CON8-4,SAA,dayfac,3,31,0,2,2,2
CON8-4,SAA,dayfac,4,34,1,3,2,2
CON8-4,SAA,dayfac,5,65,0,4,1,3
CON8-4,SAA,dayfac,3,11,0,2,2,2
CON8-4,SAA,dayfac,3,41,0,2,1,1
CON8-4,SAA,dayfac,3,41,0,2,0,1
CON8-5,Det,0.0,6,120,0,5,2,5
CON8-5,Det,0.0,4,53,0,3,1,2
CON8-5,Det,0.0,5,92,0,4,1,4
CON8-5,Det,0.0,7,110,0,6,3,5
CON8-5,Det,0.0,6,96,0,5,2,5
CON8-5,Det,0.0,6,104,0,5,1,5
CON8-5,Det,0.0,3,30,0,2,1,2
CON8-5,Det,0.0,9,162,0,8,3,5
CON8-5,Det,0.0,4,72,0,3,0,3
CON8-5,SAA,0.0,5,51,0,4,2,3
CON8-5,SAA,0.0,4,23,0,3,2,2
CON8-5,SAA,0.0,4,17,0,3,3,3
CON8-5,SAA,0.0,4,11,0,3,3,3
CON8-5,SAA,0.0,3,11,0,2,2,2
CON8-5,SAA,0.0,4,49,1,3,1,1
CON8-5,SAA,0.0,5,0,0,0,0,0
CON8-5,SAA,0.0,5,66,0,4,2,2
CON8-5,SAA,0.0,3,11,0,2,2,2
CON8-5,SAA,0.0,3,48,0,2,0,0
CON8-5,SAA,0.0,4,28,0,3,2,2
CON8-5,Det,0.3,6,119,0,5,1,3
CON8-5,Det,0.3,4,53,0,3,1,3
CON8-5,Det,0.3,5,75,0,4,2,3
CON8-5,Det,0.3,7,107,0,6,4,6
CON8-5,Det,0.3,6,86,0,5,3,5
CON8-5,Det,0.3,6,97,0,5,1,3
CON8-5,Det,0.3,3,23,0,2,2,2
CON8-5,Det,0.3,9,137,0,8,4,5
CON8-5,Det,0.3,4,71,0,3,0,2
CON8-5,SAA,0.3,5,52,0,4,2,3
CON8-5,SAA,0.3,4,27,0,3,2,3
CON8-5,SAA,0.3,4,23,0,3,2,3
CON8-5,SAA,0.3,4,23,0,3,2,3
CON8-5,SAA,0.3,3,18,0,2,1,1
CON8-5,SAA,0.3,4,47,0,3,1,2
CON8-5,SAA,0.3,5,12,0,4,4,4
CON8-5,SAA,0.3,5,58,0,4,1,1
CON8-5,SAA,0.3,3,15,0,2,1,1
CON8-5,SAA,0.3,3,48,1,2,0,0
CON8-5,SAA,0.3,4,31,1,3,3,3
CON8-5,Det,0.6,6,104,0,5,1,5
CON8-5,Det,0.6,4,51,0,3,1,3
CON8-5,Det,0.6,5,61,0,4,3,3
CON8-5,Det,0.6,7,102,0,6,2,6
CON8-5,Det,0.6,6,75,0,5,3,5
CON8-5,Det,0.6,6,89,0,5,1,5
CON8-5,Det,0.6,3,19,0,2,2,2
CON8-5,Det,0.6,9,103,0,8,6,8
CON8-5,Det,0.6,4,62,0,3,2,3
CON8-5,SAA,0.6,5,43,0,4,3,4
CON8-5,SAA,0.6,4,19,0,3,3,3
CON8-5,SAA,0.6,4,17,0,3,3,3
CON8-5,SAA,0.6,4,18,0,3,3,3
CON8-5,SAA,0.6,3,13,0,2,2,2
CON8-5,SAA,0.6,4,38,0,3,2,3
CON8-5,SAA,0.6,5,6,0,4,4,4
CON8-5,SAA,0.6,5,54,0,4,2,4
CON8-5,SAA,0.6,3,15,0,2,2,2
CON8-5,SAA,0.6,3,45,0,2,0,2
CON8-5,SAA,0.6,4,25,0,3,2,3
CON8-5,Det,0.9,6,76,0,5,3,3
CON8-5,Det,0.9,4,44,0,3,1,3
CON8-5,Det,0.9,5,34,0,4,4,4
CON8-5,Det,0.9,7,89,0,6,3,5
CON8-5,Det,0.9,6,56,0,5,4,5
CON8-5,Det,0.9,6,59,0,5,4,5
CON8-5,Det,0.9,3,12,0,2,2,2
CON8-5,Det,0.9,9,52,0,8,6,8
CON8-5,Det,0.9,4,40,0,3,2,3
CON8-5,SAA,0.9,5,26,0,4,4,4
CON8-5,SAA,0.9,4,9,0,3,3,3
CON8-5,SAA,0.9,4,9,0,3,3,3
CON8-5,SAA,0.9,4,9,0,3,3,3
CON8-5,SAA,0.9,3,5,0,2,2,2
CON8-5,SAA,0.9,4,18,0,3,3,3
CON8-5,SAA,0.9,5,4,0,4,4,4
CON8-5,SAA,0.9,5,20,0,4,4,4
CON8-5,SAA,0.9,3,8,0,2,2,2
CON8-5,SAA,0.9,3,21,0,2,2,2
CON8-5,SAA,0.9,4,11,0,3,3,3
CON8-5,Det,dayfac,6,120,0,5,2,5
CON8-5,Det,dayfac,4,53,0,3,2,3
CON8-5,Det,dayfac,5,94,1,4,0,2
CON8-5,Det,dayfac,7,115,1,6,2,6
CON8-5,Det,dayfac,6,108,0,5,1,5
CON8-5,Det,dayfac,6,108,0,5,1,3
CON8-5,Det,dayfac,3,30,0,2,0,1
CON8-5,Det,dayfac,9,172,0,8,3,6
CON8-5,Det,dayfac,4,72,0,3,1,3
CON8-5,SAA,dayfac,5,54,1,4,2,3
CON8-5,SAA,dayfac,4,44,2,3,1,1
CON8-5,SAA,dayfac,4,25,0,3,2,3
CON8-5,SAA,dayfac,4,30,0,3,2,2
CON8-5,SAA,dayfac,3,25,0,2,2,2
CON8-5,SAA,dayfac,4,52,1,3,1,1
CON8-5,SAA,dayfac,5,7,0,3,3,3
CON8-5,SAA,dayfac,5,89,2,4,0,0
CON8-5,SAA,dayfac,3,20,0,2,1,1
CON8-5,SAA,dayfac,3,48,2,2,1,1
CON8-5,SAA,dayfac,4,32,0,3,2,2
CON8-6,Det,0.0,6,116,0,5,1,4
CON8-6,Det,0.0,7,141,0,6,1,3
CON8-6,Det,0.0,5,78,1,4,2,3
CON8-6,Det,0.0,4,71,0,3,1,1
CON8-6,Det,0.0,6,113,0,5,1,4
CON8-6,Det,0.0,4,64,0,3,0,2
CON8-6,Det,0.0,8,154,0,7,2,6
CON8-6,Det,0.0,8,144,1,7,3,7
CON8-6,SAA,0.0,5,26,0,4,4,4
CON8-6,SAA,0.0,3,36,0,2,0,2
CON8-6,SAA,0.0,4,19,0,3,3,3
CON8-6,SAA,0.0,5,31,0,2,0,0
CON8-6,SAA,0.0,4,51,1,3,1,1
CON8-6,SAA,0.0,5,62,1,4,1,2
CON8-6,SAA,0.0,7,0,0,0,0,0
CON8-6,SAA,0.0,4,6,0,3,3,3
CON8-6,SAA,0.0,4,50,0,3,0,1
CON8-6,Det,0.3,6,97,0,5,2,5
CON8-6,Det,0.3,7,127,0,6,2,6
CON8-6,Det,0.3,5,76,0,4,2,3
CON8-6,Det,0.3,4,68,0,3,1,2
CON8-6,Det,0.3,6,104,0,5,1,3
CON8-6,Det,0.3,4,55,0,3,0,3
CON8-6,Det,0.3,8,149,0,7,3,6
CON8-6,Det,0.3,8,141,0,7,2,7
CON8-6,SAA,0.3,5,26,0,4,4,4
CON8-6,SAA,0.3,3,29,0,2,2,2
CON8-6,SAA,0.3,4,25,0,3,2,3
CON8-6,SAA,0.3,5,27,0,4,4,4
CON8-6,SAA,0.3,4,53,0,3,1,2
CON8-6,SAA,0.3,5,62,1,4,2,2
CON8-6,SAA,0.3,7,12,0,6,6,6
CON8-6,SAA,0.3,4,5,0,3,3,3
CON8-6,SAA,0.3,4,53,1,3,1,2
CON8-6,Det,0.6,6,88,0,5,3,5
CON8-6,Det,0.6,7,104,0,6,1,6
CON8-6,Det,0.6,5,67,0,4,1,3
CON8-6,Det,0.6,4,56,0,3,1,3
CON8-6,Det,0.6,6,87,0,5,2,5
CON8-6,Det,0.6,4,44,0,3,2,3
CON8-6,Det,0.6,8,142,0,7,1,7
CON8-6,Det,0.6,8,131,0,7,2,7
CON8-6,SAA,0.6,5,20,0,4,4,4
CON8-6,SAA,0.6,3,23,0,2,2,2
CON8-6,SAA,0.6,4,21,0,3,3,3
CON8-6,SAA,0.6,5,24,0,4,3,4
CON8-6,SAA,0.6,4,42,0,3,3,3
CON8-6,SAA,0.6,5,47,0,4,2,4
CON8-6,SAA,0.6,7,14,0,6,6,6
CON8-6,SAA,0.6,4,7,0,3,3,3
CON8-6,SAA,0.6,4,43,1,3,3,3
CON8-6,Det,0.9,6,56,0,5,5,5
CON8-6,Det,0.9,7,71,0,6,5,6
CON8-6,Det,0.9,5,45,0,4,3,4
CON8-6,Det,0.9,4,40,0,3,2,3
CON8-6,Det,0.9,6,59,0,5,4,5
CON8-6,Det,0.9,4,24,0,3,3,3
CON8-6,Det,0.9,8,98,0,7,4,7
CON8-6,Det,0.9,8,115,0,7,4,6
CON8-6,SAA,0.9,5,12,0,4,4,4
CON8-6,SAA,0.9,3,14,0,2,2,2
CON8-6,SAA,0.9,4,13,0,3,3,3
CON8-6,SAA,0.9,5,9,0,4,4,4
CON8-6,SAA,0.9,4,31,0,3,3,3
CON8-6,SAA,0.9,5,23,0,4,4,4
CON8-6,SAA,0.9,7,6,0,6,6,6
CON8-6,SAA,0.9,4,4,0,3,3,3
CON8-6,SAA,0.9,4,26,0,3,3,3
CON8-6,Det,dayfac,6,119,0,5,1,4
CON8-6,Det,dayfac,7,144,0,6,1,5
CON8-6,Det,dayfac,5,79,0,4,1,4
CON8-6,Det,dayfac,4,72,0,3,1,3
CON8-6,Det,dayfac,6,117,0,5,1,5
CON8-6,Det,dayfac,4,65,1,3,1,1
CON8-6,Det,dayfac,8,157,3,7,3,7
CON8-6,Det,dayfac,8,145,1,7,2,7
CON8-6,SAA,dayfac,5,41,0,4,2,2
CON8-6,SAA,dayfac,3,46,0,2,0,2
CON8-6,SAA,dayfac,4,34,0,3,2,2
CON8-6,SAA,dayfac,5,45,1,3,2,2
CON8-6,SAA,dayfac,4,57,0,3,0,1
CON8-6,SAA,dayfac,5,73,2,4,1,1
CON8-6,SAA,dayfac,7,0,0,0,0,0
CON8-6,SAA,dayfac,4,7,0,2,2,2
CON8-6,SAA,dayfac,4,72,0,3,0,0
CON8-7,Det,0.0,4,55,0,3,1,2
CON8-7,Det,0.0,6,103,0,5,1,4
CON8-7,Det,0.0,6,93,0,5,1,4
CON8-7,Det,0.0,4,62,1,3,1,2
CON8-7,Det,0.0,7,118,0,6,5,6
CON8-7,Det,0.0,6,115,0,5,1,3
CON8-7,Det,0.0,5,96,0,4,1,4
CON8-7,Det,0.0,8,141,2,7,2,6
CON8-7,Det,0.0,4,72,0,3,0,3
CON8-7,SAA,0.0,7,87,1,5,0,0
CON8-7,SAA,0.0,4,10,0,2,2,2
CON8-7,SAA,0.0,4,19,0,3,2,2
CON8-7,SAA,0.0,5,96,3,4,0,0
CON8-7,SAA,0.0,4,34,1,3,2,2
CON8-7,SAA,0.0,4,2,0,2,2,2
CON8-7,SAA,0.0,4,39,0,3,2,2
CON8-7,SAA,0.0,4,16,0,3,3,3
CON8-7,SAA,0.0,4,47,0,3,1,2
CON8-7,SAA,0.0,3,1,0,1,1,1
CON8-7,Det,0.3,4,56,0,3,2,3
CON8-7,Det,0.3,6,93,0,5,4,5
CON8-7,Det,0.3,6,85,0,5,2,3
CON8-7,Det,0.3,4,53,0,3,2,3
CON8-7,Det,0.3,7,103,0,6,2,6
CON8-7,Det,0.3,6,110,0,5,1,4
CON8-7,Det,0.3,5,94,0,4,1,3
CON8-7,Det,0.3,8,110,0,7,5,6
CON8-7,Det,0.3,4,71,0,3,0,2
CON8-7,SAA,0.3,7,76,0,6,2,4
CON8-7,SAA,0.3,4,9,0,3,3,3
CON8-7,SAA,0.3,4,29,0,3,3,3
CON8-7,SAA,0.3,5,86,0,4,1,3
CON8-7,SAA,0.3,4,35,0,3,2,2
CON8-7,SAA,0.3,4,7,0,3,3,3
CON8-7,SAA,0.3,4,38,0,3,2,2
CON8-7,SAA,0.3,4,16,0,3,3,3
CON8-7,SAA,0.3,4,38,1,3,2,3
CON8-7,SAA,0.3,3,3,0,2,2,2
CON8-7,Det,0.6,4,44,0,3,2,3
CON8-7,Det,0.6,6,71,0,5,3,5
CON8-7,Det,0.6,6,72,1,5,3,4
CON8-7,Det,0.6,4,40,0,3,2,3
CON8-7,Det,0.6,7,91,0,6,3,5
CON8-7,Det,0.6,6,102,0,5,2,4
CON8-7,Det,0.6,5,88,0,4,0,4
CON8-7,Det,0.6,8,87,0,7,5,7
CON8-7,Det,0.6,4,69,0,3,0,2
CON8-7,SAA,0.6,7,65,0,6,5,6
CON8-7,SAA,0.6,4,7,0,3,3,3
CON8-7,SAA,0.6,4,21,0,3,3,3
CON8-7,SAA,0.6,5,68,0,4,2,3
CON8-7,SAA,0.6,4,27,0,3,2,3
CON8-7,SAA,0.6,4,6,0,3,3,3
CON8-7,SAA,0.6,4,37,0,3,3,3
CON8-7,SAA,0.6,4,11,0,3,3,3
CON8-7,SAA,0.6,4,31,0,3,3,3
CON8-7,SAA,0.6,3,2,0,2,2,2
CON8-7,Det,0.9,4,27,0,3,3,3
CON8-7,Det,0.9,6,48,0,5,5,5
CON8-7,Det,0.9,6,40,0,5,5,5
CON8-7,Det,0.9,4,22,0,3,3,3
CON8-7,Det,0.9,7,69,0,6,3,5
CON8-7,Det,0.9,6,78,0,5,2,4
CON8-7,Det,0.9,5,64,0,4,2,4
CON8-7,Det,0.9,8,47,0,7,6,7
CON8-7,Det,0.9,4,55,0,3,1,3
CON8-7,SAA,0.9,7,38,0,6,6,6
CON8-7,SAA,0.9,4,3,0,3,3,3
CON8-7,SAA,0.9,4,14,0,3,3,3
CON8-7,SAA,0.9,5,38,0,4,4,4
CON8-7,SAA,0.9,4,11,0,3,3,3
CON8-7,SAA,0.9,4,4,0,3,3,3
CON8-7,SAA,0.9,4,18,0,3,3,3
CON8-7,SAA,0.9,4,7,0,3,3,3
CON8-7,SAA,0.9,4,14,0,3,3,3
CON8-7,SAA,0.9,3,2,0,2,2,2
CON8-7,Det,dayfac,4,63,2,3,1,3
CON8-7,Det,dayfac,6,114,0,5,1,2
CON8-7,Det,dayfac,6,103,1,5,0,4
CON8-7,Det,dayfac,4,69,1,3,0,1
CON8-7,Det,dayfac,7,124,0,6,3,4
CON8-7,Det,dayfac,6,117,1,5,1,4
CON8-7,Det,dayfac,5,96,0,4,1,4
CON8-7,Det,dayfac,8,155,1,7,1,5
CON8-7,Det,dayfac,4,72,0,3,0,2
CON8-7,SAA,dayfac,7,120,3,6,1,1
CON8-7,SAA,dayfac,4,13,0,2,1,1
CON8-7,SAA,dayfac,4,42,0,3,2,2
CON8-7,SAA,dayfac,5,96,0,4,0,0
CON8-7,SAA,dayfac,4,56,0,3,0,1
CON8-7,SAA,dayfac,4,3,0,2,2,2
CON8-7,SAA,dayfac,4,50,0,3,1,2
CON8-7,SAA,dayfac,4,22,0,3,3,3
CON8-7,SAA,dayfac,4,49,1,3,1,2
CON8-7,SAA,dayfac,3,4,0,2,2,2
CON8-8,Det,0.0,5,96,0,4,0,2
CON8-8,Det,0.0,7,118,0,6,1,3
CON8-8,Det,0.0,4,71,1,3,0,1
CON8-8,Det,0.0,5,93,0,4,1,4
CON8-8,Det,0.0,9,140,0,8,2,6
CON8-8,Det,0.0,4,49,0,3,1,2
CON8-8,Det,0.0,5,91,0,4,1,2
CON8-8,Det,0.0,6,71,0,5,4,4
CON8-8,Det,0.0,5,96,0,4,0,3
CON8-8,SAA,0.0,4,55,1,3,1,3
CON8-8,SAA,0.0,6,31,0,5,4,4
CON8-8,SAA,0.0,4,28,0,3,2,2
CON8-8,SAA,0.0,3,2,0,2,2,2
CON8-8,SAA,0.0,3,32,0,2,1,2
CON8-8,SAA,0.0,3,0,0,0,0,0
CON8-8,SAA,0.0,4,39,0,3,1,1
CON8-8,SAA,0.0,5,74,1,4,3,3
CON8-8,SAA,0.0,3,29,0,2,0,0
CON8-8,SAA,0.0,6,4,0,4,4,4
CON8-8,SAA,0.0,3,48,0,2,0,0
CON8-8,Det,0.3,5,96,0,4,0,4
CON8-8,Det,0.3,7,107,0,6,1,5
CON8-8,Det,0.3,4,68,0,3,0,2
CON8-8,Det,0.3,5,88,0,4,1,4
CON8-8,Det,0.3,9,106,0,8,5,8
CON8-8,Det,0.3,4,48,0,3,2,2
CON8-8,Det,0.3,5,83,0,4,1,4
CON8-8,Det,0.3,6,61,0,5,3,5
CON8-8,Det,0.3,5,92,0,4,0,4
CON8-8,SAA,0.3,4,52,0,3,2,2
CON8-8,SAA,0.3,6,52,0,5,4,5
CON8-8,SAA,0.3,4,34,0,3,2,3
CON8-8,SAA,0.3,3,2,0,2,2,2
CON8-8,SAA,0.3,3,24,0,2,1,1
CON8-8,SAA,0.3,3,2,0,2,2,2
CON8-8,SAA,0.3,4,45,0,3,2,3
CON8-8,SAA,0.3,5,61,2,4,3,3
CON8-8,SAA,0.3,3,29,0,2,1,2
CON8-8,SAA,0.3,6,32,0,5,5,5
CON8-8,SAA,0.3,3,42,1,2,0,1
CON8-8,Det,0.6,5,91,0,4,1,4
CON8-8,Det,0.6,7,88,0,6,3,5
CON8-8,Det,0.6,4,61,0,3,0,2
CON8-8,Det,0.6,5,81,0,4,1,4
CON8-8,Det,0.6,9,87,0,8,6,7
CON8-8,Det,0.6,4,43,1,3,2,3
CON8-8,Det,0.6,5,70,0,4,2,4
CON8-8,Det,0.6,6,54,0,5,4,5
CON8-8,Det,0.6,5,82,0,4,1,4
CON8-8,SAA,0.6,4,41,0,3,3,3
CON8-8,SAA,0.6,6,40,0,5,5,5
CON8-8,SAA,0.6,4,31,0,3,2,3
CON8-8,SAA,0.6,3,2,0,2,2,2
CON8-8,SAA,0.6,3,20,0,2,2,2
CON8-8,SAA,0.6,3,2,0,2,2,2
CON8-8,SAA,0.6,4,36,0,3,3,3
CON8-8,SAA,0.6,5,39,0,4,3,4
CON8-8,SAA,0.6,3,20,0,2,2,2
CON8-8,SAA,0.6,6,30,0,5,5,5
CON8-8,SAA,0.6,3,33,1,2,1,1
CON8-8,Det,0.9,5,62,0,4,3,4
CON8-8,Det,0.9,7,37,0,5,4,5
CON8-8,Det,0.9,4,38,0,3,3,3
CON8-8,Det,0.9,5,60,0,4,2,4
CON8-8,Det,0.9,9,39,0,7,7,7
CON8-8,Det,0.9,4,33,0,3,3,3
CON8-8,Det,0.9,5,46,0,4,3,4
CON8-8,Det,0.9,6,38,0,5,4,4
CON8-8,Det,0.9,5,60,0,4,2,4
CON8-8,SAA,0.9,4,23,0,3,3,3
CON8-8,SAA,0.9,6,22,0,5,5,5
CON8-8,SAA,0.9,4,12,0,3,3,3
CON8-8,SAA,0.9,3,2,0,2,2,2
CON8-8,SAA,0.9,3,9,0,2,2,2
CON8-8,SAA,0.9,3,2,0,2,2,2
CON8-8,SAA,0.9,4,17,0,3,3,3
CON8-8,SAA,0.9,5,22,0,4,4,4
CON8-8,SAA,0.9,3,13,0,2,2,2
CON8-8,SAA,0.9,6,11,0,5,5,5
CON8-8,SAA,0.9,3,18,0,2,2,2
CON8-8,Det,dayfac,5,96,0,4,0,3
CON8-8,Det,dayfac,7,120,0,6,2,3
CON8-8,Det,dayfac,4,72,0,3,1,2
CON8-8,Det,dayfac,5,95,0,4,1,3
CON8-8,Det,dayfac,9,146,0,8,2,4
CON8-8,Det,dayfac,4,52,0,3,1,3
CON8-8,Det,dayfac,5,96,0,4,0,3
CON8-8,Det,dayfac,6,80,0,5,4,5
CON8-8,Det,dayfac,5,96,0,4,0,2
CON8-8,SAA,dayfac,4,66,2,3,1,3
CON8-8,SAA,dayfac,6,61,0,5,3,4
CON8-8,SAA,dayfac,4,49,0,3,1,1
CON8-8,SAA,dayfac,3,2,0,2,2,2
CON8-8,SAA,dayfac,3,44,0,2,0,2
CON8-8,SAA,dayfac,3,0,0,0,0,0
CON8-8,SAA,dayfac,4,57,1,3,1,1
CON8-8,SAA,dayfac,5,80,2,4,1,3
CON8-8,SAA,dayfac,3,47,1,2,0,0
CON8-8,SAA,dayfac,6,10,0,5,4,4
CON8-8,SAA,dayfac,3,48,0,2,0,0
CON8-9,Det,0.0,8,102,0,6,4,5
CON8-9,Det,0.0,6,89,0,5,2,5
CON8-9,Det,0.0,5,74,0,4,2,4
CON8-9,Det,0.0,8,148,0,7,1,4
CON8-9,Det,0.0,4,68,0,3,0,2
CON8-9,Det,0.0,5,96,2,4,3,4
CON8-9,Det,0.0,4,72,0,3,1,3
CON8-9,Det,0.0,5,72,0,4,2,3
CON8-9,Det,0.0,5,93,0,4,0,4
CON8-9,SAA,0.0,3,8,0,2,2,2
CON8-9,SAA,0.0,5,41,0,4,3,3
CON8-9,SAA,0.0,3,26,0,2,1,1
CON8-9,SAA,0.0,5,26,0,4,3,3
CON8-9,SAA,0.0,4,72,1,3,0,1
CON8-9,SAA,0.0,4,49,0,3,1,2
CON8-9,SAA,0.0,3,41,0,2,1,2
CON8-9,SAA,0.0,3,16,0,2,1,1
CON8-9,SAA,0.0,5,19,0,4,3,3
CON8-9,SAA,0.0,3,0,0,0,0,0
CON8-9,SAA,0.0,3,5,0,2,2,2
CON8-9,SAA,0.0,4,50,1,3,1,1
CON8-9,SAA,0.0,3,48,0,2,0,1
CON8-9,Det,0.3,8,94,0,7,4,6
CON8-9,Det,0.3,6,89,0,5,2,5
CON8-9,Det,0.3,5,64,0,4,2,3
CON8-9,Det,0.3,8,139,0,7,1,7
CON8-9,Det,0.3,4,64,0,3,0,3
CON8-9,Det,0.3,5,96,0,4,0,4
CON8-9,Det,0.3,4,71,0,3,1,3
CON8-9,Det,0.3,5,65,0,4,2,3
CON8-9,Det,0.3,5,83,0,4,1,4
CON8-9,SAA,0.3,3,13,0,2,2,2
CON8-9,SAA,0.3,5,47,1,4,4,4
CON8-9,SAA,0.3,3,26,0,2,1,2
CON8-9,SAA,0.3,5,36,0,4,3,4
CON8-9,SAA,0.3,4,72,1,3,0,1
CON8-9,SAA,0.3,4,42,0,3,2,3
CON8-9,SAA,0.3,3,36,0,2,1,2
CON8-9,SAA,0.3,3,14,0,2,1,1
CON8-9,SAA,0.3,5,22,0,4,4,4
CON8-9,SAA,0.3,3,3,0,2,2,2
CON8-9,SAA,0.3,3,9,0,2,2,2
CON8-9,SAA,0.3,4,50,1,3,1,1
CON8-9,SAA,0.3,3,42,0,2,0,2
CON8-9,Det,0.6,8,86,0,7,5,7
CON8-9,Det,0.6,6,72,0,5,3,5
CON8-9,Det,0.6,5,55,0,4,2,3
CON8-9,Det,0.6,8,121,0,7,3,7
CON8-9,Det,0.6,4,61,0,3,1,3
CON8-9,Det,0.6,5,95,0,4,0,4
CON8-9,Det,0.6,4,69,0,3,1,2
CON8-9,Det,0.6,5,61,0,4,3,3
CON8-9,Det,0.6,5,72,0,4,1,4
CON8-9,SAA,0.6,3,12,0,2,2,2
CON8-9,SAA,0.6,5,41,0,4,3,4
CON8-9,SAA,0.6,3,20,0,2,2,2
CON8-9,SAA,0.6,5,34,0,4,4,4
CON8-9,SAA,0.6,4,70,0,3,0,2
CON8-9,SAA,0.6,4,29,0,3,3,3
CON8-9,SAA,0.6,3,30,0,2,2,2
CON8-9,SAA,0.6,3,10,0,2,2,2
CON8-9,SAA,0.6,5,23,0,4,4,4
CON8-9,SAA,0.6,3,3,0,2,2,2
CON8-9,SAA,0.6,3,9,0,2,2,2
CON8-9,SAA,0.6,4,43,0,3,2,3
CON8-9,SAA,0.6,3,33,0,2,2,2
CON8-9,Det,0.9,8,53,0,6,6,6
CON8-9,Det,0.9,6,57,0,5,5,5
CON8-9,Det,0.9,5,34,0,4,4,4
CON8-9,Det,0.9,8,96,0,7,4,7
CON8-9,Det,0.9,4,47,0,3,2,3
CON8-9,Det,0.9,5,88,0,4,0,2
CON8-9,Det,0.9,4,49,0,3,2,2
CON8-9,Det,0.9,5,42,0,4,4,4
CON8-9,Det,0.9,5,51,0,4,3,4
CON8-9,SAA,0.9,3,5,0,2,2,2
CON8-9,SAA,0.9,5,21,0,4,4,4
CON8-9,SAA,0.9,3,11,0,2,2,2
CON8-9,SAA,0.9,5,19,0,4,4,4
CON8-9,SAA,0.9,4,46,0,3,3,3
CON8-9,SAA,0.9,4,15,0,3,3,3
CON8-9,SAA,0.9,3,21,0,2,2,2
CON8-9,SAA,0.9,3,3,0,2,2,2
CON8-9,SAA,0.9,5,17,0,4,4,4
CON8-9,SAA,0.9,3,2,0,2,2,2
CON8-9,SAA,0.9,3,3,0,2,2,2
CON8-9,SAA,0.9,4,26,0,3,3,3
CON8-9,SAA,0.9,3,15,0,2,2,2
CON8-9,Det,dayfac,8,106,0,6,2,6
CON8-9,Det,dayfac,6,100,0,5,3,4
CON8-9,Det,dayfac,5,78,0,4,2,4
CON8-9,Det,dayfac,8,149,0,7,2,6
CON8-9,Det,dayfac,4,72,0,3,0,3
CON8-9,Det,dayfac,5,96,3,4,3,4
CON8-9,Det,dayfac,4,72,0,3,1,3
CON8-9,Det,dayfac,5,79,0,4,1,4
CON8-9,Det,dayfac,5,94,0,4,0,3
CON8-9,SAA,dayfac,3,23,0,2,1,1
CON8-9,SAA,dayfac,5,59,2,4,1,1
CON8-9,SAA,dayfac,3,39,0,2,1,1
CON8-9,SAA,dayfac,5,41,0,4,3,3
CON8-9,SAA,dayfac,4,72,6,3,1,1
CON8-9,SAA,dayfac,4,49,1,3,1,2
CON8-9,SAA,dayfac,3,47,0,2,0,1
CON8-9,SAA,dayfac,3,23,0,2,1,2
CON8-9,SAA,dayfac,5,30,0,4,3,3
CON8-9,SAA,dayfac,3,3,0,2,2,2
CON8-9,SAA,dayfac,3,29,1,2,2,2
CON8-9,SAA,dayfac,4,54,3,3,1,1
CON8-9,SAA,dayfac,3,48,0,2,0,1
SCA3-0,Det,0.0,12,166,0,11,10,10
SCA3-0,Det,0.0,17,376,0,16,4,15
SCA3-0,Det,0.0,10,0,0,0,0,0
SCA3-0,Det,0.0,11,186,0,10,4,8
SCA3-0,SAA,0.0,13,76,0,12,11,11
SCA3-0,SAA,0.0,10,0,0,0,0,0
SCA3-0,SAA,0.0,9,61,0,7,4,4
SCA3-0,SAA,0.0,11,32,0,10,10,10
SCA3-0,SAA,0.0,7,13,0,6,6,6
SCA3-0,Det,0.3,12,152,0,11,8,11
SCA3-0,Det,0.3,17,347,0,16,1,14
SCA3-0,Det,0.3,10,39,0,8,7,7
SCA3-0,Det,0.3,11,158,0,10,7,10
SCA3-0,SAA,0.3,13,108,0,12,11,11
SCA3-0,SAA,0.3,10,39,0,8,7,7
SCA3-0,SAA,0.3,9,74,1,8,6,6
SCA3-0,SAA,0.3,11,69,0,10,9,10
SCA3-0,SAA,0.3,7,49,0,6,5,5
SCA3-0,Det,0.6,12,128,0,11,9,11
SCA3-0,Det,0.6,17,299,0,16,4,15
SCA3-0,Det,0.6,10,38,0,9,9,9
SCA3-0,Det,0.6,11,139,0,10,9,10
SCA3-0,SAA,0.6,13,101,0,12,11,12
SCA3-0,SAA,0.6,10,38,0,9,9,9
SCA3-0,SAA,0.6,9,60,0,8,7,8
SCA3-0,SAA,0.6,11,72,0,10,10,10
SCA3-0,SAA,0.6,7,45,0,6,6,6
SCA3-0,Det,0.9,12,96,0,11,11,11
SCA3-0,Det,0.9,17,216,0,16,10,11
SCA3-0,Det,0.9,10,22,0,9,9,9
SCA3-0,Det,0.9,11,94,0,10,9,10
SCA3-0,SAA,0.9,13,58,0,12,12,12
SCA3-0,SAA,0.9,10,22,0,9,9,9
SCA3-0,SAA,0.9,9,39,0,8,8,8
SCA3-0,SAA,0.9,11,47,0,10,10,10
SCA3-0,SAA,0.9,7,35,0,6,6,6
SCA3-0,Det,dayfac,12,181,0,11,6,11
SCA3-0,Det,dayfac,17,380,0,16,3,15
SCA3-0,Det,dayfac,10,19,0,8,8,8
SCA3-0,Det,dayfac,11,211,1,10,2,5
SCA3-0,SAA,dayfac,13,141,2,12,8,8
SCA3-0,SAA,dayfac,10,19,0,8,8,8
SCA3-0,SAA,dayfac,9,84,1,8,5,5
SCA3-0,SAA,dayfac,11,89,0,10,7,7
SCA3-0,SAA,dayfac,7,78,1,6,2,2
SCA3-1,Det,0.0,16,61,0,13,11,11
SCA3-1,Det,0.0,15,317,0,14,3,12
SCA3-1,Det,0.0,15,297,0,14,2,11
SCA3-1,Det,0.0,4,0,0,0,0,0
SCA3-1,SAA,0.0,14,0,0,0,0,0
SCA3-1,SAA,0.0,12,41,0,11,10,10
SCA3-1,SAA,0.0,7,6,0,4,4,4
SCA3-1,SAA,0.0,9,61,0,8,6,6
SCA3-1,SAA,0.0,8,49,0,7,5,5
SCA3-1,Det,0.3,16,104,0,15,13,14
SCA3-1,Det,0.3,15,271,0,14,5,14
SCA3-1,Det,0.3,15,236,0,14,7,13
SCA3-1,Det,0.3,4,3,0,3,3,3
SCA3-1,SAA,0.3,14,71,0,13,11,11
SCA3-1,SAA,0.3,12,93,0,11,9,10
SCA3-1,SAA,0.3,7,28,0,6,5,5
SCA3-1,SAA,0.3,9,96,0,8,7,7
SCA3-1,SAA,0.3,8,74,0,7,5,5
SCA3-1,Det,0.6,16,105,0,15,14,15
SCA3-1,Det,0.6,15,229,0,14,8,14
SCA3-1,Det,0.6,15,183,0,14,9,14
SCA3-1,Det,0.6,4,3,0,3,3,3
SCA3-1,SAA,0.6,14,70,0,13,13,13
SCA3-1,SAA,0.6,12,77,0,11,11,11
SCA3-1,SAA,0.6,7,23,0,6,6,6
SCA3-1,SAA,0.6,9,75,0,8,8,8
SCA3-1,SAA,0.6,8,65,0,7,6,7
SCA3-1,Det,0.9,16,65,0,15,15,15
SCA3-1,Det,0.9,15,175,0,14,11,14
SCA3-1,Det,0.9,15,108,0,14,13,14
SCA3-1,Det,0.9,4,3,0,3,3,3
SCA3-1,SAA,0.9,14,36,0,13,13,13
SCA3-1,SAA,0.9,12,45,0,11,11,11
SCA3-1,SAA,0.9,7,12,0,6,6,6
SCA3-1,SAA,0.9,9,46,0,8,8,8
SCA3-1,SAA,0.9,8,43,0,7,7,7
SCA3-1,Det,dayfac,16,82,0,14,12,12
SCA3-1,Det,dayfac,15,327,0,14,4,11
SCA3-1,Det,dayfac,15,302,0,14,2,12
SCA3-1,Det,dayfac,4,4,0,2,2,2
SCA3-1,SAA,dayfac,14,28,0,11,10,10
SCA3-1,SAA,dayfac,12,67,0,11,9,9
SCA3-1,SAA,dayfac,7,38,0,6,4,4
SCA3-1,SAA,dayfac,9,128,1,8,5,5
SCA3-1,SAA,dayfac,8,80,0,7,4,4
SCA3-2,Det,0.0,14,312,0,13,2,12
SCA3-2,Det,0.0,12,0,0,0,0,0
SCA3-2,Det,0.0,13,256,0,12,5,12
SCA3-2,Det,0.0,11,76,1,10,7,7
SCA3-2,SAA,0.0,11,0,0,0,0,0
SCA3-2,SAA,0.0,11,72,0,10,8,8
SCA3-2,SAA,0.0,10,64,1,9,7,7
SCA3-2,SAA,0.0,9,54,0,8,4,4
SCA3-2,SAA,0.0,9,52,0,8,6,6
SCA3-2,Det,0.3,14,266,0,13,4,13
SCA3-2,Det,0.3,12,103,0,11,8,11
SCA3-2,Det,0.3,13,227,0,12,3,12
SCA3-2,Det,0.3,11,99,0,10,8,10
SCA3-2,SAA,0.3,11,51,0,10,10,10
SCA3-2,SAA,0.3,11,102,0,10,8,8
SCA3-2,SAA,0.3,10,117,0,9,7,9
SCA3-2,SAA,0.3,9,103,0,8,5,7
SCA3-2,SAA,0.3,9,88,0,8,6,6
SCA3-2,Det,0.6,14,221,0,13,6,11
SCA3-2,Det,0.6,12,75,0,11,10,11
SCA3-2,Det,0.6,13,199,1,12,6,12
SCA3-2,Det,0.6,11,86,0,10,9,10
SCA3-2,SAA,0.6,11,61,0,10,9,10
SCA3-2,SAA,0.6,11,86,0,10,9,10
SCA3-2,SAA,0.6,10,101,0,9,7,9
SCA3-2,SAA,0.6,9,87,0,8,8,8
SCA3-2,SAA,0.6,9,85,0,8,7,8
SCA3-2,Det,0.9,14,161,0,13,9,9
SCA3-2,Det,0.9,12,46,0,11,11,11
SCA3-2,Det,0.9,13,144,0,11,7,11
SCA3-2,Det,0.9,11,68,0,10,10,10
SCA3-2,SAA,0.9,11,38,0,10,10,10
SCA3-2,SAA,0.9,11,48,0,10,10,10
SCA3-2,SAA,0.9,10,71,0,9,9,9
SCA3-2,SAA,0.9,9,48,0,8,8,8
SCA3-2,SAA,0.9,9,50,0,8,8,8
SCA3-2,Det,dayfac,14,312,2,13,5,12
SCA3-2,Det,dayfac,12,33,0,11,11,11
SCA3-2,Det,dayfac,13,261,1,12,6,12
SCA3-2,Det,dayfac,11,110,4,10,7,9
SCA3-2,SAA,dayfac,11,18,0,10,10,10
SCA3-2,SAA,dayfac,11,133,3,10,5,5
SCA3-2,SAA,dayfac,10,169,2,9,3,3
SCA3-2,SAA,dayfac,9,124,1,8,3,4
SCA3-2,SAA,dayfac,9,116,0,8,4,6
SCA3-3,Det,0.0,13,276,1,12,4,10
SCA3-3,Det,0.0,19,301,0,18,10,18
SCA3-3,Det,0.0,12,252,1,11,1,5
SCA3-3,Det,0.0,6,0,0,0,0,0
SCA3-3,SAA,0.0,10,32,0,9,9,9
SCA3-3,SAA,0.0,8,27,0,7,7,7
SCA3-3,SAA,0.0,11,22,0,10,10,10
SCA3-3,SAA,0.0,9,25,0,8,8,8
SCA3-3,SAA,0.0,12,0,0,0,0,0
SCA3-3,Det,0.3,13,246,0,12,3,12
SCA3-3,Det,0.3,19,255,0,18,10,17
SCA3-3,Det,0.3,12,206,0,11,5,10
SCA3-3,Det,0.3,6,0,0,0,0,0
SCA3-3,SAA,0.3,10,105,0,9,7,9
SCA3-3,SAA,0.3,8,68,1,7,5,5
SCA3-3,SAA,0.3,11,66,0,10,9,9
SCA3-3,SAA,0.3,9,81,0,8,5,7
SCA3-3,SAA,0.3,12,41,1,11,10,10
SCA3-3,Det,0.6,13,208,0,12,5,12
SCA3-3,Det,0.6,19,210,0,17,13,17
SCA3-3,Det,0.6,12,143,0,11,8,11
SCA3-3,Det,0.6,6,0,0,0,0,0
SCA3-3,SAA,0.6,10,73,0,9,8,9
SCA3-3,SAA,0.6,8,49,0,7,7,7
SCA3-3,SAA,0.6,11,70,1,10,10,10
SCA3-3,SAA,0.6,9,60,0,8,8,8
SCA3-3,SAA,0.6,12,57,0,11,10,11
SCA3-3,Det,0.9,13,154,0,12,10,12
SCA3-3,Det,0.9,19,148,0,15,13,15
SCA3-3,Det,0.9,12,75,0,11,10,11
SCA3-3,Det,0.9,6,5,0,5,5,5
SCA3-3,SAA,0.9,10,44,0,9,9,9
SCA3-3,SAA,0.9,8,27,0,7,7,7
SCA3-3,SAA,0.9,11,44,0,10,10,10
SCA3-3,SAA,0.9,9,38,0,8,8,8
SCA3-3,SAA,0.9,12,35,0,11,11,11
SCA3-3,Det,dayfac,13,285,2,12,2,12
SCA3-3,Det,dayfac,19,311,1,18,9,17
SCA3-3,Det,dayfac,12,260,0,11,2,10
SCA3-3,Det,dayfac,6,0,0,0,0,0
SCA3-3,SAA,dayfac,10,127,0,9,8,8
SCA3-3,SAA,dayfac,8,101,0,7,5,6
SCA3-3,SAA,dayfac,11,57,0,10,8,8
SCA3-3,SAA,dayfac,9,103,1,8,5,6
SCA3-3,SAA,dayfac,12,17,0,11,11,11
SCA3-4,Det,0.0,4,0,0,0,0,0
SCA3-4,Det,0.0,16,351,0,15,0,12
SCA3-4,Det,0.0,15,330,0,14,2,13
SCA3-4,Det,0.0,15,283,0,14,8,11
SCA3-4,SAA,0.0,10,0,0,0,0,0
SCA3-4,SAA,0.0,7,18,0,6,6,6
SCA3-4,SAA,0.0,8,59,0,7,5,5
SCA3-4,SAA,0.0,12,0,0,0,0,0
SCA3-4,SAA,0.0,13,63,0,12,10,10
SCA3-4,Det,0.3,4,0,0,0,0,0
SCA3-4,Det,0.3,16,300,0,15,4,14
SCA3-4,Det,0.3,15,301,0,14,3,11
SCA3-4,Det,0.3,15,236,0,14,9,14
SCA3-4,SAA,0.3,10,10,0,9,9,9
SCA3-4,SAA,0.3,7,56,0,6,4,5
SCA3-4,SAA,0.3,8,76,1,7,6,6
SCA3-4,SAA,0.3,12,101,0,11,9,10
SCA3-4,SAA,0.3,13,100,0,12,9,10
SCA3-4,Det,0.6,4,0,0,0,0,0
SCA3-4,Det,0.6,16,241,0,15,9,15
SCA3-4,Det,0.6,15,261,0,14,4,14
SCA3-4,Det,0.6,15,194,0,14,11,14
SCA3-4,SAA,0.6,10,15,0,9,9,9
SCA3-4,SAA,0.6,7,52,0,6,5,6
SCA3-4,SAA,0.6,8,64,0,7,7,7
SCA3-4,SAA,0.6,12,91,0,11,11,11
SCA3-4,SAA,0.6,13,91,0,12,10,12
SCA3-4,Det,0.9,4,3,0,3,3,3
SCA3-4,Det,0.9,16,165,0,15,13,15
SCA3-4,Det,0.9,15,186,0,14,12,13
SCA3-4,Det,0.9,15,127,0,14,13,14
SCA3-4,SAA,0.9,10,11,0,9,9,9
SCA3-4,SAA,0.9,7,28,0,6,6,6
SCA3-4,SAA,0.9,8,39,0,7,7,7
SCA3-4,SAA,0.9,12,66,0,11,11,11
SCA3-4,SAA,0.9,13,63,0,12,12,12
SCA3-4,Det,dayfac,4,0,0,0,0,0
SCA3-4,Det,dayfac,16,357,0,15,1,13
SCA3-4,Det,dayfac,15,335,2,14,4,14
SCA3-4,Det,dayfac,15,299,2,14,4,13
SCA3-4,SAA,dayfac,10,0,0,0,0,0
SCA3-4,SAA,dayfac,7,73,1,6,3,3
SCA3-4,SAA,dayfac,8,91,0,7,5,5
SCA3-4,SAA,dayfac,12,82,0,11,7,7
SCA3-4,SAA,dayfac,13,109,1,12,7,7
SCA3-5,Det,0.0,17,376,0,16,6,14
SCA3-5,Det,0.0,16,283,0,15,5,14
SCA3-5,Det,0.0,13,257,1,12,1,11
SCA3-5,Det,0.0,4,0,0,0,0,0
SCA3-5,SAA,0.0,12,88,0,11,8,8
SCA3-5,SAA,0.0,9,26,0,8,8,8
SCA3-5,SAA,0.0,8,0,0,0,0,0
SCA3-5,SAA,0.0,13,27,0,11,10,10
SCA3-5,SAA,0.0,8,27,0,7,6,6
SCA3-5,Det,0.3,17,345,0,16,2,16
SCA3-5,Det,0.3,16,248,0,15,8,15
SCA3-5,Det,0.3,13,232,0,12,4,11
SCA3-5,Det,0.3,4,0,0,0,0,0
SCA3-5,SAA,0.3,12,151,1,11,7,8
SCA3-5,SAA,0.3,9,62,0,8,6,8
SCA3-5,SAA,0.3,8,22,0,7,7,7
SCA3-5,SAA,0.3,13,86,0,12,10,11
SCA3-5,SAA,0.3,8,57,1,7,6,7
SCA3-5,Det,0.6,17,288,0,16,5,13
SCA3-5,Det,0.6,16,223,0,15,9,14
SCA3-5,Det,0.6,13,197,0,12,5,10
SCA3-5,Det,0.6,4,0,0,0,0,0
SCA3-5,SAA,0.6,12,114,0,11,10,11
SCA3-5,SAA,0.6,9,57,0,8,8,8
SCA3-5,SAA,0.6,8,22,0,7,7,7
SCA3-5,SAA,0.6,13,73,0,12,11,12
SCA3-5,SAA,0.6,8,50,0,7,6,7
SCA3-5,Det,0.9,17,232,0,16,8,14
SCA3-5,Det,0.9,16,155,0,15,13,15
SCA3-5,Det,0.9,13,136,0,11,9,11
SCA3-5,Det,0.9,4,0,0,0,0,0
SCA3-5,SAA,0.9,12,61,0,11,11,11
SCA3-5,SAA,0.9,9,28,0,8,8,8
SCA3-5,SAA,0.9,8,13,0,7,7,7
SCA3-5,SAA,0.9,13,54,0,12,12,12
SCA3-5,SAA,0.9,8,30,0,7,7,7
SCA3-5,Det,dayfac,17,380,2,16,5,16
SCA3-5,Det,dayfac,16,301,1,15,7,14
SCA3-5,Det,dayfac,13,261,0,12,1,11
SCA3-5,Det,dayfac,4,0,0,0,0,0
SCA3-5,SAA,dayfac,12,175,9,11,5,6
SCA3-5,SAA,dayfac,9,78,0,8,6,6
SCA3-5,SAA,dayfac,8,15,0,7,7,7
SCA3-5,SAA,dayfac,13,73,0,12,9,9
SCA3-5,SAA,dayfac,8,69,1,7,5,5
SCA3-6,Det,0.0,13,60,0,11,10,10
SCA3-6,Det,0.0,11,201,0,10,2,10
SCA3-6,Det,0.0,10,0,0,0,0,0
SCA3-6,Det,0.0,16,297,0,15,4,13
SCA3-6,SAA,0.0,11,37,0,10,8,8
SCA3-6,SAA,0.0,9,16,0,7,6,6
SCA3-6,SAA,0.0,12,20,0,8,8,8
SCA3-6,SAA,0.0,9,0,0,0,0,0
SCA3-6,SAA,0.0,9,0,0,0,0,0
SCA3-6,Det,0.3,13,122,0,12,10,11
SCA3-6,Det,0.3,11,178,1,10,5,10
SCA3-6,Det,0.3,10,24,0,9,9,9
SCA3-6,Det,0.3,16,255,0,15,6,15
SCA3-6,SAA,0.3,11,85,0,10,8,10
SCA3-6,SAA,0.3,9,60,0,8,6,6
SCA3-6,SAA,0.3,12,95,0,11,6,10
SCA3-6,SAA,0.3,9,14,0,7,7,7
SCA3-6,SAA,0.3,9,27,0,8,8,8
SCA3-6,Det,0.6,13,103,0,12,11,12
SCA3-6,Det,0.6,11,140,0,10,7,10
SCA3-6,Det,0.6,10,30,0,9,9,9
SCA3-6,Det,0.6,16,213,0,15,9,15
SCA3-6,SAA,0.6,11,76,0,10,10,10
SCA3-6,SAA,0.6,9,57,0,8,8,8
SCA3-6,SAA,0.6,12,75,0,11,11,11
SCA3-6,SAA,0.6,9,19,0,8,8,8
SCA3-6,SAA,0.6,9,26,0,8,8,8
SCA3-6,Det,0.9,13,63,0,12,12,12
SCA3-6,Det,0.9,11,93,0,10,9,10
SCA3-6,Det,0.9,10,16,0,9,9,9
SCA3-6,Det,0.9,16,131,0,14,11,13
SCA3-6,SAA,0.9,11,54,0,10,10,10
SCA3-6,SAA,0.9,9,37,0,8,8,8
SCA3-6,SAA,0.9,12,37,0,11,11,11
SCA3-6,SAA,0.9,9,14,0,8,8,8
SCA3-6,SAA,0.9,9,15,0,8,8,8
SCA3-6,Det,dayfac,13,90,0,11,9,9
SCA3-6,Det,dayfac,11,208,2,10,4,10
SCA3-6,Det,dayfac,10,26,0,9,9,9
SCA3-6,Det,dayfac,16,300,2,15,2,15
SCA3-6,SAA,dayfac,11,105,1,10,7,7
SCA3-6,SAA,dayfac,9,56,0,8,7,7
SCA3-6,SAA,dayfac,12,111,0,11,8,8
SCA3-6,SAA,dayfac,9,8,0,6,6,6
SCA3-6,SAA,dayfac,9,28,0,8,8,8
SCA3-7,Det,0.0,5,0,0,0,0,0
SCA3-7,Det,0.0,14,276,0,13,4,13
SCA3-7,Det,0.0,16,355,0,15,4,12
SCA3-7,Det,0.0,15,301,0,14,3,11
SCA3-7,SAA,0.0,9,43,1,8,7,7
SCA3-7,SAA,0.0,7,26,0,6,5,5
SCA3-7,SAA,0.0,11,42,0,10,9,9
SCA3-7,SAA,0.0,12,74,0,10,10,10
SCA3-7,SAA,0.0,11,79,0,10,7,7
SCA3-7,Det,0.3,5,0,0,0,0,0
SCA3-7,Det,0.3,14,241,0,13,6,13
SCA3-7,Det,0.3,16,299,0,15,4,13
SCA3-7,Det,0.3,15,233,0,14,9,11
SCA3-7,SAA,0.3,9,75,0,8,6,8
SCA3-7,SAA,0.3,7,51,0,6,5,5
SCA3-7,SAA,0.3,11,103,1,10,7,9
SCA3-7,SAA,0.3,12,143,0,11,6,9
SCA3-7,SAA,0.3,11,107,0,10,7,10
SCA3-7,Det,0.6,5,0,0,0,0,0
SCA3-7,Det,0.6,14,206,0,13,8,12
SCA3-7,Det,0.6,16,263,0,15,7,15
SCA3-7,Det,0.6,15,177,0,14,10,14
SCA3-7,SAA,0.6,9,62,0,8,7,8
SCA3-7,SAA,0.6,7,51,0,6,6,6
SCA3-7,SAA,0.6,11,81,1,10,9,10
SCA3-7,SAA,0.6,12,111,0,11,10,11
SCA3-7,SAA,0.6,11,94,0,10,9,10
SCA3-7,Det,0.9,5,4,0,4,4,4
SCA3-7,Det,0.9,14,152,0,13,9,13
SCA3-7,Det,0.9,16,184,0,15,14,15
SCA3-7,Det,0.9,15,111,0,14,12,14
SCA3-7,SAA,0.9,9,36,0,8,8,8
SCA3-7,SAA,0.9,7,33,0,6,6,6
SCA3-7,SAA,0.9,11,45,0,10,10,10
SCA3-7,SAA,0.9,12,55,0,11,11,11
SCA3-7,SAA,0.9,11,61,0,10,10,10
SCA3-7,Det,dayfac,5,0,0,0,0,0
SCA3-7,Det,dayfac,14,286,0,13,1,13
SCA3-7,Det,dayfac,16,359,0,15,3,14
SCA3-7,Det,dayfac,15,309,0,14,3,11
SCA3-7,SAA,dayfac,9,71,2,8,6,6
SCA3-7,SAA,dayfac,7,85,0,6,2,3
SCA3-7,SAA,dayfac,11,132,1,10,4,6
SCA3-7,SAA,dayfac,12,176,1,11,3,3
SCA3-7,SAA,dayfac,11,121,2,10,6,7
SCA3-8,Det,0.0,11,5,0,5,5,5
SCA3-8,Det,0.0,17,369,0,16,3,12
SCA3-8,Det,0.0,15,303,2,14,5,14
SCA3-8,Det,0.0,7,0,0,0,0,0
SCA3-8,SAA,0.0,14,63,0,13,11,11
SCA3-8,SAA,0.0,11,0,0,0,0,0
SCA3-8,SAA,0.0,8,14,0,6,5,5
SCA3-8,SAA,0.0,9,0,0,0,0,0
SCA3-8,SAA,0.0,8,7,0,6,6,6
SCA3-8,Det,0.3,11,58,1,10,9,10
SCA3-8,Det,0.3,17,316,0,16,3,12
SCA3-8,Det,0.3,15,273,0,14,4,14
SCA3-8,Det,0.3,7,0,0,0,0,0
SCA3-8,SAA,0.3,14,115,3,13,7,12
SCA3-8,SAA,0.3,11,10,0,10,10,10
SCA3-8,SAA,0.3,8,56,1,7,6,6
SCA3-8,SAA,0.3,9,21,0,8,8,8
SCA3-8,SAA,0.3,8,52,0,7,6,6
SCA3-8,Det,0.6,11,45,0,10,10,10
SCA3-8,Det,0.6,17,277,0,16,7,12
SCA3-8,Det,0.6,15,237,0,14,6,12
SCA3-8,Det,0.6,7,0,0,0,0,0
SCA3-8,SAA,0.6,14,87,0,13,13,13
SCA3-8,SAA,0.6,11,16,0,10,10,10
SCA3-8,SAA,0.6,8,45,0,7,7,7
SCA3-8,SAA,0.6,9,23,0,8,8,8
SCA3-8,SAA,0.6,8,53,0,7,7,7
SCA3-8,Det,0.9,11,32,0,10,10,10
SCA3-8,Det,0.9,17,188,1,16,12,16
SCA3-8,Det,0.9,15,174,0,14,8,12
SCA3-8,Det,0.9,7,6,0,6,6,6
SCA3-8,SAA,0.9,14,52,0,13,13,13
SCA3-8,SAA,0.9,11,14,0,10,10,10
SCA3-8,SAA,0.9,8,22,0,7,7,7
SCA3-8,SAA,0.9,9,13,0,8,8,8
SCA3-8,SAA,0.9,8,33,0,7,7,7
SCA3-8,Det,dayfac,11,27,0,9,9,9
SCA3-8,Det,dayfac,17,379,0,16,1,15
SCA3-8,Det,dayfac,15,309,5,14,8,14
SCA3-8,Det,dayfac,7,0,0,0,0,0
SCA3-8,SAA,dayfac,14,133,0,13,8,9
SCA3-8,SAA,dayfac,11,8,0,8,8,8
SCA3-8,SAA,dayfac,8,64,0,7,5,5
SCA3-8,SAA,dayfac,9,8,0,8,8,8
SCA3-8,SAA,dayfac,8,49,0,7,6,6
SCA3-9,Det,0.0,15,318,0,14,4,13
SCA3-9,Det,0.0,16,310,0,15,3,12
SCA3-9,Det,0.0,13,241,0,12,4,7
SCA3-9,Det,0.0,6,0,0,0,0,0
SCA3-9,SAA,0.0,9,20,0,8,8,8
SCA3-9,SAA,0.0,10,0,0,0,0,0
SCA3-9,SAA,0.0,9,95,0,8,4,5
SCA3-9,SAA,0.0,10,30,0,9,8,8
SCA3-9,SAA,0.0,12,80,0,11,9,9
SCA3-9,Det,0.3,15,267,0,14,6,13
SCA3-9,Det,0.3,16,262,0,15,7,13
SCA3-9,Det,0.3,13,209,0,12,7,11
SCA3-9,Det,0.3,6,0,0,0,0,0
SCA3-9,SAA,0.3,9,69,0,8,7,8
SCA3-9,SAA,0.3,10,73,0,9,7,7
SCA3-9,SAA,0.3,9,108,0,8,6,8
SCA3-9,SAA,0.3,10,75,0,9,8,9
SCA3-9,SAA,0.3,12,124,0,11,7,8
SCA3-9,Det,0.6,15,224,0,14,6,14
SCA3-9,Det,0.6,16,210,0,15,9,15
SCA3-9,Det,0.6,13,179,0,12,8,12
SCA3-9,Det,0.6,6,5,0,5,5,5
SCA3-9,SAA,0.6,9,59,0,8,8,8
SCA3-9,SAA,0.6,10,84,0,9,6,9
SCA3-9,SAA,0.6,9,91,0,8,8,8
SCA3-9,SAA,0.6,10,65,0,9,9,9
SCA3-9,SAA,0.6,12,118,0,11,11,11
SCA3-9,Det,0.9,15,154,0,14,10,13
SCA3-9,Det,0.9,16,150,0,15,14,15
SCA3-9,Det,0.9,13,118,0,12,11,12
SCA3-9,Det,0.9,6,5,0,5,5,5
SCA3-9,SAA,0.9,9,37,0,8,8,8
SCA3-9,SAA,0.9,10,50,0,9,9,9
SCA3-9,SAA,0.9,9,42,0,8,8,8
SCA3-9,SAA,0.9,10,44,0,9,9,9
SCA3-9,SAA,0.9,12,60,0,11,11,11
SCA3-9,Det,dayfac,15,331,0,14,1,14
SCA3-9,Det,dayfac,16,327,0,15,3,13
SCA3-9,Det,dayfac,13,244,2,12,5,11
SCA3-9,Det,dayfac,6,0,0,0,0,0
SCA3-9,SAA,dayfac,9,67,0,8,6,6
SCA3-9,SAA,dayfac,10,59,0,9,8,8
SCA3-9,SAA,dayfac,9,144,0,8,6,6
SCA3-9,SAA,dayfac,10,66,1,9,7,7
SCA3-9,SAA,dayfac,12,171,1,11,8,9
SCA8-0,Det,0.0,8,161,1,7,3,6
SCA8-0,Det,0.0,3,48,0,2,0,2
SCA8-0,Det,0.0,5,96,0,4,2,4
SCA8-0,Det,0.0,9,151,0,8,5,8
SCA8-0,Det,0.0,5,92,0,4,0,3
SCA8-0,Det,0.0,3,37,0,2,0,1
SCA8-0,Det,0.0,7,115,0,6,4,6
SCA8-0,Det,0.0,5,96,1,4,1,4
SCA8-0,Det,0.0,5,73,0,4,1,2
SCA8-0,SAA,0.0,6,52,1,5,3,3
SCA8-0,SAA,0.0,7,51,0,5,3,3
SCA8-0,SAA,0.0,3,8,0,2,2,2
SCA8-0,SAA,0.0,6,79,0,5,2,2
SCA8-0,SAA,0.0,3,39,0,2,1,1
SCA8-0,SAA,0.0,4,0,0,0,0,0
SCA8-0,SAA,0.0,4,47,0,3,1,3
SCA8-0,SAA,0.0,4,72,0,3,0,2
SCA8-0,SAA,0.0,3,25,0,2,0,2
SCA8-0,Det,0.3,8,136,0,7,2,5
SCA8-0,Det,0.3,3,48,0,2,0,1
SCA8-0,Det,0.3,5,91,0,4,0,4
SCA8-0,Det,0.3,9,133,0,8,6,8
SCA8-0,Det,0.3,5,84,0,4,1,4
SCA8-0,Det,0.3,3,35,0,2,1,1
SCA8-0,Det,0.3,7,109,0,6,4,6
SCA8-0,Det,0.3,5,92,0,4,1,4
SCA8-0,Det,0.3,5,71,0,4,1,3
SCA8-0,SAA,0.3,6,60,0,5,3,4
SCA8-0,SAA,0.3,7,52,0,6,4,4
SCA8-0,SAA,0.3,3,12,0,2,2,2
SCA8-0,SAA,0.3,6,77,0,5,4,4
SCA8-0,SAA,0.3,3,36,0,2,1,2
SCA8-0,SAA,0.3,4,4,0,3,3,3
SCA8-0,SAA,0.3,4,46,0,3,1,2
SCA8-0,SAA,0.3,4,67,0,3,1,2
SCA8-0,SAA,0.3,3,19,0,2,2,2
SCA8-0,Det,0.6,8,116,0,7,5,7
SCA8-0,Det,0.6,3,44,0,2,0,2
SCA8-0,Det,0.6,5,87,0,4,1,4
SCA8-0,Det,0.6,9,115,0,8,5,8
SCA8-0,Det,0.6,5,75,0,4,1,4
SCA8-0,Det,0.6,3,26,0,2,1,2
SCA8-0,Det,0.6,7,105,0,6,2,5
SCA8-0,Det,0.6,5,84,0,4,2,4
SCA8-0,Det,0.6,5,65,0,4,1,3
SCA8-0,SAA,0.6,6,58,0,5,3,4
SCA8-0,SAA,0.6,7,36,0,6,5,6
SCA8-0,SAA,0.6,3,10,0,2,2,2
SCA8-0,SAA,0.6,6,54,0,5,5,5
SCA8-0,SAA,0.6,3,30,0,2,1,2
SCA8-0,SAA,0.6,4,5,0,3,3,3
SCA8-0,SAA,0.6,4,41,1,3,2,3
SCA8-0,SAA,0.6,4,53,0,3,2,3
SCA8-0,SAA,0.6,3,14,0,2,2,2
SCA8-0,Det,0.9,8,81,1,7,5,6
SCA8-0,Det,0.9,3,28,0,2,2,2
SCA8-0,Det,0.9,5,75,0,4,1,3
SCA8-0,Det,0.9,9,86,0,8,6,7
SCA8-0,Det,0.9,5,63,0,4,2,3
SCA8-0,Det,0.9,3,13,0,1,1,1
SCA8-0,Det,0.9,7,84,0,6,2,4
SCA8-0,Det,0.9,5,56,0,4,4,4
SCA8-0,Det,0.9,5,38,0,4,4,4
SCA8-0,SAA,0.9,6,28,0,5,5,5
SCA8-0,SAA,0.9,7,19,0,6,6,6
SCA8-0,SAA,0.9,3,4,0,2,2,2
SCA8-0,SAA,0.9,6,30,0,5,5,5
SCA8-0,SAA,0.9,3,16,0,2,2,2
SCA8-0,SAA,0.9,4,4,0,3,3,3
SCA8-0,SAA,0.9,4,23,0,3,3,3
SCA8-0,SAA,0.9,4,32,0,3,3,3
SCA8-0,SAA,0.9,3,9,0,2,2,2
SCA8-0,Det,dayfac,8,166,0,7,2,4
SCA8-0,Det,dayfac,3,48,0,2,0,1
SCA8-0,Det,dayfac,5,96,0,4,3,4
SCA8-0,Det,dayfac,9,178,0,8,5,8
SCA8-0,Det,dayfac,5,96,1,4,1,4
SCA8-0,Det,dayfac,3,39,0,2,0,1
SCA8-0,Det,dayfac,7,119,0,6,2,6
SCA8-0,Det,dayfac,5,96,1,4,1,2
SCA8-0,Det,dayfac,5,73,0,4,1,4
SCA8-0,SAA,dayfac,6,80,2,5,2,2
SCA8-0,SAA,dayfac,7,52,1,5,3,3
SCA8-0,SAA,dayfac,3,13,0,2,2,2
SCA8-0,SAA,dayfac,6,97,0,5,1,2
SCA8-0,SAA,dayfac,3,44,1,2,0,2
SCA8-0,SAA,dayfac,4,5,0,3,3,3
SCA8-0,SAA,dayfac,4,49,0,3,1,1
SCA8-0,SAA,dayfac,4,72,0,3,1,1
SCA8-0,SAA,dayfac,3,28,0,2,1,2
SCA8-1,Det,0.0,6,104,0,5,2,5
SCA8-1,Det,0.0,6,109,0,5,1,5
SCA8-1,Det,0.0,10,115,0,9,5,8
SCA8-1,Det,0.0,5,93,1,4,2,4
SCA8-1,Det,0.0,6,99,0,5,1,4
SCA8-1,Det,0.0,3,43,0,2,0,2
SCA8-1,Det,0.0,5,90,1,4,0,4
SCA8-1,Det,0.0,4,63,0,3,1,3
SCA8-1,Det,0.0,5,79,0,4,0,3
SCA8-1,SAA,0.0,3,46,0,2,0,0
SCA8-1,SAA,0.0,5,58,0,4,2,2
SCA8-1,SAA,0.0,4,61,1,3,0,0
SCA8-1,SAA,0.0,6,0,0,0,0,0
SCA8-1,SAA,0.0,7,17,0,6,6,6
SCA8-1,SAA,0.0,5,64,1,4,3,3
SCA8-1,SAA,0.0,4,31,0,3,1,1
SCA8-1,SAA,0.0,3,26,0,2,1,1
SCA8-1,SAA,0.0,3,40,0,2,1,1
SCA8-1,Det,0.3,6,100,0,5,2,5
SCA8-1,Det,0.3,6,95,1,5,1,3
SCA8-1,Det,0.3,10,115,0,9,7,9
SCA8-1,Det,0.3,5,89,0,4,2,4
SCA8-1,Det,0.3,6,86,0,5,1,5
SCA8-1,Det,0.3,3,41,0,2,1,1
SCA8-1,Det,0.3,5,89,0,4,1,3
SCA8-1,Det,0.3,4,60,0,3,2,3
SCA8-1,Det,0.3,5,65,0,4,2,3
SCA8-1,SAA,0.3,3,44,0,2,0,2
SCA8-1,SAA,0.3,5,58,0,4,2,4
SCA8-1,SAA,0.3,4,50,0,3,1,2
SCA8-1,SAA,0.3,6,11,0,5,5,5
SCA8-1,SAA,0.3,7,37,0,6,6,6
SCA8-1,SAA,0.3,5,67,0,4,3,4
SCA8-1,SAA,0.3,4,27,0,3,2,2
SCA8-1,SAA,0.3,3,26,0,2,1,1
SCA8-1,SAA,0.3,3,40,0,2,1,1
SCA8-1,Det,0.6,6,94,0,5,1,5
SCA8-1,Det,0.6,6,83,0,5,3,4
SCA8-1,Det,0.6,10,93,0,9,8,9
SCA8-1,Det,0.6,5,82,0,4,1,4
SCA8-1,Det,0.6,6,67,0,5,3,5
SCA8-1,Det,0.6,3,37,0,2,1,2
SCA8-1,Det,0.6,5,77,0,4,1,4
SCA8-1,Det,0.6,4,54,0,3,1,3
SCA8-1,Det,0.6,5,58,0,4,2,3
SCA8-1,SAA,0.6,3,39,0,2,2,2
SCA8-1,SAA,0.6,5,50,0,4,3,4
SCA8-1,SAA,0.6,4,36,0,3,3,3
SCA8-1,SAA,0.6,6,13,0,5,5,5
SCA8-1,SAA,0.6,7,31,0,6,6,6
SCA8-1,SAA,0.6,5,54,1,4,4,4
SCA8-1,SAA,0.6,4,22,0,3,3,3
SCA8-1,SAA,0.6,3,24,0,2,1,2
SCA8-1,SAA,0.6,3,34,0,2,1,2
SCA8-1,Det,0.9,6,78,0,5,2,5
SCA8-1,Det,0.9,6,51,0,5,5,5
SCA8-1,Det,0.9,10,53,0,9,9,9
SCA8-1,Det,0.9,5,69,0,4,1,3
SCA8-1,Det,0.9,6,41,0,5,4,5
SCA8-1,Det,0.9,3,27,0,2,1,2
SCA8-1,Det,0.9,5,57,0,4,2,4
SCA8-1,Det,0.9,4,43,0,3,2,3
SCA8-1,Det,0.9,5,37,0,4,4,4
SCA8-1,SAA,0.9,3,24,0,2,2,2
SCA8-1,SAA,0.9,5,23,0,4,4,4
SCA8-1,SAA,0.9,4,18,0,3,3,3
SCA8-1,SAA,0.9,6,6,0,5,5,5
SCA8-1,SAA,0.9,7,14,0,6,6,6
SCA8-1,SAA,0.9,5,37,0,4,4,4
SCA8-1,SAA,0.9,4,10,0,3,3,3
SCA8-1,SAA,0.9,3,14,0,2,2,2
SCA8-1,SAA,0.9,3,21,0,2,2,2
SCA8-1,Det,dayfac,6,105,0,5,1,5
SCA8-1,Det,dayfac,6,112,0,5,1,3
SCA8-1,Det,dayfac,10,127,0,9,5,8
SCA8-1,Det,dayfac,5,96,0,4,2,4
SCA8-1,Det,dayfac,6,104,0,5,2,5
SCA8-1,Det,dayfac,3,44,0,2,0,2
SCA8-1,Det,dayfac,5,94,1,4,1,3
SCA8-1,Det,dayfac,4,65,0,3,0,3
SCA8-1,Det,dayfac,5,83,0,4,3,4
SCA8-1,SAA,dayfac,3,48,0,2,0,1
SCA8-1,SAA,dayfac,5,63,0,4,2,2
SCA8-1,SAA,dayfac,4,70,1,3,1,1
SCA8-1,SAA,dayfac,6,0,0,0,0,0
SCA8-1,SAA,dayfac,7,48,0,6,4,4
SCA8-1,SAA,dayfac,5,92,0,4,0,3
SCA8-1,SAA,dayfac,4,32,0,3,2,2
SCA8-1,SAA,dayfac,3,27,1,2,1,2
SCA8-1,SAA,dayfac,3,42,2,2,1,1
SCA8-2,Det,0.0,7,144,1,6,1,4
SCA8-2,Det,0.0,6,102,0,5,4,5
SCA8-2,Det,0.0,5,96,0,4,1,4
SCA8-2,Det,0.0,6,65,0,5,3,4
SCA8-2,Det,0.0,5,61,1,4,3,3
SCA8-2,Det,0.0,3,48,0,2,0,1
SCA8-2,Det,0.0,5,75,0,4,2,3
SCA8-2,Det,0.0,5,81,0,4,1,3
SCA8-2,Det,0.0,5,96,1,4,1,2
SCA8-2,Det,0.0,3,48,0,2,0,1
SCA8-2,SAA,0.0,3,13,0,2,2,2
SCA8-2,SAA,0.0,3,48,0,2,0,1
SCA8-2,SAA,0.0,4,66,1,3,0,0
SCA8-2,SAA,0.0,3,5,0,2,2,2
SCA8-2,SAA,0.0,3,12,0,2,2,2
SCA8-2,SAA,0.0,5,51,0,4,2,2
SCA8-2,SAA,0.0,3,29,1,2,1,1
SCA8-2,SAA,0.0,3,33,0,2,1,1
SCA8-2,SAA,0.0,3,8,0,1,1,1
SCA8-2,SAA,0.0,5,7,0,4,4,4
SCA8-2,SAA,0.0,5,21,0,4,3,4
SCA8-2,SAA,0.0,4,6,0,3,3,3
SCA8-2,SAA,0.0,3,3,0,2,2,2
SCA8-2,Det,0.3,7,137,0,6,1,6
SCA8-2,Det,0.3,6,97,0,5,2,5
SCA8-2,Det,0.3,5,95,0,4,1,3
SCA8-2,Det,0.3,6,64,0,5,3,4
SCA8-2,Det,0.3,5,56,0,4,2,4
SCA8-2,Det,0.3,3,45,0,2,0,1
SCA8-2,Det,0.3,5,68,0,4,1,4
SCA8-2,Det,0.3,5,78,0,4,2,4
SCA8-2,Det,0.3,5,95,0,4,1,3
SCA8-2,Det,0.3,3,48,0,2,0,2
SCA8-2,SAA,0.3,3,14,0,2,2,2
SCA8-2,SAA,0.3,3,41,0,2,1,1
SCA8-2,SAA,0.3,4,53,1,3,1,3
SCA8-2,SAA,0.3,3,7,0,2,2,2
SCA8-2,SAA,0.3,3,14,0,2,2,2
SCA8-2,SAA,0.3,5,55,0,4,2,2
SCA8-2,SAA,0.3,3,30,0,2,2,2
SCA8-2,SAA,0.3,3,29,0,2,1,1
SCA8-2,SAA,0.3,3,11,0,2,2,2
SCA8-2,SAA,0.3,5,23,0,4,4,4
SCA8-2,SAA,0.3,5,24,0,4,4,4
SCA8-2,SAA,0.3,4,11,0,3,3,3
SCA8-2,SAA,0.3,3,4,0,2,2,2
SCA8-2,Det,0.6,7,124,0,6,2,6
SCA8-2,Det,0.6,6,86,0,5,3,5
SCA8-2,Det,0.6,5,90,0,4,0,4
SCA8-2,Det,0.6,6,55,0,5,4,5
SCA8-2,Det,0.6,5,52,0,4,3,4
SCA8-2,Det,0.6,3,40,0,2,1,2
SCA8-2,Det,0.6,5,64,0,4,2,4
SCA8-2,Det,0.6,5,66,0,4,2,4
SCA8-2,Det,0.6,5,86,0,4,1,4
SCA8-2,Det,0.6,3,39,0,2,2,2
SCA8-2,SAA,0.6,3,12,0,2,2,2
SCA8-2,SAA,0.6,3,30,0,2,2,2
SCA8-2,SAA,0.6,4,37,0,3,3,3
SCA8-2,SAA,0.6,3,6,0,2,2,2
SCA8-2,SAA,0.6,3,11,0,2,2,2
SCA8-2,SAA,0.6,5,51,0,4,2,4
SCA8-2,SAA,0.6,3,28,0,2,2,2
SCA8-2,SAA,0.6,3,20,0,2,2,2
SCA8-2,SAA,0.6,3,10,0,2,2,2
SCA8-2,SAA,0.6,5,20,0,4,4,4
SCA8-2,SAA,0.6,5,23,0,4,4,4
SCA8-2,SAA,0.6,4,7,0,3,3,3
SCA8-2,SAA,0.6,3,3,0,2,2,2
SCA8-2,Det,0.9,7,91,0,6,4,6
SCA8-2,Det,0.9,6,67,0,5,3,4
SCA8-2,Det,0.9,5,61,0,4,2,2
SCA8-2,Det,0.9,6,38,0,5,5,5
SCA8-2,Det,0.9,5,35,0,4,4,4
SCA8-2,Det,0.9,3,28,0,2,1,2
SCA8-2,Det,0.9,5,49,0,4,3,3
SCA8-2,Det,0.9,5,41,0,4,3,4
SCA8-2,Det,0.9,5,61,0,4,3,4
SCA8-2,Det,0.9,3,26,0,2,2,2
SCA8-2,SAA,0.9,3,6,0,2,2,2
SCA8-2,SAA,0.9,3,16,0,2,2,2
SCA8-2,SAA,0.9,4,17,0,3,3,3
SCA8-2,SAA,0.9,3,4,0,2,2,2
SCA8-2,SAA,0.9,3,6,0,2,2,2
SCA8-2,SAA,0.9,5,20,0,4,4,4
SCA8-2,SAA,0.9,3,21,0,2,2,2
SCA8-2,SAA,0.9,3,11,0,2,2,2
SCA8-2,SAA,0.9,3,4,0,2,2,2
SCA8-2,SAA,0.9,5,12,0,4,4,4
SCA8-2,SAA,0.9,5,14,0,4,4,4
SCA8-2,SAA,0.9,4,5,0,3,3,3
SCA8-2,SAA,0.9,3,3,0,2,2,2
SCA8-2,Det,dayfac,7,144,0,6,2,4
SCA8-2,Det,dayfac,6,110,1,5,2,5
SCA8-2,Det,dayfac,5,96,0,4,3,3
SCA8-2,Det,dayfac,6,73,0,5,2,3
SCA8-2,Det,dayfac,5,67,2,4,2,3
SCA8-2,Det,dayfac,3,48,0,2,0,2
SCA8-2,Det,dayfac,5,74,0,4,1,2
SCA8-2,Det,dayfac,5,90,0,4,0,2
SCA8-2,Det,dayfac,5,96,2,4,1,4
SCA8-2,Det,dayfac,3,48,0,2,0,0
SCA8-2,SAA,dayfac,3,23,1,2,1,1
SCA8-2,SAA,dayfac,3,48,0,2,0,1
SCA8-2,SAA,dayfac,4,72,1,3,0,2
SCA8-2,SAA,dayfac,3,13,0,2,2,2
SCA8-2,SAA,dayfac,3,16,0,2,2,2
SCA8-2,SAA,dayfac,5,58,0,4,2,4
SCA8-2,SAA,dayfac,3,32,3,2,1,1
SCA8-2,SAA,dayfac,3,45,0,2,1,1
SCA8-2,SAA,dayfac,3,18,0,2,1,1
SCA8-2,SAA,dayfac,5,29,0,4,4,4
SCA8-2,SAA,dayfac,5,23,0,4,3,4
SCA8-2,SAA,dayfac,4,14,0,3,2,2
SCA8-2,SAA,dayfac,3,6,0,2,2,2
SCA8-3,Det,0.0,9,156,0,8,3,7
SCA8-3,Det,0.0,3,48,0,2,0,2
SCA8-3,Det,0.0,7,144,0,6,1,6
SCA8-3,Det,0.0,6,94,0,5,2,4
SCA8-3,Det,0.0,3,40,0,2,1,2
SCA8-3,Det,0.0,7,134,0,6,1,6
SCA8-3,Det,0.0,4,72,0,3,0,1
SCA8-3,Det,0.0,6,107,0,5,3,5
SCA8-3,Det,0.0,5,96,1,4,2,4
SCA8-3,SAA,0.0,6,48,0,5,4,4
SCA8-3,SAA,0.0,3,17,0,2,1,1
SCA8-3,SAA,0.0,4,8,0,3,3,3
SCA8-3,SAA,0.0,5,22,0,4,3,3
SCA8-3,SAA,0.0,3,38,0,2,0,0
SCA8-3,SAA,0.0,4,17,0,3,2,2
SCA8-3,SAA,0.0,3,48,0,2,0,0
SCA8-3,SAA,0.0,5,8,0,3,3,3
SCA8-3,SAA,0.0,5,31,0,3,1,1
SCA8-3,SAA,0.0,4,68,0,3,0,0
SCA8-3,Det,0.3,9,136,0,8,3,7
SCA8-3,Det,0.3,3,47,0,2,0,2
SCA8-3,Det,0.3,7,140,0,6,0,5
SCA8-3,Det,0.3,6,82,0,5,2,4
SCA8-3,Det,0.3,3,35,0,2,1,2
SCA8-3,Det,0.3,7,116,0,6,1,4
SCA8-3,Det,0.3,4,72,0,3,0,0
SCA8-3,Det,0.3,6,93,0,5,3,5
SCA8-3,Det,0.3,5,93,0,4,0,4
SCA8-3,SAA,0.3,6,59,0,5,4,5
SCA8-3,SAA,0.3,3,14,0,2,2,2
SCA8-3,SAA,0.3,4,31,0,3,2,2
SCA8-3,SAA,0.3,5,31,0,4,3,4
SCA8-3,SAA,0.3,3,31,0,2,2,2
SCA8-3,SAA,0.3,4,18,0,3,3,3
SCA8-3,SAA,0.3,3,48,0,2,0,1
SCA8-3,SAA,0.3,5,25,0,4,3,3
SCA8-3,SAA,0.3,5,43,2,4,3,3
SCA8-3,SAA,0.3,4,61,0,3,1,2
SCA8-3,Det,0.6,9,116,0,8,5,8
SCA8-3,Det,0.6,3,41,0,2,1,2
SCA8-3,Det,0.6,7,130,0,6,1,6
SCA8-3,Det,0.6,6,68,0,5,3,5
SCA8-3,Det,0.6,3,33,0,2,1,2
SCA8-3,Det,0.6,7,107,0,6,3,6
SCA8-3,Det,0.6,4,66,0,3,1,3
SCA8-3,Det,0.6,6,88,0,5,3,5
SCA8-3,Det,0.6,5,88,0,4,0,4
SCA8-3,SAA,0.6,6,53,0,5,5,5
SCA8-3,SAA,0.6,3,10,0,2,2,2
SCA8-3,SAA,0.6,4,20,0,3,3,3
SCA8-3,SAA,0.6,5,22,0,4,4,4
SCA8-3,SAA,0.6,3,27,0,2,2,2
SCA8-3,SAA,0.6,4,11,0,3,3,3
SCA8-3,SAA,0.6,3,43,0,2,0,1
SCA8-3,SAA,0.6,5,21,0,4,3,4
SCA8-3,SAA,0.6,5,29,0,4,3,4
SCA8-3,SAA,0.6,4,47,0,3,3,3
SCA8-3,Det,0.9,9,87,0,8,6,7
SCA8-3,Det,0.9,3,28,0,2,2,2
SCA8-3,Det,0.9,7,106,0,6,2,6
SCA8-3,Det,0.9,6,55,0,5,4,5
SCA8-3,Det,0.9,3,24,0,2,2,2
SCA8-3,Det,0.9,7,84,0,6,4,6
SCA8-3,Det,0.9,4,48,0,3,2,3
SCA8-3,Det,0.9,6,65,0,5,4,5
SCA8-3,Det,0.9,5,70,0,4,2,4
SCA8-3,SAA,0.9,6,27,0,5,5,5
SCA8-3,SAA,0.9,3,6,0,2,2,2
SCA8-3,SAA,0.9,4,13,0,3,3,3
SCA8-3,SAA,0.9,5,11,0,4,4,4
SCA8-3,SAA,0.9,3,14,0,2,2,2
SCA8-3,SAA,0.9,4,6,0,3,3,3
SCA8-3,SAA,0.9,3,17,0,2,2,2
SCA8-3,SAA,0.9,5,11,0,4,4,4
SCA8-3,SAA,0.9,5,16,0,4,4,4
SCA8-3,SAA,0.9,4,22,0,3,3,3
SCA8-3,Det,dayfac,9,165,0,8,4,7
SCA8-3,Det,dayfac,3,48,0,2,1,2
SCA8-3,Det,dayfac,7,144,0,6,0,4
SCA8-3,Det,dayfac,6,101,0,5,2,5
SCA8-3,Det,dayfac,3,43,0,2,1,2
SCA8-3,Det,dayfac,7,138,0,6,2,6
SCA8-3,Det,dayfac,4,72,0,3,0,2
SCA8-3,Det,dayfac,6,118,0,5,0,5
SCA8-3,Det,dayfac,5,96,2,4,1,4
SCA8-3,SAA,dayfac,6,80,1,5,2,4
SCA8-3,SAA,dayfac,3,16,0,2,2,2
SCA8-3,SAA,dayfac,4,39,1,3,1,1
SCA8-3,SAA,dayfac,5,41,0,4,3,3
SCA8-3,SAA,dayfac,3,48,0,2,0,0
SCA8-3,SAA,dayfac,4,16,0,3,3,3
SCA8-3,SAA,dayfac,3,48,4,2,0,1
SCA8-3,SAA,dayfac,5,29,0,4,3,3
SCA8-3,SAA,dayfac,5,70,0,4,1,1
SCA8-3,SAA,dayfac,4,72,1,3,1,1
SCA8-4,Det,0.0,7,115,0,6,2,5
SCA8-4,Det,0.0,7,141,0,6,0,6
SCA8-4,Det,0.0,3,48,0,2,0,1
SCA8-4,Det,0.0,5,94,0,4,1,3
SCA8-4,Det,0.0,5,66,0,4,1,2
SCA8-4,Det,0.0,7,144,0,6,2,5
SCA8-4,Det,0.0,4,72,0,3,0,2
SCA8-4,Det,0.0,5,96,0,4,0,2
SCA8-4,Det,0.0,7,114,0,6,4,5
SCA8-4,SAA,0.0,4,20,0,3,3,3
SCA8-4,SAA,0.0,3,19,0,2,1,2
SCA8-4,SAA,0.0,3,32,0,2,1,2
SCA8-4,SAA,0.0,3,11,0,2,2,2
SCA8-4,SAA,0.0,3,34,0,2,0,0
SCA8-4,SAA,0.0,4,9,0,3,3,3
SCA8-4,SAA,0.0,5,14,0,4,4,4
SCA8-4,SAA,0.0,5,12,0,3,3,3
SCA8-4,SAA,0.0,6,0,0,0,0,0
SCA8-4,SAA,0.0,3,46,0,2,0,0
SCA8-4,SAA,0.0,3,48,1,2,0,0
SCA8-4,Det,0.3,7,107,0,6,1,3
SCA8-4,Det,0.3,7,134,0,6,1,5
SCA8-4,Det,0.3,3,43,0,2,1,2
SCA8-4,Det,0.3,5,84,0,4,2,4
SCA8-4,Det,0.3,5,62,0,4,2,4
SCA8-4,Det,0.3,7,139,0,6,2,5
SCA8-4,Det,0.3,4,71,0,3,0,2
SCA8-4,Det,0.3,5,96,0,4,0,3
SCA8-4,Det,0.3,7,105,0,6,4,6
SCA8-4,SAA,0.3,4,25,0,3,3,3
SCA8-4,SAA,0.3,3,21,0,2,2,2
SCA8-4,SAA,0.3,3,30,0,2,1,2
SCA8-4,SAA,0.3,3,9,0,2,1,2
SCA8-4,SAA,0.3,3,31,0,2,0,0
SCA8-4,SAA,0.3,4,19,0,3,3,3
SCA8-4,SAA,0.3,5,20,0,4,4,4
SCA8-4,SAA,0.3,5,22,0,4,3,3
SCA8-4,SAA,0.3,6,7,0,5,5,5
SCA8-4,SAA,0.3,3,41,0,2,0,1
SCA8-4,SAA,0.3,3,39,0,2,1,2
SCA8-4,Det,0.6,7,88,0,6,5,6
SCA8-4,Det,0.6,7,123,0,6,2,5
SCA8-4,Det,0.6,3,37,0,2,1,2
SCA8-4,Det,0.6,5,77,0,4,2,4
SCA8-4,Det,0.6,5,49,0,4,2,4
SCA8-4,Det,0.6,7,134,0,6,1,5
SCA8-4,Det,0.6,4,67,0,3,1,3
SCA8-4,Det,0.6,5,85,2,4,0,4
SCA8-4,Det,0.6,7,95,0,6,3,6
SCA8-4,SAA,0.6,4,19,0,3,3,3
SCA8-4,SAA,0.6,3,19,0,2,2,2
SCA8-4,SAA,0.6,3,20,0,2,2,2
SCA8-4,SAA,0.6,3,6,0,2,2,2
SCA8-4,SAA,0.6,3,17,0,2,2,2
SCA8-4,SAA,0.6,4,13,0,3,3,3
SCA8-4,SAA,0.6,5,15,0,4,3,3
SCA8-4,SAA,0.6,5,17,0,4,4,4
SCA8-4,SAA,0.6,6,10,0,5,5,5
SCA8-4,SAA,0.6,3,36,0,2,1,1
SCA8-4,SAA,0.6,3,35,0,2,2,2
SCA8-4,Det,0.9,7,53,0,6,5,6
SCA8-4,Det,0.9,7,88,0,6,5,6
SCA8-4,Det,0.9,3,26,0,2,2,2
SCA8-4,Det,0.9,5,57,0,4,2,4
SCA8-4,Det,0.9,5,25,0,4,4,4
SCA8-4,Det,0.9,7,110,0,6,1,4
SCA8-4,Det,0.9,4,49,0,3,2,3
SCA8-4,Det,0.9,5,67,0,4,3,4
SCA8-4,Det,0.9,7,81,0,6,3,6
SCA8-4,SAA,0.9,4,10,0,3,3,3
SCA8-4,SAA,0.9,3,10,0,2,2,2
SCA8-4,SAA,0.9,3,11,0,2,2,2
SCA8-4,SAA,0.9,3,3,0,2,2,2
SCA8-4,SAA,0.9,3,7,0,2,2,2
SCA8-4,SAA,0.9,4,6,0,3,3,3
SCA8-4,SAA,0.9,5,9,0,4,4,4
SCA8-4,SAA,0.9,5,9,0,4,4,4
SCA8-4,SAA,0.9,6,6,0,5,5,5
SCA8-4,SAA,0.9,3,17,0,2,2,2
SCA8-4,SAA,0.9,3,20,0,2,2,2
SCA8-4,Det,dayfac,7,118,0,6,1,3
SCA8-4,Det,dayfac,7,144,0,6,2,6
SCA8-4,Det,dayfac,3,48,0,2,1,2
SCA8-4,Det,dayfac,5,96,0,4,1,3
SCA8-4,Det,dayfac,5,70,0,4,1,3
SCA8-4,Det,dayfac,7,144,0,6,2,5
SCA8-4,Det,dayfac,4,72,0,3,1,3
SCA8-4,Det,dayfac,5,96,0,4,1,2
SCA8-4,Det,dayfac,7,121,0,6,4,5
SCA8-4,SAA,dayfac,4,33,0,3,3,3
SCA8-4,SAA,dayfac,3,34,1,2,1,1
SCA8-4,SAA,dayfac,3,43,0,2,1,2
SCA8-4,SAA,dayfac,3,14,0,2,2,2
SCA8-4,SAA,dayfac,3,48,0,2,0,0
SCA8-4,SAA,dayfac,4,27,0,3,2,2
SCA8-4,SAA,dayfac,5,25,0,4,4,4
SCA8-4,SAA,dayfac,5,44,0,3,1,1
SCA8-4,SAA,dayfac,6,0,0,0,0,0
SCA8-4,SAA,dayfac,3,48,2,2,1,1
SCA8-4,SAA,dayfac,3,48,0,2,0,0
SCA8-5,Det,0.0,7,144,0,6,2,6
SCA8-5,Det,0.0,7,134,1,6,0,5
SCA8-5,Det,0.0,5,96,0,4,0,4
SCA8-5,Det,0.0,9,176,0,8,2,8
SCA8-5,Det,0.0,5,96,0,4,0,3
SCA8-5,Det,0.0,3,48,0,2,0,2
SCA8-5,Det,0.0,5,83,0,4,1,4
SCA8-5,Det,0.0,5,96,1,4,1,3
SCA8-5,Det,0.0,4,56,0,3,1,1
SCA8-5,SAA,0.0,5,94,1,4,0,1
SCA8-5,SAA,0.0,5,47,0,4,2,3
SCA8-5,SAA,0.0,3,10,0,2,2,2
SCA8-5,SAA,0.0,3,40,0,2,0,1
SCA8-5,SAA,0.0,5,73,2,4,1,2
SCA8-5,SAA,0.0,7,30,0,6,5,5
SCA8-5,SAA,0.0,3,47,1,2,1,1
SCA8-5,SAA,0.0,3,8,0,2,2,2
SCA8-5,SAA,0.0,3,48,2,2,0,0
SCA8-5,SAA,0.0,5,50,1,4,2,3
SCA8-5,Det,0.3,7,142,0,6,1,6
SCA8-5,Det,0.3,7,135,0,6,0,6
SCA8-5,Det,0.3,5,95,0,4,0,3
SCA8-5,Det,0.3,9,167,0,8,1,8
SCA8-5,Det,0.3,5,93,0,4,0,4
SCA8-5,Det,0.3,3,48,0,2,0,1
SCA8-5,Det,0.3,5,81,0,4,2,4
SCA8-5,Det,0.3,5,96,0,4,0,4
SCA8-5,Det,0.3,4,55,0,3,3,3
SCA8-5,SAA,0.3,5,94,0,4,0,2
SCA8-5,SAA,0.3,5,47,1,4,3,4
SCA8-5,SAA,0.3,3,12,0,2,2,2
SCA8-5,SAA,0.3,3,36,0,2,0,1
SCA8-5,SAA,0.3,5,67,0,4,1,3
SCA8-5,SAA,0.3,7,35,0,6,5,5
SCA8-5,SAA,0.3,3,42,0,2,0,0
SCA8-5,SAA,0.3,3,10,0,2,2,2
SCA8-5,SAA,0.3,3,42,1,2,0,1
SCA8-5,SAA,0.3,5,49,0,4,2,2
SCA8-5,Det,0.6,7,133,0,6,0,5
SCA8-5,Det,0.6,7,121,0,6,0,5
SCA8-5,Det,0.6,5,91,0,4,1,2
SCA8-5,Det,0.6,9,148,0,8,2,7
SCA8-5,Det,0.6,5,88,0,4,1,4
SCA8-5,Det,0.6,3,44,0,2,0,2
SCA8-5,Det,0.6,5,77,0,4,1,4
SCA8-5,Det,0.6,5,92,0,4,0,3
SCA8-5,Det,0.6,4,41,0,3,3,3
SCA8-5,SAA,0.6,5,74,0,4,2,2
SCA8-5,SAA,0.6,5,38,0,4,4,4
SCA8-5,SAA,0.6,3,9,0,2,2,2
SCA8-5,SAA,0.6,3,27,0,2,2,2
SCA8-5,SAA,0.6,5,48,0,4,3,4
SCA8-5,SAA,0.6,7,30,0,6,5,6
SCA8-5,SAA,0.6,3,34,0,2,0,2
SCA8-5,SAA,0.6,3,8,0,2,2,2
SCA8-5,SAA,0.6,3,28,1,2,2,2
SCA8-5,SAA,0.6,5,42,0,4,3,4
SCA8-5,Det,0.9,7,119,0,6,1,4
SCA8-5,Det,0.9,7,97,0,6,3,5
SCA8-5,Det,0.9,5,75,0,4,2,4
SCA8-5,Det,0.9,9,106,0,8,7,8
SCA8-5,Det,0.9,5,67,0,4,2,4
SCA8-5,Det,0.9,3,34,0,2,1,2
SCA8-5,Det,0.9,5,64,0,4,1,3
SCA8-5,Det,0.9,5,66,0,4,2,3
SCA8-5,Det,0.9,4,30,0,3,3,3
SCA8-5,SAA,0.9,5,33,0,4,4,4
SCA8-5,SAA,0.9,5,21,0,4,4,4
SCA8-5,SAA,0.9,3,5,0,2,2,2
SCA8-5,SAA,0.9,3,12,0,2,2,2
SCA8-5,SAA,0.9,5,26,0,4,4,4
SCA8-5,SAA,0.9,7,17,0,6,6,6
SCA8-5,SAA,0.9,3,16,0,2,2,2
SCA8-5,SAA,0.9,3,6,0,2,2,2
SCA8-5,SAA,0.9,3,13,0,2,2,2
SCA8-5,SAA,0.9,5,20,0,4,4,4
SCA8-5,Det,dayfac,7,144,0,6,2,6
SCA8-5,Det,dayfac,7,134,0,6,2,6
SCA8-5,Det,dayfac,5,96,0,4,1,3
SCA8-5,Det,dayfac,9,178,0,8,2,6
SCA8-5,Det,dayfac,5,96,0,4,1,4
SCA8-5,Det,dayfac,3,48,0,2,0,2
SCA8-5,Det,dayfac,5,86,0,4,1,4
SCA8-5,Det,dayfac,5,96,0,4,2,3
SCA8-5,Det,dayfac,4,69,1,3,0,0
SCA8-5,SAA,dayfac,5,96,6,4,1,2
SCA8-5,SAA,dayfac,5,56,0,3,1,2
SCA8-5,SAA,dayfac,3,14,0,2,2,2
SCA8-5,SAA,dayfac,3,48,1,2,0,1
SCA8-5,SAA,dayfac,5,74,0,4,1,2
SCA8-5,SAA,dayfac,7,32,1,6,5,5
SCA8-5,SAA,dayfac,3,48,0,2,0,0
SCA8-5,SAA,dayfac,3,16,0,2,2,2
SCA8-5,SAA,dayfac,3,48,0,2,0,0
SCA8-5,SAA,dayfac,5,50,2,4,3,3
SCA8-6,Det,0.0,7,121,0,6,2,4
SCA8-6,Det,0.0,5,74,0,4,1,3
SCA8-6,Det,0.0,6,113,0,5,2,5
SCA8-6,Det,0.0,6,120,0,5,0,5
SCA8-6,Det,0.0,4,55,0,3,2,2
SCA8-6,Det,0.0,10,176,0,9,5,9
SCA8-6,Det,0.0,4,57,0,3,1,2
SCA8-6,Det,0.0,6,103,0,5,2,3
SCA8-6,SAA,0.0,3,45,1,2,0,0
SCA8-6,SAA,0.0,4,27,0,3,2,2
SCA8-6,SAA,0.0,5,51,1,4,2,2
SCA8-6,SAA,0.0,3,45,0,2,1,2
SCA8-6,SAA,0.0,3,48,0,2,0,0
SCA8-6,SAA,0.0,3,25,0,2,1,2
SCA8-6,SAA,0.0,3,31,0,2,0,0
SCA8-6,SAA,0.0,4,9,0,3,3,3
SCA8-6,SAA,0.0,6,101,0,5,0,0
SCA8-6,SAA,0.0,4,45,0,3,1,2
SCA8-6,SAA,0.0,4,49,2,3,1,1
SCA8-6,SAA,0.0,3,7,0,2,2,2
SCA8-6,SAA,0.0,3,2,0,2,2,2
SCA8-6,Det,0.3,7,117,0,6,2,3
SCA8-6,Det,0.3,5,72,0,4,1,3
SCA8-6,Det,0.3,6,108,0,5,1,5
SCA8-6,Det,0.3,6,114,0,5,1,5
SCA8-6,Det,0.3,4,52,0,3,1,3
SCA8-6,Det,0.3,10,164,0,9,4,8
SCA8-6,Det,0.3,4,50,0,3,1,2
SCA8-6,Det,0.3,6,93,0,5,3,4
SCA8-6,SAA,0.3,3,44,1,2,0,1
SCA8-6,SAA,0.3,4,29,0,3,2,3
SCA8-6,SAA,0.3,5,54,0,4,2,2
SCA8-6,SAA,0.3,3,39,0,2,0,2
SCA8-6,SAA,0.3,3,43,0,2,1,1
SCA8-6,SAA,0.3,3,27,0,2,1,2
SCA8-6,SAA,0.3,3,25,0,2,1,2
SCA8-6,SAA,0.3,4,11,0,3,3,3
SCA8-6,SAA,0.3,6,98,0,5,1,3
SCA8-6,SAA,0.3,4,42,0,3,2,2
SCA8-6,SAA,0.3,4,50,0,3,1,2
SCA8-6,SAA,0.3,3,13,0,2,1,1
SCA8-6,SAA,0.3,3,2,0,2,2,2
SCA8-6,Det,0.6,7,103,0,6,1,5
SCA8-6,Det,0.6,5,67,0,4,2,4
SCA8-6,Det,0.6,6,94,0,5,1,5
SCA8-6,Det,0.6,6,97,0,5,2,5
SCA8-6,Det,0.6,4,48,0,3,1,2
SCA8-6,Det,0.6,10,148,0,9,3,7
SCA8-6,Det,0.6,4,43,0,3,2,3
SCA8-6,Det,0.6,6,79,0,5,2,5
SCA8-6,SAA,0.6,3,35,0,2,1,2
SCA8-6,SAA,0.6,4,19,0,3,3,3
SCA8-6,SAA,0.6,5,50,0,4,2,3
SCA8-6,SAA,0.6,3,29,0,2,2,2
SCA8-6,SAA,0.6,3,32,0,2,2,2
SCA8-6,SAA,0.6,3,17,0,2,2,2
SCA8-6,SAA,0.6,3,21,0,2,1,2
SCA8-6,SAA,0.6,4,10,0,3,3,3
SCA8-6,SAA,0.6,6,76,0,5,5,5
SCA8-6,SAA,0.6,4,37,0,3,2,3
SCA8-6,SAA,0.6,4,45,0,3,1,2
SCA8-6,SAA,0.6,3,9,0,2,2,2
SCA8-6,SAA,0.6,3,2,0,2,2,2
SCA8-6,Det,0.9,7,65,0,5,4,5
SCA8-6,Det,0.9,5,46,0,3,2,3
SCA8-6,Det,0.9,6,80,0,5,3,4
SCA8-6,Det,0.9,6,74,0,5,3,5
SCA8-6,Det,0.9,4,38,0,3,2,3
SCA8-6,Det,0.9,10,114,0,8,3,5
SCA8-6,Det,0.9,4,31,0,3,2,3
SCA8-6,Det,0.9,6,64,0,4,2,4
SCA8-6,SAA,0.9,3,20,0,2,2,2
SCA8-6,SAA,0.9,4,10,0,3,3,3
SCA8-6,SAA,0.9,5,24,0,4,4,4
SCA8-6,SAA,0.9,3,12,0,2,2,2
SCA8-6,SAA,0.9,3,13,0,2,2,2
SCA8-6,SAA,0.9,3,8,0,2,2,2
SCA8-6,SAA,0.9,3,7,0,2,2,2
SCA8-6,SAA,0.9,4,6,0,3,3,3
SCA8-6,SAA,0.9,6,38,0,5,5,5
SCA8-6,SAA,0.9,4,15,0,3,3,3
SCA8-6,SAA,0.9,4,15,0,3,3,3
SCA8-6,SAA,0.9,3,4,0,2,2,2
SCA8-6,SAA,0.9,3,2,0,2,2,2
SCA8-6,Det,dayfac,7,121,0,6,1,5
SCA8-6,Det,dayfac,5,73,0,4,1,4
SCA8-6,Det,dayfac,6,113,1,5,2,4
SCA8-6,Det,dayfac,6,120,0,5,1,5
SCA8-6,Det,dayfac,4,57,0,3,2,2
SCA8-6,Det,dayfac,10,180,1,9,4,9
SCA8-6,Det,dayfac,4,58,0,3,1,2
SCA8-6,Det,dayfac,6,111,3,5,2,5
SCA8-6,SAA,dayfac,3,48,1,2,0,0
SCA8-6,SAA,dayfac,4,37,0,3,2,3
SCA8-6,SAA,dayfac,5,53,3,4,2,2
SCA8-6,SAA,dayfac,3,48,1,2,1,1
SCA8-6,SAA,dayfac,3,48,0,2,0,1
SCA8-6,SAA,dayfac,3,26,0,2,1,2
SCA8-6,SAA,dayfac,3,46,0,2,0,0
SCA8-6,SAA,dayfac,4,21,0,3,2,2
SCA8-6,SAA,dayfac,6,119,2,5,0,0
SCA8-6,SAA,dayfac,4,49,2,3,1,2
SCA8-6,SAA,dayfac,4,51,3,3,1,2
SCA8-6,SAA,dayfac,3,13,0,2,0,0
SCA8-6,SAA,dayfac,3,2,0,2,2,2
SCA8-7,Det,0.0,5,84,1,4,1,4
SCA8-7,Det,0.0,3,25,0,2,1,1
SCA8-7,Det,0.0,4,65,0,3,0,3
SCA8-7,Det,0.0,5,90,0,4,1,4
SCA8-7,Det,0.0,4,70,0,3,0,2
SCA8-7,Det,0.0,7,136,1,6,1,3
SCA8-7,Det,0.0,7,124,0,6,2,6
SCA8-7,Det,0.0,3,44,0,2,0,2
SCA8-7,Det,0.0,7,127,0,6,2,5
SCA8-7,Det,0.0,5,95,1,4,2,4
SCA8-7,SAA,0.0,5,53,0,4,2,3
SCA8-7,SAA,0.0,3,26,0,2,1,2
SCA8-7,SAA,0.0,3,31,0,2,1,1
SCA8-7,SAA,0.0,3,46,1,2,0,0
SCA8-7,SAA,0.0,3,36,0,2,1,1
SCA8-7,SAA,0.0,6,44,0,5,4,4
SCA8-7,SAA,0.0,4,33,0,3,2,3
SCA8-7,SAA,0.0,3,48,0,2,0,0
SCA8-7,SAA,0.0,3,5,0,2,2,2
SCA8-7,SAA,0.0,4,25,0,3,2,2
SCA8-7,SAA,0.0,3,4,0,2,2,2
SCA8-7,SAA,0.0,4,5,0,2,2,2
SCA8-7,SAA,0.0,3,25,0,2,1,1
SCA8-7,Det,0.3,5,77,0,4,1,4
SCA8-7,Det,0.3,3,24,0,2,1,2
SCA8-7,Det,0.3,4,59,0,3,2,3
SCA8-7,Det,0.3,5,83,0,4,1,4
SCA8-7,Det,0.3,4,66,0,3,0,3
SCA8-7,Det,0.3,7,126,0,6,1,5
SCA8-7,Det,0.3,7,122,0,6,1,6
SCA8-7,Det,0.3,3,39,0,2,1,2
SCA8-7,Det,0.3,7,113,0,6,3,6
SCA8-7,Det,0.3,5,85,0,4,0,4
SCA8-7,SAA,0.3,5,49,1,4,2,4
SCA8-7,SAA,0.3,3,28,0,2,2,2
SCA8-7,SAA,0.3,3,30,0,2,1,1
SCA8-7,SAA,0.3,3,40,1,2,0,0
SCA8-7,SAA,0.3,3,32,1,2,0,1
SCA8-7,SAA,0.3,6,55,1,5,4,4
SCA8-7,SAA,0.3,4,37,0,3,2,3
SCA8-7,SAA,0.3,3,42,0,2,0,0
SCA8-7,SAA,0.3,3,7,0,2,2,2
SCA8-7,SAA,0.3,4,25,0,3,2,3
SCA8-7,SAA,0.3,3,8,0,2,2,2
SCA8-7,SAA,0.3,4,14,0,3,3,3
SCA8-7,SAA,0.3,3,26,0,2,1,1
SCA8-7,Det,0.6,5,67,0,4,2,4
SCA8-7,Det,0.6,3,18,0,2,2,2
SCA8-7,Det,0.6,4,52,0,3,2,3
SCA8-7,Det,0.6,5,79,0,4,1,3
SCA8-7,Det,0.6,4,60,0,3,1,2
SCA8-7,Det,0.6,7,107,0,6,3,6
SCA8-7,Det,0.6,7,113,0,6,2,6
SCA8-7,Det,0.6,3,34,0,2,1,2
SCA8-7,Det,0.6,7,97,0,6,3,6
SCA8-7,Det,0.6,5,78,0,4,3,4
SCA8-7,SAA,0.6,5,46,0,4,2,4
SCA8-7,SAA,0.6,3,21,0,2,2,2
SCA8-7,SAA,0.6,3,26,0,2,1,2
SCA8-7,SAA,0.6,3,31,0,2,2,2
SCA8-7,SAA,0.6,3,28,0,2,2,2
SCA8-7,SAA,0.6,6,53,0,5,4,4
SCA8-7,SAA,0.6,4,31,0,3,3,3
SCA8-7,SAA,0.6,3,37,1,2,1,2
SCA8-7,SAA,0.6,3,7,0,2,2,2
SCA8-7,SAA,0.6,4,15,0,3,3,3
SCA8-7,SAA,0.6,3,7,0,2,2,2
SCA8-7,SAA,0.6,4,15,0,3,3,3
SCA8-7,SAA,0.6,3,23,0,2,2,2
SCA8-7,Det,0.9,5,51,0,4,3,4
SCA8-7,Det,0.9,3,9,0,2,2,2
SCA8-7,Det,0.9,4,38,0,3,2,3
SCA8-7,Det,0.9,5,70,0,4,2,4
SCA8-7,Det,0.9,4,45,0,3,2,3
SCA8-7,Det,0.9,7,71,0,6,5,6
SCA8-7,Det,0.9,7,82,0,6,4,6
SCA8-7,Det,0.9,3,24,0,2,2,2
SCA8-7,Det,0.9,7,64,0,6,4,5
SCA8-7,Det,0.9,5,63,0,4,2,3
SCA8-7,SAA,0.9,5,24,0,4,4,4
SCA8-7,SAA,0.9,3,10,0,2,2,2
SCA8-7,SAA,0.9,3,11,0,2,2,2
SCA8-7,SAA,0.9,3,13,0,2,2,2
SCA8-7,SAA,0.9,3,11,0,2,2,2
SCA8-7,SAA,0.9,6,32,0,5,5,5
SCA8-7,SAA,0.9,4,14,0,3,3,3
SCA8-7,SAA,0.9,3,11,0,2,2,2
SCA8-7,SAA,0.9,3,3,0,2,2,2
SCA8-7,SAA,0.9,4,14,0,3,3,3
SCA8-7,SAA,0.9,3,5,0,2,2,2
SCA8-7,SAA,0.9,4,8,0,3,3,3
SCA8-7,SAA,0.9,3,10,0,2,2,2
SCA8-7,Det,dayfac,5,89,0,4,1,4
SCA8-7,Det,dayfac,3,26,0,2,1,2
SCA8-7,Det,dayfac,4,70,1,3,1,3
SCA8-7,Det,dayfac,5,91,0,4,2,4
SCA8-7,Det,dayfac,4,70,0,3,0,2
SCA8-7,Det,dayfac,7,142,0,6,0,3
SCA8-7,Det,dayfac,7,124,0,6,2,6
SCA8-7,Det,dayfac,3,47,0,2,0,2
SCA8-7,Det,dayfac,7,128,0,6,2,3
SCA8-7,Det,dayfac,5,96,1,4,1,4
SCA8-7,SAA,dayfac,5,57,1,4,3,3
SCA8-7,SAA,dayfac,3,38,0,2,1,2
SCA8-7,SAA,dayfac,3,34,1,2,1,1
SCA8-7,SAA,dayfac,3,48,1,2,1,2
SCA8-7,SAA,dayfac,3,48,0,2,0,1
SCA8-7,SAA,dayfac,6,81,0,5,2,4
SCA8-7,SAA,dayfac,4,42,1,3,2,3
SCA8-7,SAA,dayfac,3,48,1,2,0,1
SCA8-7,SAA,dayfac,3,7,0,2,2,2
SCA8-7,SAA,dayfac,4,35,0,3,2,2
SCA8-7,SAA,dayfac,3,13,0,2,2,2
SCA8-7,SAA,dayfac,4,16,0,3,3,3
SCA8-7,SAA,dayfac,3,25,0,2,1,1
SCA8-8,Det,0.0,8,87,0,7,4,7
SCA8-8,Det,0.0,5,81,1,4,2,3
SCA8-8,Det,0.0,4,72,0,3,1,3
SCA8-8,Det,0.0,5,82,1,4,1,4
SCA8-8,Det,0.0,7,50,0,6,6,6
SCA8-8,Det,0.0,4,72,0,3,0,1
SCA8-8,Det,0.0,7,137,0,6,3,6
SCA8-8,Det,0.0,6,100,0,5,3,5
SCA8-8,Det,0.0,4,41,0,3,1,2
SCA8-8,SAA,0.0,8,44,0,6,4,4
SCA8-8,SAA,0.0,3,22,0,2,1,1
SCA8-8,SAA,0.0,4,11,0,3,2,2
SCA8-8,SAA,0.0,4,29,0,3,1,1
SCA8-8,SAA,0.0,4,69,1,3,0,0
SCA8-8,SAA,0.0,6,0,0,0,0,0
SCA8-8,SAA,0.0,3,2,0,2,2,2
SCA8-8,SAA,0.0,4,24,0,3,1,1
SCA8-8,SAA,0.0,3,4,0,2,2,2
SCA8-8,SAA,0.0,3,23,0,2,0,0
SCA8-8,Det,0.3,8,82,0,7,4,7
SCA8-8,Det,0.3,5,73,0,4,2,4
SCA8-8,Det,0.3,4,70,0,3,0,3
SCA8-8,Det,0.3,5,73,0,4,2,4
SCA8-8,Det,0.3,7,56,0,6,6,6
SCA8-8,Det,0.3,4,69,0,3,0,2
SCA8-8,Det,0.3,7,120,0,6,2,5
SCA8-8,Det,0.3,6,97,0,5,2,4
SCA8-8,Det,0.3,4,38,0,3,2,3
SCA8-8,SAA,0.3,8,42,0,7,6,6
SCA8-8,SAA,0.3,3,16,0,2,2,2
SCA8-8,SAA,0.3,4,23,0,3,3,3
SCA8-8,SAA,0.3,4,33,0,3,2,2
SCA8-8,SAA,0.3,4,56,1,3,2,2
SCA8-8,SAA,0.3,6,0,0,0,0,0
SCA8-8,SAA,0.3,3,3,0,2,2,2
SCA8-8,SAA,0.3,4,33,1,3,2,3
SCA8-8,SAA,0.3,3,5,0,2,2,2
SCA8-8,SAA,0.3,3,22,0,2,1,2
SCA8-8,Det,0.6,8,69,0,7,6,7
SCA8-8,Det,0.6,5,63,1,4,2,3
SCA8-8,Det,0.6,4,64,0,3,1,3
SCA8-8,Det,0.6,5,63,0,4,2,4
SCA8-8,Det,0.6,7,48,0,6,6,6
SCA8-8,Det,0.6,4,62,0,3,1,2
SCA8-8,Det,0.6,7,98,0,6,3,5
SCA8-8,Det,0.6,6,95,0,5,1,4
SCA8-8,Det,0.6,4,32,0,3,3,3
SCA8-8,SAA,0.6,8,35,0,7,7,7
SCA8-8,SAA,0.6,3,14,0,2,2,2
SCA8-8,SAA,0.6,4,18,0,3,2,3
SCA8-8,SAA,0.6,4,24,0,3,3,3
SCA8-8,SAA,0.6,4,42,1,3,3,3
SCA8-8,SAA,0.6,6,7,0,5,5,5
SCA8-8,SAA,0.6,3,5,0,2,2,2
SCA8-8,SAA,0.6,4,25,0,3,3,3
SCA8-8,SAA,0.6,3,6,0,2,2,2
SCA8-8,SAA,0.6,3,18,0,2,2,2
SCA8-8,Det,0.9,8,48,0,7,7,7
SCA8-8,Det,0.9,5,45,0,4,3,4
SCA8-8,Det,0.9,4,46,0,3,2,3
SCA8-8,Det,0.9,5,45,0,4,3,4
SCA8-8,Det,0.9,7,29,0,6,6,6
SCA8-8,Det,0.9,4,38,0,3,3,3
SCA8-8,Det,0.9,7,63,0,6,6,6
SCA8-8,Det,0.9,6,82,0,5,1,5
SCA8-8,Det,0.9,4,19,0,3,3,3
SCA8-8,SAA,0.9,8,18,0,7,7,7
SCA8-8,SAA,0.9,3,5,0,2,2,2
SCA8-8,SAA,0.9,4,9,0,3,3,3
SCA8-8,SAA,0.9,4,11,0,3,3,3
SCA8-8,SAA,0.9,4,17,0,3,3,3
SCA8-8,SAA,0.9,6,5,0,5,5,5
SCA8-8,SAA,0.9,3,3,0,2,2,2
SCA8-8,SAA,0.9,4,11,0,3,3,3
SCA8-8,SAA,0.9,3,3,0,2,2,2
SCA8-8,SAA,0.9,3,9,0,2,2,2
SCA8-8,Det,dayfac,8,89,0,7,4,7
SCA8-8,Det,dayfac,5,85,0,4,1,4
SCA8-8,Det,dayfac,4,72,0,3,1,3
SCA8-8,Det,dayfac,5,88,0,4,2,3
SCA8-8,Det,dayfac,7,71,0,6,4,5
SCA8-8,Det,dayfac,4,72,0,3,1,3
SCA8-8,Det,dayfac,7,143,0,6,0,5
SCA8-8,Det,dayfac,6,101,0,5,1,5
SCA8-8,Det,dayfac,4,46,0,3,1,1
SCA8-8,SAA,dayfac,8,53,0,7,5,6
SCA8-8,SAA,dayfac,3,25,0,2,1,1
SCA8-8,SAA,dayfac,4,34,0,3,2,2
SCA8-8,SAA,dayfac,4,46,0,3,1,2
SCA8-8,SAA,dayfac,4,72,1,3,0,0
SCA8-8,SAA,dayfac,6,0,0,0,0,0
SCA8-8,SAA,dayfac,3,7,0,2,2,2
SCA8-8,SAA,dayfac,4,39,0,3,3,3
SCA8-8,SAA,dayfac,3,4,0,2,2,2
SCA8-8,SAA,dayfac,3,47,0,2,1,1
SCA8-9,Det,0.0,5,96,0,4,0,3
SCA8-9,Det,0.0,4,72,0,3,0,2
SCA8-9,Det,0.0,6,120,0,5,2,5
SCA8-9,Det,0.0,5,95,0,4,0,4
SCA8-9,Det,0.0,8,154,0,7,2,7
SCA8-9,Det,0.0,8,125,1,7,4,6
SCA8-9,Det,0.0,5,96,0,4,0,3
SCA8-9,Det,0.0,5,89,0,4,2,4
SCA8-9,Det,0.0,4,72,0,3,0,3
SCA8-9,SAA,0.0,5,44,0,4,2,2
SCA8-9,SAA,0.0,3,25,0,2,1,1
SCA8-9,SAA,0.0,4,49,0,3,1,1
SCA8-9,SAA,0.0,3,48,0,2,0,0
SCA8-9,SAA,0.0,4,24,0,3,2,2
SCA8-9,SAA,0.0,4,54,0,3,2,2
SCA8-9,SAA,0.0,3,48,0,2,0,0
SCA8-9,SAA,0.0,4,11,0,3,3,3
SCA8-9,SAA,0.0,4,61,0,3,0,2
SCA8-9,SAA,0.0,3,48,1,2,0,0
SCA8-9,SAA,0.0,5,18,0,3,3,3
SCA8-9,SAA,0.0,4,5,0,3,3,3
SCA8-9,Det,0.3,5,90,0,4,0,3
SCA8-9,Det,0.3,4,71,0,3,0,2
SCA8-9,Det,0.3,6,120,0,5,1,5
SCA8-9,Det,0.3,5,83,0,4,1,4
SCA8-9,Det,0.3,8,144,0,7,2,7
SCA8-9,Det,0.3,8,107,0,7,3,7
SCA8-9,Det,0.3,5,93,0,4,0,2
SCA8-9,Det,0.3,5,85,0,4,1,4
SCA8-9,Det,0.3,4,72,0,3,0,3
SCA8-9,SAA,0.3,5,43,0,4,3,3
SCA8-9,SAA,0.3,3,24,0,2,1,2
SCA8-9,SAA,0.3,4,49,0,3,1,1
SCA8-9,SAA,0.3,3,45,0,2,1,2
SCA8-9,SAA,0.3,4,23,0,3,3,3
SCA8-9,SAA,0.3,4,47,0,3,2,3
SCA8-9,SAA,0.3,3,48,2,2,1,1
SCA8-9,SAA,0.3,4,17,0,3,3,3
SCA8-9,SAA,0.3,4,51,0,3,0,2
SCA8-9,SAA,0.3,3,48,0,2,0,0
SCA8-9,SAA,0.3,5,24,0,4,4,4
SCA8-9,SAA,0.3,4,7,0,3,3,3
SCA8-9,Det,0.6,5,84,0,4,1,4
SCA8-9,Det,0.6,4,66,1,3,0,1
SCA8-9,Det,0.6,6,115,0,5,0,4
SCA8-9,Det,0.6,5,74,1,4,3,4
SCA8-9,Det,0.6,8,134,0,7,2,6
SCA8-9,Det,0.6,8,97,0,7,4,7
SCA8-9,Det,0.6,5,76,1,4,2,3
SCA8-9,Det,0.6,5,79,1,4,1,1
SCA8-9,Det,0.6,4,71,0,3,0,2
SCA8-9,SAA,0.6,5,39,0,4,3,4
SCA8-9,SAA,0.6,3,23,1,2,1,2
SCA8-9,SAA,0.6,4,35,0,3,3,3
SCA8-9,SAA,0.6,3,38,0,2,2,2
SCA8-9,SAA,0.6,4,20,0,3,3,3
SCA8-9,SAA,0.6,4,42,0,3,2,3
SCA8-9,SAA,0.6,3,44,0,2,1,2
SCA8-9,SAA,0.6,4,15,0,3,3,3
SCA8-9,SAA,0.6,4,35,0,3,3,3
SCA8-9,SAA,0.6,3,43,0,2,2,2
SCA8-9,SAA,0.6,5,20,0,4,4,4
SCA8-9,SAA,0.6,4,9,0,3,3,3
SCA8-9,Det,0.9,5,58,0,4,2,4
SCA8-9,Det,0.9,4,42,0,3,1,3
SCA8-9,Det,0.9,6,98,0,5,1,2
SCA8-9,Det,0.9,5,57,0,4,4,4
SCA8-9,Det,0.9,8,107,0,7,3,6
SCA8-9,Det,0.9,8,75,0,7,4,5
SCA8-9,Det,0.9,5,49,0,4,3,4
SCA8-9,Det,0.9,5,58,0,4,2,4
SCA8-9,Det,0.9,4,59,0,3,1,3
SCA8-9,SAA,0.9,5,19,0,4,4,4
SCA8-9,SAA,0.9,3,13,0,2,2,2
SCA8-9,SAA,0.9,4,16,0,3,3,3
SCA8-9,SAA,0.9,3,18,0,2,2,2
SCA8-9,SAA,0.9,4,11,0,3,3,3
SCA8-9,SAA,0.9,4,23,0,3,3,3
SCA8-9,SAA,0.9,3,22,0,2,2,2
SCA8-9,SAA,0.9,4,11,0,3,3,3
SCA8-9,SAA,0.9,4,16,0,3,3,3
SCA8-9,SAA,0.9,3,27,0,2,2,2
SCA8-9,SAA,0.9,5,12,0,4,4,4
SCA8-9,SAA,0.9,4,6,0,3,3,3
SCA8-9,Det,dayfac,5,96,0,4,0,2
SCA8-9,Det,dayfac,4,72,0,3,1,3
SCA8-9,Det,dayfac,6,120,0,5,1,5
SCA8-9,Det,dayfac,5,96,1,4,0,4
SCA8-9,Det,dayfac,8,156,0,7,1,7
SCA8-9,Det,dayfac,8,131,0,7,3,6
SCA8-9,Det,dayfac,5,96,0,4,1,2
SCA8-9,Det,dayfac,5,91,0,4,1,3
SCA8-9,Det,dayfac,4,72,0,3,0,3
SCA8-9,SAA,dayfac,5,50,1,4,3,3
SCA8-9,SAA,dayfac,3,25,0,2,1,2
SCA8-9,SAA,dayfac,4,54,2,3,1,1
SCA8-9,SAA,dayfac,3,48,0,2,0,0
SCA8-9,SAA,dayfac,4,31,0,3,2,3
SCA8-9,SAA,dayfac,4,64,1,3,1,2
SCA8-9,SAA,dayfac,3,48,0,2,0,1
SCA8-9,SAA,dayfac,4,22,0,3,2,3
SCA8-9,SAA,dayfac,4,72,1,3,1,1
SCA8-9,SAA,dayfac,3,48,0,2,0,2
SCA8-9,SAA,dayfac,5,25,0,3,2,2
SCA8-9,SAA,dayfac,4,7,0,3,3,3
