scenario,seed,none,baton_ho,baton,baton_ho_saving,baton_saving,use_actions
collect_then_deliver,0,0.5075,0.24283333333333335,0.15541666666666668,52.15106732348111,69.37602627257799,True
collect_then_deliver,1,0.4820833333333333,0.23425,0.153375,51.40881590319792,68.18496110630942,True
collect_then_deliver,2,0.51875,0.24766666666666667,0.154125,52.257028112449795,70.28915662650603,True
collect_then_deliver,3,0.49833333333333335,0.24225,0.159,51.38795986622073,68.09364548494983,True
collect_then_deliver,4,0.49083333333333334,0.2345,0.14895833333333333,52.22410865874364,69.65195246179967,True
milk_run_regime,0,0.5145833333333333,0.18841666666666668,0.11233333333333333,63.38461538461538,78.17004048582996,True
milk_run_regime,1,0.4895833333333333,0.17641666666666667,0.10791666666666666,63.96595744680851,77.95744680851064,True
milk_run_regime,2,0.4875,0.18191666666666667,0.10808333333333334,62.68376068376068,77.82905982905983,True
milk_run_regime,3,0.4925,0.175,0.10408333333333333,64.46700507614213,78.86632825719119,True
milk_run_regime,4,0.5029166666666667,0.17775,0.10233333333333333,64.65617232808617,79.65202982601492,True
high_cost_ratio,0,2.058333333333333,0.23883333333333334,0.135625,88.39676113360323,93.41093117408907,True
high_cost_ratio,1,1.9583333333333333,0.24441666666666667,0.13154166666666667,87.51914893617021,93.28297872340424,True
high_cost_ratio,2,1.95,0.25133333333333335,0.13933333333333334,87.1111111111111,92.85470085470085,True
high_cost_ratio,3,1.97,0.2295,0.12695833333333334,88.3502538071066,93.55541455160746,True
high_cost_ratio,4,2.0116666666666667,0.21133333333333335,0.11408333333333333,89.49461474730737,94.32891466445733,True
