Instance,m,lat_sklearn_us,lat_interp_us,v1_end_fit_s,v1_myo_fit_s,fb_tau_fit_s,v2_lsm_fit_s,thr_k_fit_s,dp_n_fit_s,dp_xl_fit_s,pi1_fit_s,pi2_fit_s,pi3_fit_s,rollout_fit_s,ro_theta_fit_s,restock_fit_s,thr2_fit_s,dp3_n_fit_s,dp_xl3_fit_s,v2_act_fit_s,v2_cf_fit_s,none_fit_s,oracle_fit_s,oracle3_fit_s
CON3-0,11,56.81195150009444,1.0718880000695208,0.05488630500030922,0.004790967000189994,0.049257775000114634,0.005497026000284677,0.10977556900024865,0.0024468099995829107,0.08324390000007043,0.003687321000143129,0.004171912999936467,0.004408281999985775,0.005018351999751758,0.03793086899941045,0.004015229999822623,0.3139260610000747,0.005027586999858613,0.19796907099998862,0.01827546100003019,0.018179404999955295,0.0,0.0,0.0
CON3-0,8,54.662731000007625,1.450529500061748,0.033316216000002896,0.002933765000307176,0.031348516999969434,0.003824419000011403,0.06268824000017048,0.0015738410002086312,0.053546870999980456,0.002638632000071084,0.0028404759996192297,0.002745833000062703,0.003167810000377358,0.024283983000714215,0.002884468000047491,0.20647075900023992,0.0030462970003100054,0.10914326400006757,0.011475337999854673,0.010286640000231273,0.0,0.0,0.0
CON3-0,11,53.93407650012705,1.0240735000479617,0.0445766799998637,0.004215372000089701,0.04338810600029319,0.004938731000038388,0.09997712400036107,0.0026894000002357643,0.08127778300013233,0.0032723839999562188,0.0037271620003593853,0.0036590999998225016,0.004232996999689931,0.03349540499948489,0.0036313099999460974,0.2970666410001286,0.004754941000101098,0.18745420400000512,0.016725319999750354,0.01671570000007705,0.0,0.0,0.0
CON3-0,10,56.80662800000391,1.001382499907777,0.04036684000038804,0.003791529999944032,0.04030044799992538,0.00460222000037902,0.12466713800040452,0.0019310799998493167,0.06859876399994391,0.003093455999987782,0.003366126999935659,0.0033547369998814247,0.003926625000076456,0.031114365000121325,0.0035679159996107046,0.2813577369997802,0.004579781999836996,0.16878511599998092,0.01674593600046137,0.019060153999816976,0.0,0.0,0.0
CON3-0,10,55.569910000031086,1.064243999962855,0.04266551599994273,0.003966877999573626,0.04228578899983404,0.005431152999790356,0.1391748799992456,0.0023274699997273274,0.07146915400016951,0.003068878000249242,0.0037455430001500645,0.0034273000001121545,0.004365578000033565,0.03209562000029109,0.0036098149998906592,0.2879826739995224,0.004216077999899426,0.164273621999655,0.015967515999818715,0.015155909999975847,0.0,0.0,0.0
CON3-1,14,55.39204949991472,1.01657699997304,0.057761745000334486,0.00680830800001786,0.06526457600011781,0.008391134000248712,0.2852647640002033,0.0037665160002688935,0.12795734800010905,0.005167401999642607,0.005676493000009941,0.005787477000012586,0.008695039000031102,0.058007178000025306,0.0057267709998996,0.46461815399970874,0.00699303700002929,0.2883134749999954,0.025235066000277584,0.026702129000113928,0.0,0.0,0.0
CON3-1,8,67.58712549981283,1.2354119999145041,0.03307469499986837,0.0030557160002899764,0.03154627800040544,0.003630995000094117,0.07091148700055783,0.0020324040001469257,0.07135036499994385,0.0035041010000895767,0.003587093999612989,0.003595638000206236,0.0042677719998209795,0.03230926000014733,0.003928940999685437,0.29514203900043867,0.004051077000440273,0.14195093699981953,0.01402187000030608,0.01333162299988544,0.0,0.0,0.0
CON3-1,5,67.33772749998934,1.2580509999224887,0.02385796999988088,0.0022566189995814057,0.02326373399955628,0.002750809999724879,0.040893067999149935,0.001256190000276547,0.040552323999691,0.0024852360002114438,0.002426469000056386,0.002449478000016825,0.0024687810000614263,0.018427475000407867,0.0025669209999250597,0.15845504199978677,0.0019504629999573808,0.060484609000013734,0.0075517939999372174,0.00723807200029114,0.0,0.0,0.0
CON3-1,10,69.1179424998154,1.666618999934144,0.05194506299994828,0.0047681430000920955,0.05062283800043588,0.006289765000019543,0.10963281100066524,0.0032472739999320765,0.08593579699982001,0.004824708999876748,0.004307551999772841,0.004218337000111205,0.005316876000051707,0.04249088699998538,0.004768399000113277,0.3838375499999529,0.007592912000291108,0.21613220900007946,0.02012526299995443,0.020318981999935204,0.0,0.0,0.0
CON3-1,13,67.31378249992304,1.3115355000081763,0.06778585199981535,0.006330922999950417,0.0670704190001743,0.00790547799988417,0.1656447959999241,0.0036857730001429445,0.11994168799992622,0.004921299000216095,0.005572349999965809,0.005447830000321119,0.006955647000268073,0.05292256000029738,0.005690054999831773,0.46049370899982023,0.008237735999955476,0.3213317689996984,0.026834670999960508,0.027393288999974175,0.0,0.0,0.0
CON3-2,9,53.62941049997971,1.0463085000083083,0.03682228500019846,0.0035907300002691045,0.036166037000384677,0.0041455040000073495,0.07451850000052218,0.0017768170000636019,0.06194817699997657,0.0028254929998183798,0.0030349129997375712,0.002996956999595568,0.0038795969999227964,0.02940786899989689,0.0032380279999415507,0.2363870650001445,0.0036609369999496266,0.1336228929999379,0.012823896000099921,0.011947590000090713,0.0,0.0,0.0
CON3-2,8,77.24295100001655,1.097586500009129,0.03230814599965015,0.00297864699996353,0.0320940960000371,0.0036473909999585885,0.06334395200019571,0.0015919839997877716,0.05426734000002398,0.00266211200005273,0.0027321460001985542,0.002816130000155681,0.0031416790002367634,0.024855744000433333,0.002928038999925775,0.22391026700006478,0.0031642330000067886,0.11137677299984716,0.014925840000159951,0.016500299000199448,0.0,0.0,0.0
CON3-2,13,56.50836049994723,1.129829999854337,0.055662946999746055,0.006539891000102216,0.06573319000017364,0.0074033860000781715,0.15583103600010872,0.0032103539997478947,0.11103836199981743,0.004587280000123428,0.005114463000154501,0.005030235000049288,0.00714782400018521,0.04827258600062123,0.004842927000026975,0.4246543469998869,0.007569606999823009,0.28493425900023794,0.023404622999805724,0.02216675799991208,0.0,0.0,0.0
CON3-2,9,60.19924100019125,1.034612500006915,0.03750246399977186,0.003520143000059761,0.036041592999936256,0.004077735999999277,0.07424319500023557,0.001900120000300376,0.06239211699994485,0.0029640959996868332,0.0031492389998675208,0.003198309999788762,0.0036489719996097847,0.02813410599992494,0.0034671129997150274,0.2399012370001401,0.003611964000356238,0.13596696900003735,0.012955178000083833,0.012117030999888811,0.0,0.0,0.0
CON3-2,11,65.78643249986271,1.2376974998460355,0.04540138299989849,0.004113627999686287,0.04477687299959143,0.005304154999976163,0.10195551999959207,0.002630155000133527,0.07800180899994302,0.0033494360000076995,0.0037027660000603646,0.003675008999834972,0.0045133580001675,0.035809843000151886,0.003913476999969134,0.3153711380000459,0.006122897999830457,0.23385351099977925,0.020249983000212524,0.023219860000153858,0.0,0.0,0.0
CON3-3,7,69.0152049999142,1.2542680001388362,0.04127320599991435,0.003552844000296318,0.053082031000485586,0.009087188000194146,0.10618738500033942,0.004141939999954047,0.06181524499970692,0.003258298000218929,0.0031019080001897237,0.0031538250000267,0.0034485670003050473,0.026462262000222836,0.003592821999973239,0.23298542600014116,0.003377664000254299,0.1087702250001712,0.017262963000575837,0.010938524999801302,0.0,0.0,0.0
CON3-3,10,66.14931249987421,1.2243099999977858,0.049915560000044934,0.004516392000368796,0.0544705850002174,0.005657615000018268,0.11032617000000755,0.002437184999962483,0.08618035300014526,0.003990305000115768,0.004396489000100701,0.0041737659998943855,0.004966862000401306,0.04041489100018225,0.004878360000020621,0.34972092100042573,0.00544738199960193,0.20003769999993892,0.018668185000024096,0.018070230999910564,0.0,0.0,0.0
CON3-3,13,71.2173150000126,1.216373500028567,0.0641879049999261,0.006031865999830188,0.06379379299960419,0.007299463999970612,0.15333869399955802,0.0031047080001371796,0.10833704599963312,0.004506520000177261,0.005023586999868712,0.004915226999855804,0.006109171999924001,0.04780372300001545,0.005328716999883909,0.4639731390002453,0.010458036999807518,0.3182952870001827,0.029127038000297034,0.02900578900016626,0.0,0.0,0.0
CON3-3,11,70.77049100007571,1.3332779999473132,0.06234063600004447,0.005571249000240641,0.06132527299996582,0.006778088999908505,0.1326292049998301,0.0029704439998567977,0.09935254899983192,0.004335270999945351,0.004719568999917101,0.004665488000227924,0.005634704999920359,0.04295903100000942,0.003669022999929439,0.4162473520000276,0.007055476000005001,0.24702015499997287,0.024045664999903238,0.023899431999780063,0.0,0.0,0.0
CON3-3,9,68.25141200010876,1.289026999984344,0.04774198500035709,0.00656580600025336,0.05094648000022062,0.006208528000115621,0.10513704700042581,0.0024334559998351324,0.08363251299988406,0.003888239999923826,0.005129327000304329,0.004087042000264773,0.006133997999768326,0.04107835000013438,0.0036640680000346038,0.37293130200032465,0.004309315000227798,0.15852433200007,0.017402124000000185,0.015036295999834692,0.0,0.0,0.0
CON3-4,12,55.09750149985848,1.0151779999887367,0.051399273999777506,0.00454363300013938,0.050920698000481934,0.005900048000057723,0.11487534900061291,0.0024283329998979752,0.09072232399967106,0.011450551000052656,0.009846536000168271,0.006619986999794492,0.0102502419999837,0.05034572400018078,0.009399262999977509,0.4540818550003678,0.005990252000174223,0.23348165200013682,0.019810206999864022,0.01922710200005895,0.0,0.0,0.0
CON3-4,8,57.18341400006466,1.123232000054486,0.031533395999758795,0.002921539999988454,0.03276394499971502,0.0042419379997227225,0.06446948599977986,0.001575263000177074,0.05584847099999024,0.0026072730001942546,0.0027431140001681342,0.003632275000200025,0.0035150339999745484,0.029054119000193168,0.0028856690000793606,0.21818409299976338,0.0030785660001129145,0.10871799799997461,0.011558669999885751,0.010056085000087478,0.0,0.0,0.0
CON3-4,9,55.71468649986855,1.032762000022558,0.035850429000220174,0.003341699999964476,0.03552858200009723,0.00413677500000631,0.07379369999989649,0.0018587350000416336,0.06254708100004791,0.002890752999974211,0.0030464490000667865,0.0030140109997773834,0.003677948000131437,0.026929549000215047,0.0031777129997863085,0.2315933939999013,0.004007104999800504,0.13421286799984955,0.013396226000168099,0.01261917200008611,0.0,0.0,0.0
CON3-4,9,54.90666900004726,1.0360500000388129,0.041427379999731784,0.0038514650000252004,0.03737972599992645,0.00422597799979485,0.11194474199965043,0.0018464810000295984,0.06504040000027089,0.0030553080000572663,0.00330697900017185,0.0032824479999362666,0.003680651999729889,0.027430233999439224,0.0031722359999548644,0.23815120400013257,0.0036641910000980715,0.136587277000217,0.01327946899982635,0.012140258999806974,0.0,0.0,0.0
CON3-4,12,54.342990500117594,1.0168450000946905,0.04984321199981423,0.004525356000158354,0.046426905000316765,0.005404912000358308,0.10863023100091596,0.002376486999764893,0.0840816659997472,0.0035581189999902563,0.0038553430003958056,0.0038669250002385525,0.004573037000227487,0.03595180300044376,0.003903392999745847,0.3124860190000618,0.005421458999990136,0.22116106700013916,0.018705563000366965,0.019108372000118834,0.0,0.0,0.0
CON3-5,8,53.40848799983178,1.018927500126665,0.0401816910002708,0.0037649520004379156,0.039679727000475395,0.0046471050000036485,0.11156695400040917,0.0018890460000875464,0.06512013699966701,0.003156114999910642,0.0032539029998588376,0.0033508500000607455,0.004011676000118314,0.03062505300022167,0.0036231650001354865,0.257831914000235,0.003874381000059657,0.11628544699988197,0.012310928000260901,0.010249369000121078,0.0,0.0,0.0
CON3-5,8,53.92927050002072,0.9972254999865982,0.03232968599968444,0.0029489539997484826,0.03522233099965888,0.004420387000209303,0.07192987899998116,0.0018945019996863266,0.06583983299969987,0.003133882999918569,0.0033867400002236536,0.003429457000038383,0.004208746000131214,0.03037819400014996,0.003813972999978432,0.24417230999961248,0.0032381000000896165,0.10899591900033556,0.012207027999920683,0.010231275000023743,0.0,0.0,0.0
CON3-5,10,71.94097100000363,1.3349759999528032,0.0398852270000134,0.0037587369997709175,0.03843897399974594,0.0044439629996304575,0.08407915899942964,0.0019848319998345687,0.06928788300001543,0.0031392930000038177,0.0033687929999359767,0.003334681999604072,0.004107392000150867,0.03169572600018,0.0035673190000125032,0.31122259499989013,0.0055171819999486615,0.2095218700001169,0.02026177599964285,0.02416477999986455,0.0,0.0,0.0
CON3-5,9,67.59223849985574,1.3132210001458589,0.04465272900006312,0.004334205999839469,0.046280598000066675,0.005133752999881835,0.09457785500035243,0.002278741000282025,0.0789059769999767,0.0035963450000053854,0.003991126000073564,0.003951645000142889,0.00466322299962485,0.03454997199969512,0.0037646380001206126,0.30234990699955233,0.004817074999664328,0.169312914999864,0.016118180999910692,0.015163443999881565,0.0,0.0,0.0
CON3-5,15,54.42519550001634,1.0200425001585245,0.07899562700004026,0.007364482999946631,0.07667369099954158,0.008644934000130888,0.17704030599998077,0.003085222000208887,0.10890052900003866,0.0042488809999667865,0.004960300000220741,0.004854316000091785,0.006271471000218298,0.04822151200050939,0.004988105999927939,0.42463368499966236,0.007701403999817558,0.33177112000021225,0.027838964000238775,0.029394278000381746,0.0,0.0,0.0
CON3-6,9,67.99751549988287,1.2842019998515752,0.03684020499986218,0.003958147000048484,0.035834835000059684,0.004101290000107838,0.0739706260001185,0.0017642339998928946,0.06145699599983345,0.002821557000061148,0.003071496999837109,0.003111762000116869,0.0035750229999393923,0.026365761999841197,0.002978803000132757,0.26762065100001564,0.004952457999934268,0.1632367150000391,0.01566828000022724,0.014753287000075943,0.0,0.0,0.0
CON3-6,8,62.94915300009051,1.2222754999129393,0.03809202699994785,0.003601625000101194,0.037270024999997986,0.00435985600006461,0.07522753600005672,0.0019504199999573757,0.06610780999972121,0.003441408000071533,0.0034320009999646572,0.003419659999963187,0.003917802000160009,0.03803821000019525,0.0035424980001153017,0.24977801400018507,0.003835913999864715,0.12572442599957867,0.01308611500007828,0.011909490999642003,0.0,0.0,0.0
CON3-6,10,97.5526135000564,1.2294040000142559,0.045037556999886874,0.004630016999726649,0.04536944199981008,0.005294085000059567,0.09935038499997972,0.0023340689999713504,0.0815742559998398,0.003538528000262886,0.0038813119999758783,0.0038882439998815244,0.004580079999868758,0.034231761999762966,0.0037143199997444754,0.31675969299976714,0.005341713000234449,0.197835423000015,0.017884893999962514,0.017677155999990646,0.0,0.0,0.0
CON3-6,11,65.07587050009533,1.163581499895372,0.054505741000411945,0.005465236999953049,0.05594475499992768,0.006377049000093393,0.12285734899978706,0.0026700459998210135,0.09234269799981121,0.0040507160001652665,0.004475413000363915,0.004460932999791112,0.005453102000046783,0.042540246000044135,0.0046696320000592095,0.3670304950001082,0.005956141000297066,0.2255981480002447,0.020973922999928618,0.021016064999912487,0.0,0.0,0.0
CON3-6,12,60.082681500034596,1.01176100019984,0.056827306000286626,0.005770543000380712,0.059259547000237944,0.00689591999980621,0.13726447399994868,0.0029164380002839607,0.10070273300016197,0.004282940999928542,0.004787887000020419,0.004832768000142096,0.005724550999730127,0.04536980499960919,0.005015717999867775,0.433366560000195,0.005564576999859128,0.24909905000004073,0.03145856599985564,0.038776184000198555,0.0,0.0,0.0
CON3-7,10,68.13038450013664,1.190986499977953,0.03987424099977943,0.0039044529999046063,0.0393693500000154,0.004454933000033634,0.12484691899999234,0.002003184000386682,0.06926667199968506,0.0033113340000454627,0.0034015220003311697,0.003300721999949019,0.0038873240000611986,0.030726669000159745,0.0034494200003791775,0.3555016059999616,0.00629618599987225,0.20274107100021865,0.017908888999954797,0.019526809000126377,0.0,0.0,0.0
CON3-7,7,63.986858000134816,1.227115499887077,0.03205987699993784,0.002928375000010419,0.030021218999991106,0.0034714969997367007,0.058789513999727205,0.001592033999713749,0.05465585000001738,0.0026973789999829023,0.002708744999836199,0.002863457000330527,0.0031683549996159854,0.02415128399934474,0.0029334979999475763,0.1988126899996132,0.002953128999706678,0.10001945700014403,0.011179304999586748,0.009606339000129083,0.0,0.0,0.0
CON3-7,12,66.07484849996581,1.0750100000223028,0.05832049799982997,0.005893060999824229,0.05830480599979637,0.006799843999942823,0.13826585899960264,0.0030043350002415536,0.11102130299968849,0.004461142000309337,0.005015168999761954,0.004868795000220416,0.006064681999760069,0.048289948999808985,0.0048026800000116054,0.4104613199997402,0.006982544000038615,0.2848462539996035,0.024291521000122884,0.025062184000034904,0.0,0.0,0.0
CON3-7,9,57.82514349994017,1.0687520000374207,0.037581723000130296,0.004387352999856375,0.038987076999546844,0.004282765999960247,0.07955057399976795,0.001874801999747433,0.06593650099966908,0.0029307679997145897,0.0033319459998892853,0.003235893999772088,0.003988866999861784,0.029177094999795372,0.003276366000136477,0.25945881899997403,0.004023448000225471,0.14215897099984431,0.013874157999907766,0.01359781600012866,0.0,0.0,0.0
CON3-7,12,53.265518499983955,0.999927499833575,0.050415304000125616,0.004675794999911886,0.04948433900017335,0.005714109999644279,0.11508615399998234,0.0023813600000721635,0.08677489299998342,0.003808859999935521,0.0042086650000783266,0.004147170999658556,0.005095600000004197,0.03875755899980504,0.004495791999943322,0.3222658979998414,0.005463638000037463,0.2147683660000439,0.019320545000027778,0.019085674000052677,0.0,0.0,0.0
CON3-8,8,67.22269500005496,1.07194850011183,0.03591015999973024,0.004443318999619805,0.03764650799939773,0.00418329400008588,0.07295907599973361,0.00365998299957937,0.06463117700013754,0.0031646209999962593,0.0032423190000372415,0.003516908999699808,0.004166430000168475,0.027686793000157195,0.003072868000344897,0.23365083299995604,0.003613127999869903,0.11709833599979902,0.012331120999988343,0.011986315999820363,0.0,0.0,0.0
CON3-8,9,65.40135700015526,1.1696099998061982,0.06286414999976842,0.0044890839999425225,0.043456716999571654,0.004783120999945822,0.08747888399966541,0.002304013999946619,0.07952342999988105,0.0034913070003312896,0.0037197639999249077,0.00371947999974509,0.004152399999838963,0.033630706000167265,0.004361669999980222,0.296171081999546,0.004639395000140212,0.162607855999795,0.016247527000359696,0.016445006000139983,0.0,0.0,0.0
CON3-8,10,69.16176499998983,1.206902999911108,0.05456686499974239,0.004759762000048795,0.048113113999988855,0.005432452999684756,0.10351151499980915,0.0028012799998577975,0.07052324400001453,0.003217182000298635,0.0034207370003969118,0.003406537000046228,0.004215586000100302,0.033287318000020605,0.004200155000035011,0.3359662699999717,0.005543827000110468,0.2020493830000305,0.018619502999627002,0.018377093000253808,0.0,0.0,0.0
CON3-8,13,55.84040499979892,1.012231000004249,0.06986457099992549,0.005935399000009056,0.0762878189998446,0.007296278000012535,0.16868546399973638,0.0031061549998412374,0.12097297699983756,0.004984623999916948,0.005543331000353646,0.005840517000251566,0.006482600999788701,0.053551898999558034,0.005906746000164276,0.40404873399984353,0.006218827999873611,0.2647734010001841,0.02334643300036987,0.023388922000322054,0.0,0.0,0.0
CON3-8,10,69.22714800020913,1.3254005000362667,0.04712570300034713,0.005097971999930451,0.045104064000042854,0.005182845000035741,0.09898158299984061,0.002314686999852711,0.0815214859999287,0.0035304339999129297,0.00377350300004764,0.0037365869998211565,0.004687528999966162,0.0374881490001826,0.0038918109999031003,0.32752702199968553,0.005304102000081912,0.19252958099968964,0.01896405700017567,0.02048021200016592,0.0,0.0,0.0
CON3-9,7,54.539605500167454,1.0388739999598329,0.03434962799974528,0.0034236970000165456,0.038005058000180725,0.0039068549999683455,0.06854051100026481,0.0018129549998775474,0.056574321999960375,0.002812818000165862,0.002932725000391656,0.0030468260001725866,0.0040855150000425056,0.02581428700023025,0.003153239000312169,0.21834379400024773,0.0031617869999536197,0.10669611000002988,0.011451206999936403,0.010958888999994087,0.0,0.0,0.0
CON3-9,12,67.96219950001614,1.259591999996701,0.04929961399966487,0.0044650770000771445,0.050072289999661734,0.005473582999911741,0.11319449599932341,0.002366653000080987,0.08442787300009513,0.0034033939996334084,0.0038518589999512187,0.0038541100002476014,0.0048864850000427396,0.037980546000198956,0.00406914700033667,0.3521368850001636,0.00579911600016203,0.23077314600004684,0.020370170999740367,0.020690090999778477,0.0,0.0,0.0
CON3-9,10,68.09815750011694,1.264657000092484,0.042049162999774126,0.00388094900017677,0.043293494999943505,0.004673963999721309,0.13078672299934624,0.002049269000053755,0.06883888799984561,0.0031007659999886528,0.003542824999840377,0.0033914350001396087,0.005301119999785442,0.04320631299970046,0.004572770999857312,0.35687645899997733,0.005520738000086567,0.203805456000282,0.019836085999941133,0.018507640000279935,0.0,0.0,0.0
CON3-9,10,66.70953899993037,1.325071999872307,0.05152676700026859,0.004773616999955266,0.05066766700019798,0.006028662999597145,0.1104357359995447,0.0025039789998118067,0.0913246549998803,0.003926771999886114,0.004313440999794693,0.004301999999825057,0.0060470829998848785,0.04133556299984775,0.004150678999849333,0.2784675220000281,0.004787448000115546,0.17076867000014317,0.017272179999963555,0.015373223000096914,0.0,0.0,0.0
CON3-9,11,70.97462149999956,1.2989394999749493,0.05631870799970784,0.004626419000032911,0.04797594600040611,0.005168414000308985,0.15552648700077043,0.002471699000125227,0.08010639299982358,0.0033948089999285003,0.0037123490001249593,0.0037090159999024763,0.004386627000258159,0.034568237000257795,0.0036111150002398062,0.29405861200029904,0.004898288000276807,0.2101568100001714,0.021431154000310926,0.02403278900010264,0.0,0.0,0.0
HANOI-100-1,3,72.74924300008934,1.45002650015158,0.012155243000051996,0.0012283979999665462,0.011444412999935594,0.001386886000091181,0.01869140500002686,0.0008157580000442977,0.019968511999650218,0.0017100739996749326,0.0016872979999789095,0.0016454569999950763,0.0014138799997454043,0.00946533999967869,0.0012361779999991995,0.07273446099998182,0.0010114520000570337,0.024329792000116868,0.0039181309998639335,0.0026077060001625796,0.0,0.0,0.0
HANOI-100-1,18,65.86101149991919,1.2422809998042794,0.09511805600004664,0.008744096000100399,0.09329562800030544,0.01035939400026109,0.26369040800045696,0.0046545010000045295,0.15434460799997396,0.007035712999822863,0.006850134000160324,0.006752900000265072,0.008836931000132608,0.07070500899999388,0.006989908999912586,0.6120922070003871,0.012538615000266873,0.45607596299987563,0.049926674000289495,0.04567714099994191,0.0,0.0,0.0
HANOI-100-1,20,67.09205250012928,1.2748340000143799,0.0972359380002672,0.010923344000275392,0.10142190100032167,0.011370934999831661,0.49180531800038807,0.005190849999962666,0.18136218900008316,0.0074755529999492865,0.007810250000147789,0.007719269000062923,0.01067649899960088,0.08376848299985795,0.0073612340002000565,0.6906119500004024,0.014967904000059207,0.6434958210002151,0.04816490299981524,0.05935534499985806,0.0,0.0,0.0
HANOI-100-1,17,68.00565549997373,1.2748315000408184,0.08131544899970322,0.008319948999996996,0.08450102100005097,0.009841960000358085,0.23388142200064976,0.004308648000005633,0.15207338200025333,0.006733638000241626,0.0068231899999773304,0.006679391000034229,0.008714662999864231,0.06512338199991063,0.00807494399987263,0.5550683110000136,0.010885753999900771,0.45702522400006274,0.03823054700023931,0.0422026440000991,0.0,0.0,0.0
HANOI-100-1,19,61.24138950008273,1.0573140000360581,0.10026421199972901,0.009440918999644055,0.0965712389993314,0.012514423000084207,0.2934292399995684,0.005006379999940691,0.17108534599992709,0.0076143809997120115,0.007699825000145211,0.007586253000226861,0.009797296000215283,0.07539279599996007,0.007217820000278152,0.6896877199997107,0.013238143999842578,0.6064359160000095,0.04744806700000481,0.05858527500004129,0.0,0.0,0.0
HANOI-100-1,23,54.35398250006074,1.0323090000383672,0.09460817499984842,0.008637632000045414,0.09224172199992609,0.010345144999973854,0.3039937319999808,0.006590711000171723,0.16710527400027786,0.006679460999748699,0.007441405000008672,0.007527399000082369,0.009357520999856206,0.07262523799954579,0.007553051000286359,0.6997329170003468,0.015761182000005647,0.6616367299998274,0.0496985519998816,0.06150013599972226,0.0,0.0,0.0
HANOI-200-1,21,54.867388499815206,1.0516979998556053,0.09604096800012485,0.011446685999999318,0.11357131799968556,0.011090683000020363,0.4854212689997439,0.004545538000002125,0.15021977800006425,0.0064361030003965425,0.006921997000063129,0.007240453999656893,0.009759375000157888,0.07020772600026248,0.006320858999970369,0.5923898639998697,0.01243143500005317,0.5315654240002914,0.05077951099974598,0.06880199900024309,0.0,0.0,0.0
HANOI-200-1,21,73.32611250012633,1.2644930000078602,0.08670532399992226,0.008189103999939107,0.1021884809997573,0.012359414999991714,0.3295369799998298,0.0052073520000703866,0.17639937200010536,0.006396070999926451,0.006843259000106627,0.006707837999783806,0.008770586000082403,0.06809711400001106,0.0059898839999732445,0.648815015999844,0.017890254000121786,0.7401956580001752,0.05595672799972817,0.07667019200016512,0.0,0.0,0.0
HANOI-200-1,13,54.503126499866994,1.050889999987703,0.06825325799991333,0.006326203000298847,0.06395945100030076,0.0071324059999824385,0.22876089500005037,0.0030118710001261206,0.10409511999978349,0.004848290999689198,0.00482223500011969,0.004762104999826988,0.005841020000389108,0.0453581950005173,0.00448236000011093,0.3789128600001277,0.006286885000008624,0.23626034100016113,0.022920485999748053,0.023633951999727287,0.0,0.0,0.0
HANOI-200-1,18,59.93028599982608,1.0162779999518534,0.0731478520001474,0.0070052969999778725,0.08214644400004545,0.009075087999917741,0.23417602800009263,0.0038446689995907946,0.14095433599959506,0.006456835000335559,0.006424765999781812,0.006209695000052307,0.009372257999984868,0.0791401409996979,0.006866838999940228,0.5820379899996624,0.009509404999789695,0.40563397500000065,0.036360974999752216,0.04240713000035612,0.0,0.0,0.0
HANOI-200-1,14,68.55326849995436,1.2859409998782212,0.05606319099979373,0.005334897000011551,0.054050448999987566,0.00671155700001691,0.14496491799991418,0.0029158930001358385,0.11677988800011008,0.004383718000099179,0.004812227000002167,0.004781211000135954,0.005917500000123255,0.047593553000297106,0.0037983950001034827,0.37668000700023185,0.007323207999888837,0.3778823099996771,0.027072199000031105,0.03042239399974278,0.0,0.0,0.0
HANOI-200-1,22,67.82081899996228,1.216012499980934,0.11669227099991986,0.011518754000007903,0.1135070230002384,0.012768447999860655,0.36801080199984426,0.005553620999762643,0.19227984100007234,0.008254725999904622,0.008447749999959342,0.008087097000043286,0.010923487000127352,0.08579324100037411,0.0080834989998948,0.798542346999966,0.014420845000131521,0.6134986380002374,0.04927497500011668,0.06308933799982697,0.0,0.0,0.0
HANOI-200-1,16,65.6090459999632,1.2570319997848856,0.07706059400015874,0.007535380000263103,0.0767986550004025,0.009083324000130233,0.20986891800066587,0.003859617999751208,0.1356810399997812,0.006488033999630716,0.006518541000332334,0.006538668000303005,0.008693128999766486,0.062024327000017365,0.006101830999796221,0.5710826819999966,0.01003578399968319,0.3866671129999304,0.034888055000010354,0.041095598000083555,0.0,0.0,0.0
HANOI-200-1,22,73.04734900003496,1.3197980001677934,0.11133388399957767,0.01089779499989163,0.1155320389998451,0.013229788999979064,0.37026991299990186,0.005830325999795605,0.20144872300033967,0.008617660999789223,0.009868811000160349,0.008620346000043355,0.011974014999850624,0.09128011299981154,0.008069867999893177,0.7815552159995605,0.01656554100009089,0.7655446549997578,0.0588839989995904,0.07379056800027683,0.0,0.0,0.0
HANOI-200-1,21,55.39602899989404,1.0154480000892363,0.16815572199993767,0.011245556000176293,0.10083675500027312,0.01106002599999556,0.29395677300044554,0.004296265999983007,0.19082247799997276,0.008128683999984787,0.008326303000103508,0.008196063000013964,0.010813108000093052,0.08191553000051499,0.007373441000254388,0.618286069000078,0.012514266000380303,0.5401219029999993,0.04299642700016193,0.05061544899990622,0.0,0.0,0.0
HANOI-200-1,18,70.31805299993721,1.3771129999895493,0.07226803999992626,0.006569175000095129,0.07149868200031051,0.00812571200003731,0.2050496470001235,0.0036710340000354336,0.12906435700006114,0.005559731999710493,0.005589440000221657,0.00558017799994559,0.007152148999921337,0.05553877999955148,0.005050849999861384,0.618504935999681,0.013128964999850723,0.4700132399998438,0.040694664000056946,0.0508796839999377,0.0,0.0,0.0
HANOI-200-1,14,53.293636000034894,1.0129970000889443,0.07537032699974588,0.007489499000257638,0.07461041700025817,0.006929369999852497,0.16724368599989248,0.0030053489999772864,0.11687211700018452,0.0041817000001174165,0.0044820810003329825,0.004435990999809292,0.005550735000269924,0.04396064299999125,0.004315968000355497,0.38284221200046886,0.006731246000072133,0.27481117000024824,0.024155921999863494,0.024997686999995494,0.0,0.0,0.0
HCMC-100-1,16,56.07226749998517,1.0135535001154494,0.07194719199969768,0.006972087000121974,0.07192580400032966,0.00816277399962928,0.191966721999961,0.0036479949999375094,0.12512979100029042,0.005111660000238771,0.005334715000117285,0.0052759039999727975,0.006510481999612239,0.05064370899981441,0.005024024000249483,0.4399433180001324,0.008123001000058139,0.34872959699987405,0.03011682199939969,0.03314826199994059,0.0,0.0,0.0
HCMC-100-1,20,72.92224999991959,1.5339230001245596,0.08292523999989498,0.008308968999699573,0.08071110999981101,0.0088465769999857,0.25725065699998595,0.004999785000109114,0.14548308199982785,0.007069612000123016,0.006409796999832906,0.006522187999962625,0.01509856300026513,0.124843064000288,0.008210851000058028,0.6824784430000363,0.014799908999975742,0.45850928500021837,0.04339765999975498,0.05825892099983321,0.0,0.0,0.0
HCMC-100-1,3,69.98629700001402,1.2546980001388874,0.015706499999851076,0.00142687500010652,0.012264996999874711,0.0014416799999708019,0.01956058799987659,0.0006919689999449474,0.021047490000000835,0.002452202000313264,0.0021946770002614358,0.0035430279999673076,0.0015707090001342294,0.009868612999980542,0.0013636759999826609,0.08123347299988382,0.0011044249999940803,0.02679593199991359,0.003997473999788781,0.0031346509999821137,0.0,0.0,0.0
HCMC-100-1,22,59.498749999875145,1.0755294999853504,0.12367316500012748,0.01370955899983528,0.12179225099953328,0.01236826900003507,0.3673651489993972,0.0055464000001848035,0.18548091599996042,0.008592265000061161,0.010609076000037021,0.009573353999712708,0.011627248999957374,0.09474014699981126,0.009152486999937537,0.7663277940000626,0.013139218000105757,0.5736877710000954,0.05389911500014932,0.06626478699990912,0.0,0.0,0.0
HCMC-100-1,21,57.55836949992954,1.0988700000780227,0.09383196299995689,0.008483517000058782,0.08665773900020213,0.010040919999937614,0.266354997000235,0.004317341999922064,0.16541152199988574,0.007770452999920963,0.008627555000202847,0.009772068000074796,0.01254344900007709,0.08563776800019696,0.0071559650000381225,0.6659923669999444,0.012121641999783606,0.6085885679999592,0.04473524700006237,0.04877385100007814,0.0,0.0,0.0
HCMC-100-1,18,74.10662899997078,1.4200000000528235,0.0750451549997706,0.007038635000299109,0.07446712000000844,0.008146866000060982,0.21303460300032384,0.003674840000257973,0.13103783199994723,0.005725639000047522,0.005619754000235844,0.005628285000057076,0.007286899000064295,0.0586594530000184,0.005062261000148283,0.5915960850002193,0.014975646000038978,0.47548451600005137,0.04172545599976729,0.04757722000022113,0.0,0.0,0.0
HCMC-200-1,18,89.17092199999388,1.3753385001109564,0.07590871399997923,0.009153006999895297,0.0789405989999068,0.008457675000045128,0.34970595499999035,0.004775082000378461,0.1478400179998971,0.005656140000155574,0.0055876350002108666,0.005606766999790125,0.007211904000087088,0.056662047000372695,0.005416824999883829,0.5363942819999465,0.01310265000029176,0.5449085350001042,0.03971175500009849,0.05009846699977061,0.0,0.0,0.0
HCMC-200-1,21,67.276706499797,1.266724500055716,0.11333910199982711,0.010837786000138294,0.1096626529997593,0.013570833999892784,0.3550918979999551,0.0075824360001206514,0.1946657140001662,0.008244696000019758,0.008419609000156925,0.008227027999964776,0.010743984000328055,0.08355117400014933,0.007822271999884833,0.6788468139998258,0.012609146000158944,0.5590448250000009,0.058514629999990575,0.06237676199998532,0.0,0.0,0.0
HCMC-200-1,18,69.0629954999622,1.3055540000550536,0.08773655200002395,0.00845785799992882,0.08904273899997861,0.010576858000149514,0.25729486999989604,0.004572742999698676,0.15492206399994757,0.006834038999841141,0.007110009000371065,0.007106079000095633,0.009444018000067445,0.0699147840000478,0.006846233000032953,0.605206681999789,0.012225166000007448,0.4608807239997077,0.044327762000193616,0.054624322000108805,0.0,0.0,0.0
HCMC-200-1,15,69.66482500001803,1.2570240000968624,0.07926204799969128,0.007271482999840373,0.08093126999983724,0.011315984999782813,0.33889735199954885,0.0038780569998380088,0.127208279000115,0.006123878999915178,0.006140862999927776,0.006394592999640736,0.0075891340002272045,0.062029114000324626,0.0059690540001611225,0.5324739269999554,0.010794122000334028,0.37305343600019114,0.03615060199945219,0.03982001600024887,0.0,0.0,0.0
HCMC-200-1,17,66.27921900008005,1.2152580000019952,0.08328356000038184,0.008472176999930525,0.08260236900014206,0.01001982500019949,0.2249555650005277,0.0040070730001389165,0.15092147999985173,0.00663893899991308,0.00645697600020867,0.006899034000070969,0.008893219999663415,0.06347038899957624,0.0054639089999000134,0.5422399970002516,0.01069758699986778,0.42441849200031356,0.0369629189999614,0.04245752099996025,0.0,0.0,0.0
HCMC-200-1,21,69.66135350012337,1.3051670000550075,0.10540218000005552,0.011861821999900712,0.10715406999952393,0.011344742999881419,0.3298547309991591,0.005228485999850818,0.18261253099990427,0.008100203000140027,0.008456117000150698,0.008101497999632556,0.01097819000005984,0.08653740499994456,0.00733952499967927,0.7438231009996343,0.015214662000289536,0.6354820100000325,0.04594749599982606,0.057869335000305,0.0,0.0,0.0
HCMC-200-1,25,54.30195000008098,0.9956405001503299,0.12272884399999384,0.011951104999752715,0.12466246899975886,0.01459360699982426,0.4392376609994244,0.006769572999928641,0.23397002599995176,0.009344388999579678,0.009721691999857285,0.009547033999751875,0.012742892999995092,0.11128433200019572,0.008572036000259686,0.8685939389997657,0.018658900999980688,0.7258504430001267,0.07228775100020357,0.09145954699988579,0.0,0.0,0.0
HCMC-200-1,19,62.63706100003219,1.1882985002102942,0.07617871499996909,0.007067354000355408,0.07453723100024945,0.008547069000087504,0.2258605050001279,0.0038587740000366466,0.13996756300002744,0.005811777999952028,0.006251929999962158,0.00714509099998395,0.008406463000028452,0.06053213599989249,0.005497511000157829,0.5256678190003186,0.013711616999898979,0.5738473159999558,0.039364840000416734,0.04761401099995055,0.0,0.0,0.0
HCMC-200-1,17,56.38741949996984,1.1450459999196028,0.0706910560002143,0.006632050000007439,0.08222922000004473,0.00975117500001943,0.23496094600022843,0.004015040000012959,0.1263183900000513,0.006010442999922816,0.0060140209998280625,0.005871931000001496,0.007055184999899211,0.05356932299991968,0.0057616039998720225,0.47660622400007924,0.009057736999693589,0.35680317600008493,0.03260287900002368,0.03556358799960435,0.0,0.0,0.0
HCMC-200-1,15,70.67864199984797,1.3715070001580898,0.06579909900028724,0.007073692000176379,0.06756851599993752,0.007610890000250947,0.1660054410003795,0.003087440999934188,0.11410057100010818,0.004843661999984761,0.005424621999736701,0.005183058000056917,0.0066431539999030065,0.04797206300008838,0.004233688000113034,0.39806350800017753,0.009052746000179468,0.3891178140002012,0.02971060200025022,0.03424836600015624,0.0,0.0,0.0
HCMC-200-1,14,73.77567599996837,1.3022680000176479,0.07422756599999047,0.006825295999988157,0.07522332200005621,0.008337163999840413,0.29418328300016583,0.0037065090000396594,0.12003754099987418,0.006050107000191929,0.005941061000157788,0.005948709000222152,0.00743375100000776,0.05853419200002463,0.006728435999775684,0.4934552929998972,0.00842998300004183,0.3327854229996774,0.031893185999706475,0.03509983699996155,0.0,0.0,0.0
NYC-100-1,14,71.07410050002727,1.3012069998694642,0.07145279599990317,0.007043624999823805,0.0690143439996973,0.008555877000162582,0.17917009299981146,0.003622105999966152,0.12745612999970035,0.005058302999714215,0.005811685000026046,0.005886236000151257,0.007126114000129746,0.053617296000084025,0.0058961350000572565,0.45013590899998235,0.007857110999793804,0.3426173349998862,0.030849784000110958,0.033566578999852936,0.0,0.0,0.0
NYC-100-1,23,54.01040850006211,1.0554120001415868,0.11885453400009283,0.011144147999857523,0.11451966399999947,0.013328430999990815,1.6643300000000636,0.006841605000317941,0.20625879699991856,0.009507697000117332,0.0096658990000833,0.008687182999892684,0.01153264799995668,0.08865712999977404,0.008539983999980905,0.7749704459997702,0.015499805000217748,0.7502742090000538,0.050693472000148176,0.05926779399987936,0.0,0.0,0.0
NYC-100-1,18,61.57471400001668,1.1883735000992601,0.07566937599995072,0.00773605199992744,0.07602239200014083,0.009330045000297105,0.34426794300043184,0.0036110730002292257,0.16015782300019055,0.005803554999602056,0.005727375999867945,0.0060137609998491826,0.007511672999953589,0.05862315400008811,0.005883071999960521,0.5874679220000871,0.012610041999778332,0.5285195430001295,0.03834766900035902,0.043205252999996446,0.0,0.0,0.0
NYC-100-1,15,57.52842700007932,1.1899230000835814,0.06757421400016028,0.006354656000439718,0.07346754000082001,0.00865435300011086,0.1948553700008233,0.003736089000085485,0.13690498300002218,0.0070069549997242575,0.006578853999599232,0.006340161000025546,0.007696144999954413,0.062231891000010364,0.005850551999628806,0.5837238580002122,0.007857670000248618,0.31279733099972873,0.030908333000297716,0.0313585429998966,0.0,0.0,0.0
NYC-100-1,18,53.96893950000958,1.0704430001169385,0.07460135400015133,0.007516928000313783,0.07380625000041618,0.008242535000135831,0.20905670600086523,0.004768889999922976,0.16059088999963933,0.007525301999976364,0.00740702799976134,0.0073081489999822224,0.01157945299974017,0.07846772999982932,0.0071145309998428274,0.6653350220003631,0.014370181000231241,0.4331284500003676,0.0343266500003665,0.039195211000333074,0.0,0.0,0.0
NYC-100-1,12,56.45678749988292,1.057280000168248,0.04716927399977067,0.004413643999669148,0.04537145399945075,0.0052730990000782185,0.10809587799940346,0.002588295999885304,0.08597142600001462,0.003478267999980744,0.003872855999816238,0.003919395000139048,0.004920375999972748,0.03547183099999529,0.0033904090000760334,0.38016020499981096,0.0059450969997669745,0.2150678439998046,0.018943430000035733,0.019634638000297855,0.0,0.0,0.0
PARIS-100-1,19,52.99481800011563,0.9862290000910435,0.07879174000026978,0.007472039999811386,0.07716117299969483,0.00886016100002962,0.22762995599987335,0.003823281000222778,0.1326087320003353,0.0057479179999972985,0.005875074999948993,0.005839148999712052,0.00782999299963194,0.06031952099965565,0.005668303999755153,0.5289833189995079,0.010497658000076626,0.43163937300005273,0.03821226600030059,0.04571498999985124,0.0,0.0,0.0
PARIS-100-1,5,54.30849350000244,1.0615199998937896,0.017955031000383315,0.0017379689998051617,0.017344417000003887,0.0020871669998996367,0.030551143000138836,0.0009727679998832173,0.031809410999812826,0.0018554670000412443,0.0018467780000719358,0.0019238519998907577,0.001964983999641845,0.01376461699965148,0.001520931999948516,0.1145145039995441,0.0015943550001793483,0.06005960299989965,0.010279237999839097,0.010047855000266281,0.0,0.0,0.0
PARIS-100-1,18,55.34093100004611,1.100394000104643,0.07255946600025709,0.007117293999726826,0.0713419839994458,0.008294099000067945,0.20334896899930754,0.0035921809999308607,0.12979396199989424,0.0055177710000862135,0.0056002329997681954,0.005775525999979436,0.007210543999917718,0.055500427999959356,0.005130536000251595,0.47401652699954866,0.009446265999940806,0.39919064300011087,0.034118648000003304,0.04044651000003796,0.0,0.0,0.0
PARIS-100-1,18,53.49838200004342,1.0582565000731847,0.07382113099993148,0.007455317999756517,0.07410424699992291,0.008837040999878809,0.20572614899992914,0.0036598089996005,0.13371434000009685,0.005420159999630414,0.0054341929999282,0.005507901999862952,0.00989307200006806,0.06907464000005348,0.004673108000133652,0.48440864899976077,0.009441383000194037,0.38123448900023504,0.03384010399986437,0.03750587500007896,0.0,0.0,0.0
PARIS-100-1,20,53.85998950009707,1.0524604999773146,0.07914558199991006,0.007653285000287724,0.07841853100035223,0.009127734000230703,0.23879371000066385,0.004026700000395067,0.14661061800006792,0.005355810000310157,0.0062099389997456456,0.006104612999934034,0.008047697000165499,0.06182375900016268,0.005288408000069467,0.5266944580002928,0.011395032999644172,0.5092113589998917,0.03853041200000007,0.04470306800021717,0.0,0.0,0.0
PARIS-100-1,20,55.622735499810005,1.0414639998543862,0.08119380900006945,0.00776387199994133,0.07995641500019701,0.009406739000041853,0.2463117769998462,0.004018558000097983,0.14076955200016528,0.00622435300010693,0.006151825999950233,0.006089377999614953,0.008263808000265271,0.06500401100038289,0.006228059000022768,0.5521463820000463,0.011738526000044658,0.49872799600007056,0.04113893400017332,0.049458870999842475,0.0,0.0,0.0
SHANGHAI-100-1,19,54.2064295000273,1.0174379999625671,0.07949139199990896,0.007538021999607736,0.07698091199972623,0.008862784000029933,0.22630320799953552,0.003920940000170958,0.13063883699987855,0.0059720320000451466,0.006027052000263211,0.005882234999717184,0.007512034000228596,0.05929512400052772,0.00562921600021582,0.5094721409996055,0.01081439599965961,0.4348488180003187,0.03701817800038043,0.04381596300027013,0.0,0.0,0.0
SHANGHAI-100-1,9,54.46991500002696,1.0259774999212823,0.034173198000189586,0.003446087999691372,0.03374031899966212,0.004162037999776658,0.07036081499973079,0.0017825189997893176,0.06207447799988586,0.0027350650002517796,0.0030064539996601525,0.0029821520001860335,0.003499247000036121,0.026093005999882735,0.002505031000055169,0.22426087399981043,0.0036562089999279124,0.14065632400024697,0.012933217999943736,0.012500602999807597,0.0,0.0,0.0
SHANGHAI-100-1,19,53.98138300006394,1.0604725000575854,0.07679129500002091,0.007685007999953086,0.0769592379997448,0.008882838999852538,0.7703814999995302,0.003788845000144647,0.13794658799997706,0.005924738000430807,0.005844074999913573,0.006001020999974571,0.007879705000050308,0.05947099600007277,0.005597299999863026,0.5086294369998541,0.010626804999901651,0.43783323799971186,0.039185965999877226,0.04592827299984492,0.0,0.0,0.0
SHANGHAI-100-1,19,64.5397905000209,1.2425985000845685,0.07678807999991477,0.007093690999681712,0.07710318699946583,0.01006246299994018,0.23287284299931343,0.003946029999951861,0.12991928700012068,0.0061294800002542615,0.0062489150000146765,0.006098651999764115,0.00798862999999983,0.06678697300003478,0.006779165000352805,0.5578622179996273,0.015280409000297368,0.560808753999936,0.05813933699982954,0.054186075999950845,0.0,0.0,0.0
SHANGHAI-100-1,17,64.54092400008449,1.219356499859714,0.08364482199976919,0.008239647999744193,0.08374496099986573,0.009324743999968632,0.23860565799986944,0.004129941999963194,0.13022935899971344,0.0066971249998459825,0.0066651379997892946,0.0066190269999424345,0.008148428999902535,0.06567958200002977,0.00674565999997867,0.5494207899996582,0.011307974999908765,0.3883473020000565,0.03902077200018539,0.04925243300021975,0.0,0.0,0.0
SHANGHAI-100-1,17,53.84744699995281,1.0071450001305493,0.08268559900034234,0.007849691000046732,0.08338824699967518,0.00962023500005671,0.23278451499936637,0.0042590620000737545,0.15343211600020368,0.006420691000130319,0.006654896999862103,0.006570520999957807,0.008595473000241327,0.06835450600010518,0.006706487999963429,0.5761728869997569,0.01194087199974092,0.426601828999992,0.033514838999963104,0.03664368999989165,0.0,0.0,0.0
