instance,source,profile,policy,repetition,seed,N,dimension,alpha,capacity,iterations,direction,calls,coverage,certified_feasible,certified_infeasible,fallbacks,mean_pieces,mean_route_length_checked,K,distance,objective_raw,full_gate_seconds,cert_gate_seconds,full_solver_seconds,cert_solver_seconds,gate_speedup,solver_speedup,solver_speedup_with_prep,prep_seconds,explained_variance,effective_rank,entropy_rank,top_share,residual_cvar,audit_checks,identity_pass
CON3-0,CON3-0.vrpspd,moderate,WDRO,0,52026,50000,10,0.9,686.8838949999999,20,SLOPE,11132,0.53099173553719,4384,1527,5221,4.143550125763564,11.287549407114625,5,657.7975999999999,845.468774117647,172.8738025999637,61.336899300023106,173.10184760000084,61.52117890000045,2.81843074189925,2.813695229757692,2.8129993915421987,0.015218200000163051,0.09943670037888847,1.1986707418972964,1.4508599731607275,0.9103088726315018,4.059642893894834,511,1
CON3-0,CON3-0.vrpspd,moderate,WDRO,1,62033,50000,10,0.9,686.8838949999999,20,SLOPE,10594,0.5469133471776477,4796,998,4800,4.069001321502737,10.83660562582594,5,651.0797,838.7508741176471,105.84523079999144,55.503589499987356,105.98684529999991,55.665917100000115,1.90699793929572,1.903980942406852,1.903460565754653,0.015218200000163051,0.09943670037888847,1.1986707418972964,1.4508599731607275,0.9103088726315018,4.059642893894834,511,1
CON3-0,CON3-0.vrpspd,moderate,WDRO,2,72040,50000,10,0.9,686.8838949999999,20,SLOPE,13134,0.5180447693010507,5473,1331,6330,3.993071417694533,11.139333028780264,5,657.7975999999999,845.468774117647,138.06480180001563,75.09693499995774,138.23201879999942,75.3080060000002,1.8384878397512938,1.8355554228855702,1.8351845698076046,0.015218200000163051,0.09943670037888847,1.1986707418972964,1.4508599731607275,0.9103088726315018,4.059642893894834,511,1
CON3-1,CON3-1.vrpspd,moderate,WDRO,0,102026,50000,10,0.9,787.318705,20,SLOPE,10247,0.4113399043622524,3676,539,6032,3.7636381379916073,11.559188055040499,5,605.5763,785.9123537254902,117.40508930000306,74.4268241000309,117.53444219999983,74.58972710000035,1.5774566592040613,1.5757457061402667,1.5754185801209177,0.015488099999856786,0.09961155206479348,1.2470022441669082,1.5133625938216217,0.8903415847225523,4.064959922837222,437,1
CON3-1,CON3-1.vrpspd,moderate,WDRO,1,112033,50000,10,0.9,787.318705,20,SLOPE,11314,0.4382181368216369,4294,664,6356,3.7929998232278592,11.76339048965883,5,595.8143,776.1503537254903,130.99197690007531,84.10418100007246,131.1368438999998,84.29170030000023,1.5574966112560142,1.55575036964819,1.5554645622602647,0.015488099999856786,0.09961155206479348,1.2470022441669082,1.5133625938216217,0.8903415847225523,4.064959922837222,437,1
CON3-1,CON3-1.vrpspd,moderate,WDRO,2,122040,50000,10,0.9,787.318705,20,SLOPE,10858,0.4462147725179591,4021,824,6013,3.7636765518511694,11.851538036470805,5,604.1061,784.4421537254902,127.99879130001136,73.82369540005675,128.15103140000065,74.01989869999943,1.7338442705472175,1.7313051443017125,1.7309429576722613,0.015488099999856786,0.09961155206479348,1.2470022441669082,1.5133625938216217,0.8903415847225523,4.064959922837222,437,1
CON3-2,CON3-2.vrpspd,moderate,WDRO,0,152026,50000,10,0.9,726.3204099999999,20,SLOPE,11015,0.4182478438492964,3903,704,6408,4.170403994552882,12.058374943259192,4,542.847,672.9683352156862,123.6178105999652,78.19685549999303,123.7795543000002,78.39410399999997,1.5808539845950227,1.5789395883649648,1.5785938644033979,0.0171688999998878,0.09985959276913488,1.236793060512684,1.5042194801492956,0.8946219380941445,4.066173022536861,578,1
CON3-2,CON3-2.vrpspd,moderate,WDRO,1,162033,50000,10,0.9,726.3204099999999,20,SLOPE,12207,0.48488572130744656,4868,1051,6288,4.306381584336856,12.100352256901777,4,545.5692,675.6905352156863,139.3963271999928,78.77373750005609,139.56688870000016,78.98244780000005,1.7695786898507078,1.7670620826213503,1.7666780489581828,0.0171688999998878,0.09985959276913488,1.236793060512684,1.5042194801492956,0.8946219380941445,4.066173022536861,578,1
CON3-2,CON3-2.vrpspd,moderate,WDRO,2,172040,50000,10,0.9,726.3204099999999,20,SLOPE,10077,0.4285005457973603,3405,913,5759,4.279051304951871,12.224074625384539,4,542.847,672.9683352156862,115.70880739999484,70.44432090000555,115.84252370000013,70.61444529999972,1.6425569289572883,1.640493290117236,1.6400945244148304,0.0171688999998878,0.09985959276913488,1.236793060512684,1.5042194801492956,0.8946219380941445,4.066173022536861,578,1
CON3-3,CON3-3.vrpspd,moderate,WDRO,0,202026,50000,10,0.9,721.988895,20,SLOPE,10221,0.49955972996771353,4623,483,5115,3.4239311221993933,11.040994031895117,5,651.4406,844.4835027450981,105.46828189999451,61.37790340001902,105.60112860000027,61.54076390000046,1.7183428572433417,1.7159541401142646,1.715524486569463,0.015412900000228547,0.09987949867593916,1.2419506593590797,1.5097638777430804,0.8924750946841382,4.060372387354415,1148,1
CON3-3,CON3-3.vrpspd,moderate,WDRO,1,212033,50000,10,0.9,721.988895,20,SLOPE,11438,0.5662703269802413,5844,633,4961,3.463455149501661,10.895086553593286,5,647.8456000000001,840.8885027450981,116.72629700002108,60.15915609998956,116.88210999999956,60.33769229999962,1.9402914629655408,1.9371325873528693,1.9366378848722412,0.015412900000228547,0.09987949867593916,1.2419506593590797,1.5097638777430804,0.8924750946841382,4.060372387354415,1148,1
CON3-3,CON3-3.vrpspd,moderate,WDRO,2,222040,50000,10,0.9,721.988895,20,SLOPE,9594,0.482801751094434,3776,856,4962,3.3912862205545133,11.352720450281426,5,641.6431,834.686002745098,102.80476669999825,60.77380049999374,102.94128620000083,60.94051899999977,1.6915968041197103,1.6892092139878432,1.688782092100225,0.015412900000228547,0.09987949867593916,1.2419506593590797,1.5097638777430804,0.8924750946841382,4.060372387354415,1148,1
CON3-4,CON3-4.vrpspd,moderate,WDRO,0,252026,50000,10,0.9,745.99077,20,SLOPE,11061,0.4401952807160293,3814,1055,6192,4.0442997920622,12.492089322846036,4,653.0311999999999,795.9665694117646,130.31162359989685,79.15428759997667,130.468789999999,79.342964200001,1.6462989883561943,1.6443649580714472,1.6440493161252474,0.015233099999932165,0.09900315097529483,1.1966307362713096,1.430954768902077,0.910873213953149,4.061119161872759,660,1
CON3-4,CON3-4.vrpspd,moderate,WDRO,1,262033,50000,10,0.9,745.99077,20,SLOPE,11397,0.4993419320873914,4268,1423,5706,4.010090374659998,12.353250855488286,4,642.6532,785.5885694117646,130.60298019997572,70.47560360000534,130.77949170000102,70.68023529999846,1.853165826592024,1.8502979106523132,1.849899217868454,0.015233099999932165,0.09900315097529483,1.1966307362713096,1.430954768902077,0.910873213953149,4.061119161872759,660,1
CON3-4,CON3-4.vrpspd,moderate,WDRO,2,272040,50000,10,0.9,745.99077,20,SLOPE,11455,0.5125272806634658,4335,1536,5584,3.9075512876473155,12.494718463553033,4,651.0677,794.0030694117646,135.02649710005608,70.75449129992012,135.19901500000014,70.95169329999953,1.9083805793711999,1.9055079408513713,1.9050989222495223,0.015233099999932165,0.09900315097529483,1.1966307362713096,1.430954768902077,0.910873213953149,4.061119161872759,660,1
CON3-5,CON3-5.vrpspd,moderate,WDRO,0,302026,50000,10,0.9,656.659255,20,SLOPE,10444,0.49645729605515126,4348,837,5259,4.437859057832248,11.809747223286097,4,621.086,773.7983689411765,114.62315219993252,67.33158869989165,114.7720588000011,67.51520890000029,1.702368151609008,1.6999437707434926,1.6995529515514305,0.015525400000115042,0.09937703041838611,1.2863637039263174,1.5642875152970068,0.8745785166612905,4.063766308032132,458,1
CON3-5,CON3-5.vrpspd,moderate,WDRO,1,312033,50000,10,0.9,656.659255,20,SLOPE,10620,0.4807909604519774,4301,805,5514,4.0606403013182675,12.092467043314501,4,617.8115,770.5238689411765,120.45335929988323,68.72518550001223,120.60590200000115,68.9070159999992,1.7526814722073292,1.7502702772675942,1.7498760137130165,0.015525400000115042,0.09937703041838611,1.2863637039263174,1.5642875152970068,0.8745785166612905,4.063766308032132,458,1
CON3-5,CON3-5.vrpspd,moderate,WDRO,2,322040,50000,10,0.9,656.659255,20,SLOPE,9658,0.449057775937047,3610,727,5321,4.354110581901015,12.15779664526817,4,626.9182000000001,779.6305689411765,109.28634779993627,67.47544930008553,109.42014689999996,67.64942250000058,1.6196460925203167,1.6174586989267945,1.6170875807324583,0.015525400000115042,0.09937703041838611,1.2863637039263174,1.5642875152970068,0.8745785166612905,4.063766308032132,458,1
CON3-6,CON3-6.vrpspd,moderate,WDRO,0,352026,50000,10,0.9,623.994265,20,SLOPE,12041,0.5077651357860643,4897,1217,5927,3.8792459098081555,12.131301386927996,4,541.0667,666.142874117647,136.14599489996544,75.26460939997196,136.3274478000003,75.4837447000009,1.8088979134463716,1.8060504065055834,1.8056776415582203,0.015582899999571964,0.09965325034405964,1.2093599596045452,1.4697816030435238,0.9059196738136545,4.058616720258482,440,1
CON3-6,CON3-6.vrpspd,moderate,WDRO,1,362033,50000,10,0.9,623.994265,20,SLOPE,9856,0.476461038961039,3699,997,5160,3.887885551948052,12.330661525974026,4,541.0667,666.142874117647,113.76877199995397,64.16148020013861,113.93363769999996,64.35455600000023,1.7731631446948475,1.7704051551532662,1.769976570611382,0.015582899999571964,0.09965325034405964,1.2093599596045452,1.4697816030435238,0.9059196738136545,4.058616720258482,440,1
CON3-6,CON3-6.vrpspd,moderate,WDRO,2,372040,50000,10,0.9,623.994265,20,SLOPE,11101,0.4738311863796054,4346,914,5841,3.8215476083235744,12.370507161516981,4,540.9524,666.028574117647,128.8376172000535,74.82801509992169,128.99692440000035,75.01672060000055,1.7217831720914958,1.719575627516826,1.7192185016684198,0.015582899999571964,0.09965325034405964,1.2093599596045452,1.4697816030435238,0.9059196738136545,4.058616720258482,440,1
CON3-7,CON3-7.vrpspd,moderate,WDRO,0,402026,50000,10,0.9,704.662835,20,SLOPE,9004,0.7597734340293203,6319,522,2163,4.267992003553976,10.691026210573078,5,628.8003,835.3763670588236,92.67876670000987,29.444377200063172,92.81627650000155,29.560781700000007,3.147587944220842,3.139845131362055,3.138139084063014,0.016070699999545468,0.09933405227027733,1.233458657199775,1.486745068374787,0.8957270939952832,4.06948541815667,1400,1
CON3-7,CON3-7.vrpspd,moderate,WDRO,1,412033,50000,10,0.9,704.662835,20,SLOPE,9414,0.8001912045889101,7181,352,1881,4.249521988527724,10.55470575738262,5,628.8003,835.3763670588236,94.7111154001177,25.98926990001746,94.85098280000057,26.10000240000045,3.6442391711840303,3.634136937857099,3.631900647421629,0.016070699999545468,0.09933405227027733,1.233458657199775,1.486745068374787,0.8957270939952832,4.06948541815667,1400,1
CON3-7,CON3-7.vrpspd,moderate,WDRO,2,422040,50000,10,0.9,704.662835,20,SLOPE,9176,0.7768090671316478,6709,419,2048,4.244659982563208,10.556451612903226,5,628.8003,835.3763670588236,92.69593799998438,27.756667400020888,92.82878840000012,27.871718200000032,3.339591769576582,3.33057286722998,3.328653581424719,0.016070699999545468,0.09933405227027733,1.233458657199775,1.486745068374787,0.8957270939952832,4.06948541815667,1400,1
CON3-8,CON3-8.vrpspd,moderate,WDRO,0,452026,50000,10,0.9,700.331065,20,SLOPE,9997,0.4574372311693508,3422,1151,5424,3.8875662698809643,12.025607682304692,5,567.1672,747.5569352941177,114.86334570002327,68.12969540005179,115.004424499999,68.30271059999905,1.6859512584865595,1.6837461279318628,1.6833613410952182,0.01561279999987164,0.10027051132278547,1.1852075107243856,1.4192912228725996,0.915813268744621,4.055452293301624,549,1
CON3-8,CON3-8.vrpspd,moderate,WDRO,1,462033,50000,10,0.9,700.331065,20,SLOPE,9962,0.46677374021280865,3666,984,5312,4.092451314996989,12.047681188516362,5,569.4513000000001,749.8410352941178,115.11643429993092,68.65891679994638,115.26999289999912,68.84154000000126,1.6766421561142486,1.6744249605688224,1.674045298312091,0.01561279999987164,0.10027051132278547,1.1852075107243856,1.4192912228725996,0.915813268744621,4.055452293301624,549,1
CON3-8,CON3-8.vrpspd,moderate,WDRO,2,472040,50000,10,0.9,700.331065,20,SLOPE,10916,0.4329424697691462,3642,1084,6190,3.9890069622572373,12.0799743495786,5,566.3565,746.7462352941177,126.0858046001049,78.59016709999014,126.25051530000019,78.79287720000139,1.604345801169835,1.6023087338153197,1.601991299414545,0.01561279999987164,0.10027051132278547,1.1852075107243856,1.4192912228725996,0.915813268744621,4.055452293301624,549,1
CON3-9,CON3-9.vrpspd,moderate,WDRO,0,502026,50000,10,0.9,610.99972,20,SLOPE,9556,0.4351192967768941,3302,856,5398,3.9278987023859355,11.404981163666806,5,618.2960999999999,802.071491372549,104.58891640012553,63.49303600003259,104.74197430000095,63.67935960000068,1.647250202369782,1.64483397694219,1.6444232698368442,0.015904399999271845,0.10098495705045772,1.2368548331309623,1.5066934849662141,0.894659131538153,4.0479987506749024,283,1
CON3-9,CON3-9.vrpspd,moderate,WDRO,1,512033,50000,10,0.9,610.99972,20,SLOPE,11294,0.4717549141136887,4510,818,5966,4.0106251106782365,11.179829998229149,5,616.66,800.435391372549,118.47451160006494,70.96489050000673,118.61506400000144,71.14114679999875,1.6694806511404918,1.6673201000465672,1.6669474352810834,0.015904399999271845,0.10098495705045772,1.2368548331309623,1.5066934849662141,0.894659131538153,4.0479987506749024,283,1
CON3-9,CON3-9.vrpspd,moderate,WDRO,2,522040,50000,10,0.9,610.99972,20,SLOPE,10393,0.5159241797363611,4211,1151,5031,4.001154623304147,11.286057923602424,5,622.0635,805.8388913725489,111.22416639987932,61.32941580014267,111.36947879999934,61.50926359999903,1.813553332422589,1.8106131057631634,1.810145058035476,0.015904399999271845,0.10098495705045772,1.2368548331309623,1.5066934849662141,0.894659131538153,4.0479987506749024,283,1
CON8-0,CON8-0.vrpspd,moderate,WDRO,0,552026,50000,10,0.9,257.58144999999996,20,SLOPE,20991,0.7769043875946834,7265,9043,4683,3.186508503644419,4.608165404220856,12,1031.2475,1481.658317882353,98.3447312001208,25.638825400032147,98.56342740000036,25.850500599999577,3.8357736622363947,3.8128247079285567,3.8109870221806617,0.01246530000025814,0.09930310862291775,1.3897769765675818,1.8556040105861447,0.8400079400102235,4.063301856343255,3198,1
CON8-0,CON8-0.vrpspd,moderate,WDRO,1,562033,50000,10,0.9,257.58144999999996,20,SLOPE,17064,0.7797116736990155,6019,7286,3759,3.1529535864978904,4.545534458509142,12,1035.6827,1486.0935178823531,79.05613900007484,21.042371299858132,79.23828759999924,21.22593059999963,3.756997625101684,3.733088979382634,3.730897944133326,0.01246530000025814,0.09930310862291775,1.3897769765675818,1.8556040105861447,0.8400079400102235,4.063301856343255,3198,1
CON8-0,CON8-0.vrpspd,moderate,WDRO,2,572040,50000,10,0.9,257.58144999999996,20,SLOPE,18996,0.7509475679090335,6438,7827,4731,3.0918614445146346,4.619077700568541,12,1029.0439,1479.454717882353,90.73935539994636,26.89729819990862,90.9661787999994,27.111963299999843,3.373549072681755,3.3552044089702617,3.3536624915298328,0.01246530000025814,0.09930310862291775,1.3897769765675818,1.8556040105861447,0.8400079400102235,4.063301856343255,3198,1
CON8-1,CON8-1.vrpspd,moderate,WDRO,0,602026,50000,10,0.9,295.244525,20,SLOPE,19212,0.7733187591088903,6511,8346,4355,3.018582136164897,4.610607953362482,12,856.7024999999999,1289.5090289411764,90.0480032001069,24.421793499930573,90.23957139999948,24.607282900000428,3.6871986162835624,3.6671895782527826,3.66541136698117,0.01193779999994149,0.09961661185514784,1.3208335522945998,1.7469182986265888,0.864754778436134,4.059034750126642,1741,1
CON8-1,CON8-1.vrpspd,moderate,WDRO,1,612033,50000,10,0.9,295.244525,20,SLOPE,20798,0.7814212905087028,6934,9318,4546,3.0714010962592555,4.666746802577171,12,856.7024999999999,1289.5090289411764,102.36850249999588,26.392949500019313,102.6275773999987,26.63261119999879,3.8786306358037392,3.853455323224309,3.851728824533813,0.01193779999994149,0.09961661185514784,1.3208335522945998,1.7469182986265888,0.864754778436134,4.059034750126642,1741,1
CON8-1,CON8-1.vrpspd,moderate,WDRO,2,622040,50000,10,0.9,295.244525,20,SLOPE,20527,0.8010425293515857,7010,9433,4084,3.0482291615920496,4.61582306230818,12,856.7024999999999,1289.5090289411764,98.61080300010872,23.76212089994624,98.85585829999945,23.977105500000107,4.149915885678867,4.122927110613873,4.120875395643613,0.01193779999994149,0.09961661185514784,1.3208335522945998,1.7469182986265888,0.864754778436134,4.059034750126642,1741,1
CON8-2,CON8-2.vrpspd,moderate,WDRO,0,652026,50000,10,0.9,272.37017499999996,20,SLOPE,17140,0.7483080513418903,5690,7136,4314,3.0004084014002332,4.756417736289381,12,810.0788000000001,1200.4428056470588,82.17927550004424,25.057459599858703,82.36710289999974,25.262849099999585,3.2796331636311464,3.260404342121534,3.2588024717649873,0.012418000000252505,0.0994266547778447,1.3293707217079862,1.7734472369406047,0.8621280864430639,4.069106684522328,1330,1
CON8-2,CON8-2.vrpspd,moderate,WDRO,1,662033,50000,10,0.9,272.37017499999996,20,SLOPE,16177,0.7474809915311863,5287,6805,4085,3.0198429869567907,4.820362242690239,12,810.7963,1201.1603056470587,79.16846360007003,21.865048100016793,79.33240320000004,22.025743500000317,3.620777015350322,3.601803643994987,3.599774110013578,0.012418000000252505,0.0994266547778447,1.3293707217079862,1.7734472369406047,0.8621280864430639,4.069106684522328,1330,1
CON8-2,CON8-2.vrpspd,moderate,WDRO,2,672040,50000,10,0.9,272.37017499999996,20,SLOPE,21491,0.7813503326974082,6787,10005,4699,2.9863663859289935,4.792517798148062,11,808.0996999999999,1165.9333718431371,104.3328806999798,26.386084600058894,104.56844699999965,26.615279100000407,3.9540872502071385,3.9288878620099856,3.9270555995620464,0.012418000000252505,0.0994266547778447,1.3293707217079862,1.7734472369406047,0.8621280864430639,4.069106684522328,1330,1
CON8-3,CON8-3.vrpspd,moderate,WDRO,0,702026,50000,10,0.9,270.74582499999997,20,SLOPE,17949,0.7248871803443089,5197,7814,4938,3.1344364588556464,4.733522758928074,12,951.539,1414.8419665882352,87.76903209992633,26.400886199922752,87.93833780000023,26.562642299999425,3.3244729527368344,3.3106020405207253,3.309080774698293,0.012211500001285458,0.10022945019660758,1.3247246955934266,1.7570981531928846,0.8634733733865682,4.055899411638173,3024,1
CON8-3,CON8-3.vrpspd,moderate,WDRO,1,712033,50000,10,0.9,270.74582499999997,20,SLOPE,20282,0.776649245636525,6349,9403,4530,3.250813529237748,4.653288630312592,12,987.1011000000001,1450.4040665882353,96.92674569996598,25.976920100001735,97.12754200000018,26.173910800000158,3.731263957652913,3.7108532516279373,3.7091227516337852,0.012211500001285458,0.10022945019660758,1.3247246955934266,1.7570981531928846,0.8634733733865682,4.055899411638173,3024,1
CON8-3,CON8-3.vrpspd,moderate,WDRO,2,722040,50000,10,0.9,270.74582499999997,20,SLOPE,18231,0.7946903625692502,5838,8650,3743,3.13307004552685,4.649333552739839,12,958.3585,1421.6614665882353,86.99936759999764,22.260199900070802,87.17302050000035,22.42474410000068,3.9082922880544717,3.887358540693345,3.885242813423079,0.012211500001285458,0.10022945019660758,1.3247246955934266,1.7570981531928846,0.8634733733865682,4.055899411638173,3024,1
CON8-4,CON8-4.vrpspd,moderate,WDRO,0,752026,50000,10,0.9,279.74656,20,SLOPE,19159,0.7464899003079493,6479,7823,4857,3.0100213998642937,5.09087113106112,12,911.5034,1340.309508235294,98.89029479982673,28.442621699985466,99.11771600000066,28.664383600000292,3.4768347251152756,3.4578701353968637,3.4564468300599516,0.011803499999587075,0.10116945705803411,1.348818986250112,1.75016144659164,0.853557372223082,4.048491568854,1266,1
CON8-4,CON8-4.vrpspd,moderate,WDRO,1,762033,50000,10,0.9,279.74656,20,SLOPE,16839,0.7335352455609003,5014,7338,4487,3.1517904863709245,5.197695825167766,11,907.7577,1300.8299658823528,89.29164779990424,26.501644100180783,89.47863010000037,26.69232209999973,3.3692871077117488,3.3522235257306927,3.3507418082246687,0.011803499999587075,0.10116945705803411,1.348818986250112,1.75016144659164,0.853557372223082,4.048491568854,1266,1
CON8-4,CON8-4.vrpspd,moderate,WDRO,2,772040,50000,10,0.9,279.74656,20,SLOPE,15171,0.7456331158130644,4823,6489,3859,3.030848329048843,5.153912069079164,12,910.5510000000002,1339.3571082352942,79.92413130006025,22.288458800143417,80.0988441999998,22.459458900000755,3.5858976170907777,3.5663746200046305,3.564501307234016,0.011803499999587075,0.10116945705803411,1.348818986250112,1.75016144659164,0.853557372223082,4.048491568854,1266,1
CON8-5,CON8-5.vrpspd,moderate,WDRO,0,802026,50000,10,0.9,246.24721,20,SLOPE,19631,0.7528398960827263,6778,8001,4852,3.079262391116092,4.780347409709133,11,973.2392000000001,1393.1982145882353,94.06422679999196,29.206765499886387,94.29188290000093,29.452838600000177,3.220631425289386,3.2014531495786067,3.200048816654022,0.012925299999551498,0.10029497404011149,1.3812001690869125,1.824215482969119,0.8425954086050516,4.064275943508129,1341,1
CON8-5,CON8-5.vrpspd,moderate,WDRO,1,812033,50000,10,0.9,246.24721,20,SLOPE,22403,0.734544480649913,8022,8434,5947,3.0201758693032184,4.750703030844083,12,952.1288999999998,1410.266006823529,107.99389580017669,32.71645780005019,108.2290950000006,32.95645510000031,3.3009042867718708,3.284002926637567,3.2827154677132193,0.012925299999551498,0.10029497404011149,1.3812001690869125,1.824215482969119,0.8425954086050516,4.064275943508129,1341,1
CON8-5,CON8-5.vrpspd,moderate,WDRO,2,822040,50000,10,0.9,246.24721,20,SLOPE,20099,0.7019752226478929,6487,7622,5990,3.024876859545251,4.78884521617991,12,942.0787999999999,1400.2159068235292,98.82453760011776,33.0244312999057,99.04391289999876,33.24963150000076,2.9924675069393234,2.97879731088137,2.977639797671772,0.012925299999551498,0.10029497404011149,1.3812001690869125,1.824215482969119,0.8425954086050516,4.064275943508129,1341,1
CON8-6,CON8-6.vrpspd,moderate,WDRO,0,852026,50000,10,0.9,233.99786,20,SLOPE,16624,0.763895572666025,5577,7122,3925,3.28897978825794,4.942192011549567,12,789.8275000000001,1165.0560223529412,86.54014120002284,25.48736609992011,86.7405893999985,25.691864300000816,3.3954132749830945,3.376188990691335,3.3745684484792164,0.012337800000750576,0.1000552307805023,1.3325290537367154,1.759501082382119,0.8603685592861631,4.053510597097206,1791,1
CON8-6,CON8-6.vrpspd,moderate,WDRO,1,862033,50000,10,0.9,233.99786,20,SLOPE,20068,0.7872732708790113,7262,8537,4269,3.270729519633247,4.800428542953957,12,792.1108000000002,1167.3393223529413,100.11631909999596,24.970304699849294,100.35818769999969,25.1943095000006,4.009415195506213,3.9833672639449516,3.9814175406022487,0.012337800000750576,0.1000552307805023,1.3325290537367154,1.759501082382119,0.8603685592861631,4.053510597097206,1791,1
CON8-6,CON8-6.vrpspd,moderate,WDRO,2,872040,50000,10,0.9,233.99786,20,SLOPE,24911,0.7935048773634138,8541,11226,5144,3.252940468066316,4.832242784312151,11,811.0974000000002,1155.0568788235296,122.5140874000881,30.118243699771483,122.82572809999874,30.418431600000986,4.067769974283649,4.037871830972205,4.036234723003479,0.012337800000750576,0.1000552307805023,1.3325290537367154,1.759501082382119,0.8603685592861631,4.053510597097206,1791,1
CON8-7,CON8-7.vrpspd,moderate,WDRO,0,902026,50000,10,0.9,264.24851,20,SLOPE,18579,0.7157005220948383,6858,6439,5282,3.0054362452231014,4.692825232789708,12,976.4095999999998,1472.1921609411763,92.32249350004713,30.981231500212743,92.52950539999983,31.191260200001125,2.9799491185304614,2.9665202626214024,2.9652258830651776,0.013615600000775885,0.10100447265936306,1.4590047367439547,1.9215603952159064,0.8150201629152629,4.050760223862704,986,1
CON8-7,CON8-7.vrpspd,moderate,WDRO,1,912033,50000,10,0.9,264.24851,20,SLOPE,13994,0.7145919679862799,4651,5349,3994,3.079319708446477,4.9021723595826785,12,974.3623999999999,1470.1449609411764,67.24146879996806,22.36301079988698,67.3873266999999,22.51831729999867,3.0068164524746326,2.9925560512465057,2.9907477089993266,0.013615600000775885,0.10100447265936306,1.4590047367439547,1.9215603952159064,0.8150201629152629,4.050760223862704,986,1
CON8-7,CON8-7.vrpspd,moderate,WDRO,2,922040,50000,10,0.9,264.24851,20,SLOPE,16903,0.7109980476838431,5555,6463,4885,2.949358102112051,4.905933857895048,11,972.375,1426.8423475294119,82.31408050000027,26.315585699878284,82.4857125999988,26.49099610000121,3.127959280054367,3.1137263502143293,3.1121268077280537,0.013615600000775885,0.10100447265936306,1.4590047367439547,1.9215603952159064,0.8150201629152629,4.050760223862704,986,1
CON8-8,CON8-8.vrpspd,moderate,WDRO,0,952026,50000,10,0.9,262.62416,20,SLOPE,15807,0.787815524767508,4879,7574,3354,3.1393686341494274,4.700955272980325,12,904.0121000000001,1336.9474647058826,76.81683149984747,17.31144139996286,76.96823119999863,17.44492690000152,4.437344628045373,4.412069574220568,4.408966831370795,0.01227660000040487,0.10087799994463717,1.2703806244848888,1.6532420659989058,0.8835173244111778,4.043137829749432,1696,1
CON8-8,CON8-8.vrpspd,moderate,WDRO,1,962033,50000,10,0.9,262.62416,20,SLOPE,17240,0.7713457076566125,5671,7627,3942,3.1238399071925755,4.611600928074246,12,904.0121000000001,1336.9474647058826,82.31114740004523,22.601286600014646,82.48680289999902,22.77580719999969,3.641878838879548,3.621685158100572,3.6197340515308567,0.01227660000040487,0.10087799994463717,1.2703806244848888,1.6532420659989058,0.8835173244111778,4.043137829749432,1696,1
CON8-8,CON8-8.vrpspd,moderate,WDRO,2,972040,50000,10,0.9,262.62416,20,SLOPE,12727,0.7901312170975092,3698,6358,2671,3.199575705193683,4.819988999764281,12,902.5072,1335.4425647058824,62.483794900042994,14.93069740007013,62.6098009999987,15.052212200000213,4.184921388852842,4.159508261516391,4.156118526902561,0.01227660000040487,0.10087799994463717,1.2703806244848888,1.6532420659989058,0.8835173244111778,4.043137829749432,1696,1
CON8-9,CON8-9.vrpspd,moderate,WDRO,0,1002026,50000,10,0.9,229.12489499999998,20,SLOPE,15923,0.7173899390818314,5361,6062,4500,3.0681404257991582,4.717892356967908,12,917.8367000000001,1358.8976392941177,80.86990690010134,23.475203400243117,81.05627230000027,23.65075259999867,3.4449076125689215,3.427217461993359,3.4253933134357655,0.012594899999385234,0.09975276630108852,1.4475433446155412,1.933037438776275,0.8199363390773554,4.051589815539084,1435,1
CON8-9,CON8-9.vrpspd,moderate,WDRO,1,1012033,50000,10,0.9,229.12489499999998,20,SLOPE,17808,0.7144541778975741,5798,6925,5085,3.141790206648697,4.750056154537287,12,918.1654000000001,1359.2263392941177,88.0273048998497,28.402430699843535,88.21182559999943,28.59727269999894,3.099287727523075,3.08462371658269,3.083265775057435,0.012594899999385234,0.09975276630108852,1.4475433446155412,1.933037438776275,0.8199363390773554,4.051589815539084,1435,1
CON8-9,CON8-9.vrpspd,moderate,WDRO,2,1022040,50000,10,0.9,229.12489499999998,20,SLOPE,23320,0.7469554030874785,7684,9735,5901,3.1428816466552316,4.708233276157804,12,915.8128,1356.8737392941175,113.64247369995246,31.981972400049926,113.8846040999997,32.21741959999963,3.5533291154917968,3.5348766448074262,3.5334952796872985,0.012594899999385234,0.09975276630108852,1.4475433446155412,1.933037438776275,0.8199363390773554,4.051589815539084,1435,1
SCA3-0,SCA3-0.vrpspd,moderate,WDRO,0,1052026,50000,10,0.9,700.1325049999999,20,SLOPE,10869,0.5038181985463244,4974,502,5393,4.098445119146196,11.29809550096605,5,700.755,939.7390066666667,118.81145549992289,67.12487829983729,118.95688840000003,67.29494580000028,1.77000627053965,1.7676942448774442,1.767283574012231,0.015637599999536178,0.0996946912148442,1.333237591825673,1.6426422357897994,0.8568522281550002,4.058985095461842,833,1
SCA3-0,SCA3-0.vrpspd,moderate,WDRO,1,1062033,50000,10,0.9,700.1325049999999,20,SLOPE,10881,0.5367153754250529,5227,613,5041,4.05955334987593,11.306405661244371,5,700.755,939.7390066666667,111.07092160008324,62.44490110005063,111.21627960000114,62.621126000000004,1.778702818699687,1.7760185212894628,1.775575128852953,0.015637599999536178,0.0996946912148442,1.333237591825673,1.6426422357897994,0.8568522281550002,4.058985095461842,833,1
SCA3-0,SCA3-0.vrpspd,moderate,WDRO,2,1072040,50000,10,0.9,700.1325049999999,20,SLOPE,11299,0.5538543233914506,5723,535,5041,4.119656606779361,11.299584033985308,5,700.755,939.7390066666667,116.10955419993661,67.55488039993725,116.24302110000099,67.72713569999905,1.7187441308836138,1.7163433814018894,1.7159471842881195,0.015637599999536178,0.0996946912148442,1.333237591825673,1.6426422357897994,0.8568522281550002,4.058985095461842,833,1
SCA3-1,SCA3-1.vrpspd,moderate,WDRO,0,1102026,50000,10,0.9,656.628145,20,SLOPE,9522,0.5354967443814325,4742,357,4423,4.2652804032766225,11.108905692081496,5,747.0477999999999,1005.8438305882353,92.6719830999973,48.00580850014376,92.78922029999922,48.13382079999974,1.9304327121106561,1.9277343613661295,1.9271282429657244,0.015138999999180669,0.09993867562973295,1.3104386960567433,1.61146811561645,0.865606032126119,4.057819388434456,997,1
SCA3-1,SCA3-1.vrpspd,moderate,WDRO,1,1112033,50000,10,0.9,656.628145,20,SLOPE,10056,0.6010342084327764,5755,289,4012,4.30936754176611,11.000298329355608,5,742.9721999999999,1001.7682305882352,95.96114249993843,43.25569179987542,96.06347490000007,43.36902349999946,2.2184627850574525,2.215025083513842,2.214252145584304,0.015138999999180669,0.09993867562973295,1.3104386960567433,1.61146811561645,0.865606032126119,4.057819388434456,997,1
SCA3-1,SCA3-1.vrpspd,moderate,WDRO,2,1122040,50000,10,0.9,656.628145,20,SLOPE,9832,0.560720097640358,5109,404,4319,4.252746135069162,11.118999186330349,5,747.0477999999999,1005.8438305882353,91.9239531999865,45.118890999927316,92.0279855000008,45.23978200000056,2.037371734161963,2.0342269885385313,2.0335464843702042,0.015138999999180669,0.09993867562973295,1.3104386960567433,1.61146811561645,0.865606032126119,4.057819388434456,997,1
SCA3-2,SCA3-2.vrpspd,moderate,WDRO,0,1152026,50000,10,0.9,707.770435,20,SLOPE,9859,0.5950907799979714,5403,464,3992,3.8059640937214727,10.446495587787808,5,725.2585,979.4646364705882,91.32375450000109,41.13323219999074,91.43282829999953,41.25467650000064,2.2201939797967456,2.2163021518299413,2.2154850500479943,0.015215299999908893,0.09938381697347112,1.2216728386842657,1.4754341843647039,0.9006514022352825,4.045717625299949,736,1
SCA3-2,SCA3-2.vrpspd,moderate,WDRO,1,1162033,50000,10,0.9,707.770435,20,SLOPE,9472,0.5716849662162162,5043,372,4057,3.8081714527027026,10.446157094594595,5,725.2585,979.4646364705882,86.24684310019802,41.56496819989843,86.34938939999847,41.68303450000167,2.0749887906905404,2.0715715742814984,2.07081567725644,0.015215299999908893,0.09938381697347112,1.2216728386842657,1.4754341843647039,0.9006514022352825,4.045717625299949,736,1
SCA3-2,SCA3-2.vrpspd,moderate,WDRO,2,1172040,50000,10,0.9,707.770435,20,SLOPE,9523,0.6082116979943295,5293,499,3731,3.8345059330043054,10.417095453113514,5,725.2585,979.4646364705882,85.32222279996131,38.54686899999069,85.42430349999995,38.65725410000232,2.2134670081759924,2.20978715350594,2.2089177346403184,0.015215299999908893,0.09938381697347112,1.2216728386842657,1.4754341843647039,0.9006514022352825,4.045717625299949,736,1
SCA3-3,SCA3-3.vrpspd,moderate,WDRO,0,1202026,50000,10,0.9,730.57976,20,SLOPE,10413,0.5768750600211274,5530,477,4406,4.060405262652454,10.789878037069048,5,750.3247,1003.3784407843137,105.63037540051664,55.93770889994994,105.76521950000097,56.09296379999796,1.8883572008543805,1.8855345186806622,1.8850291364410254,0.015038699999422533,0.09976470115405092,1.2311832796395152,1.4895629070373808,0.8967463727868802,4.054192698550801,636,1
SCA3-3,SCA3-3.vrpspd,moderate,WDRO,1,1212033,50000,10,0.9,730.57976,20,SLOPE,8934,0.5939109021714798,4812,494,3628,3.856503246026416,10.906648757555406,5,719.7927999999999,972.8465407843137,91.20049100002507,43.464562099696195,91.32970249999926,43.601489100001345,2.0982723992671386,2.094646407386037,2.0939241866932297,0.015038699999422533,0.09976470115405092,1.2311832796395152,1.4895629070373808,0.8967463727868802,4.054192698550801,636,1
SCA3-3,SCA3-3.vrpspd,moderate,WDRO,2,1222040,50000,10,0.9,730.57976,20,SLOPE,8603,0.6351272811809834,5276,188,3139,3.8305242357317213,10.662210856677904,5,750.3247,1003.3784407843137,88.23977259993626,35.84500580005988,88.3624555000024,35.96014439999999,2.461703398574673,2.457233055493582,2.4562058587549993,0.015038699999422533,0.09976470115405092,1.2311832796395152,1.4895629070373808,0.8967463727868802,4.054192698550801,636,1
SCA3-4,SCA3-4.vrpspd,moderate,WDRO,0,1252026,50000,10,0.9,838.3889149999999,20,SLOPE,8494,0.7580645161290323,6130,309,2055,3.6302095596891926,10.606663527195668,5,778.4981,1045.5015164705883,86.3623432997847,24.558524100106297,86.4758808000006,24.656319800000347,3.516593381090474,3.507250129031802,3.5048807119970165,0.016668500000378117,0.09932784680983668,1.2369584540920568,1.5041744434192246,0.894545673752325,4.059375363450696,847,1
SCA3-4,SCA3-4.vrpspd,moderate,WDRO,1,1262033,50000,10,0.9,838.3889149999999,20,SLOPE,9346,0.7160282473785576,6372,320,2654,3.681254012411727,10.574149368713888,5,778.4981,1045.5015164705883,92.35576779993062,32.726498600051855,92.47744330000205,32.8383802999997,2.8220485463050506,2.8161389951380427,2.814710270648018,0.016668500000378117,0.09932784680983668,1.2369584540920568,1.5041744434192246,0.894545673752325,4.059375363450696,847,1
SCA3-4,SCA3-4.vrpspd,moderate,WDRO,2,1272040,50000,10,0.9,838.3889149999999,20,SLOPE,9279,0.735531846104106,6549,276,2454,3.7219527966375687,10.353270826597694,5,760.4881,1027.4915164705883,91.74731469992912,29.084128299964505,91.87127280000277,29.193367600000784,3.1545492357094673,3.146991263865026,3.14519545561257,0.016668500000378117,0.09932784680983668,1.2369584540920568,1.5041744434192246,0.894545673752325,4.059375363450696,847,1
SCA3-5,SCA3-5.vrpspd,moderate,WDRO,0,1302026,50000,10,0.9,691.1979,20,SLOPE,11742,0.5835462442514052,6118,734,4890,3.717935615738375,11.292795094532448,4,786.2843,991.1498162352941,123.39215940012946,60.37062479993256,123.55142949999936,60.53643150000062,2.043910590772407,2.0409433862978545,2.0404233510236094,0.015428700000484241,0.10073629804585867,1.2820284092950076,1.5770888007510042,0.8767974809876631,4.055607179383366,899,1
SCA3-5,SCA3-5.vrpspd,moderate,WDRO,1,1312033,50000,10,0.9,691.1979,20,SLOPE,11121,0.6005754878158439,6312,367,4442,3.658843629170039,11.056829421814586,5,772.4004,1028.4822952941176,117.0221760998902,57.31776449960307,117.17313550000108,57.47913189999963,2.0416388727215726,2.0385334925352594,2.0379864508435057,0.015428700000484241,0.10073629804585867,1.2820284092950076,1.5770888007510042,0.8767974809876631,4.055607179383366,899,1
SCA3-5,SCA3-5.vrpspd,moderate,WDRO,2,1322040,50000,10,0.9,691.1979,20,SLOPE,9424,0.6380517826825127,5643,370,3411,3.7497877758913414,10.85483870967742,5,759.624,1015.7058952941177,96.67354859985426,42.20126229997186,96.80327490000127,42.33638019999853,2.2907738615183253,2.2865269643436505,2.2856939860248455,0.015428700000484241,0.10073629804585867,1.2820284092950076,1.5770888007510042,0.8767974809876631,4.055607179383366,899,1
SCA3-6,SCA3-6.vrpspd,moderate,WDRO,0,1352026,50000,10,0.9,685.6737499999999,20,SLOPE,10283,0.7006710104055237,6723,482,3078,4.202664592045123,10.802489545852378,5,713.1904,950.3947831372549,106.9050219001474,37.952940299939655,107.04752409999855,38.07980799999859,2.8167783854237345,2.8111361302032436,2.810004411454613,0.015336500000557862,0.10005342290348117,1.2990842911151617,1.6095169590531075,0.8703240265321476,4.0583054294192955,497,1
SCA3-6,SCA3-6.vrpspd,moderate,WDRO,1,1362033,50000,10,0.9,685.6737499999999,20,SLOPE,8918,0.6969051356806459,6095,120,2703,4.075577483740749,10.673469387755102,5,714.3167,951.5210831372549,89.50941649992092,34.23062339978787,89.62816170000224,34.34187119999842,2.614892970382643,2.6098799677522044,2.6087149596852974,0.015336500000557862,0.10005342290348117,1.2990842911151617,1.6095169590531075,0.8703240265321476,4.0583054294192955,497,1
SCA3-6,SCA3-6.vrpspd,moderate,WDRO,2,1372040,50000,10,0.9,685.6737499999999,20,SLOPE,9600,0.7511458333333333,7130,81,2389,4.147083333333334,10.6425,5,710.6872,947.8915831372549,94.05615779991422,30.44769369977439,94.18108639999991,30.559619999999995,3.0891061479842445,3.081880154268932,3.0803342729203296,0.015336500000557862,0.10005342290348117,1.2990842911151617,1.6095169590531075,0.8703240265321476,4.0583054294192955,497,1
SCA3-7,SCA3-7.vrpspd,moderate,WDRO,0,1402026,50000,10,0.9,708.4829050000001,20,SLOPE,11813,0.47498518581224075,4369,1242,6202,4.301362905273851,11.026665537966647,5,711.2402999999999,973.3811917647058,179.11195169992425,121.2922983001663,179.3920661000011,121.70799640000041,1.4766968242012335,1.4739546406664903,1.4737378132245451,0.01790659999824129,0.0995710273129876,1.2649496292046425,1.547374953046396,0.8833980971997004,4.063798847679996,494,1
SCA3-7,SCA3-7.vrpspd,moderate,WDRO,1,1412033,50000,10,0.9,708.4829050000001,20,SLOPE,10440,0.4502873563218391,3413,1288,5739,4.272318007662835,11.166091954022988,5,711.2402999999999,973.3811917647058,162.64179369994963,119.14093019993743,162.87698799999998,119.48358559999906,1.365121066513505,1.3631745915733655,1.362970327829962,0.01790659999824129,0.0995710273129876,1.2649496292046425,1.547374953046396,0.8833980971997004,4.063798847679996,494,1
SCA3-7,SCA3-7.vrpspd,moderate,WDRO,2,1422040,50000,10,0.9,708.4829050000001,20,SLOPE,10588,0.46335474121647147,3858,1048,5682,4.1494144314318095,11.017850396675481,5,711.2402999999999,973.3811917647058,197.69218029988042,118.50161429985019,197.93096330000117,118.81144720000157,1.6682657149264704,1.6659250262881955,1.6656739851765607,0.01790659999824129,0.0995710273129876,1.2649496292046425,1.547374953046396,0.8833980971997004,4.063798847679996,494,1
SCA3-8,SCA3-8.vrpspd,moderate,WDRO,0,1452026,50000,10,0.9,702.95867,20,SLOPE,10431,0.5748250407439364,5525,471,4435,3.741731377624389,11.491323938260953,4,861.2289000000001,1079.0548309803921,155.79672830014533,89.42706610021924,155.99685450000106,89.69386469999881,1.742165264882411,1.739214326662893,1.7383663857902036,0.04375090000030468,0.10048973490883407,1.333025244500994,1.6354103509494509,0.8568007212494675,4.061940421316916,595,1
SCA3-8,SCA3-8.vrpspd,moderate,WDRO,1,1462033,50000,10,0.9,702.95867,20,SLOPE,8836,0.5972159348121322,4956,321,3559,3.7516976007243095,11.40301041195111,5,810.2611999999999,1082.54361372549,97.66420089979147,44.70563890002086,97.80600649999906,44.84835089999979,2.184605864110487,2.180816117811804,2.1786907402049698,0.04375090000030468,0.10048973490883407,1.333025244500994,1.6354103509494509,0.8568007212494675,4.061940421316916,595,1
SCA3-8,SCA3-8.vrpspd,moderate,WDRO,2,1472040,50000,10,0.9,702.95867,20,SLOPE,9769,0.785750844508138,7528,148,2093,3.9082812979834167,10.696693622684,5,795.8507999999999,1068.1332137254901,99.10518050006431,28.96114780017888,99.26014179999765,29.093695699997625,3.422004582962426,3.4117405648126633,3.4066177164612874,0.04375090000030468,0.10048973490883407,1.333025244500994,1.6354103509494509,0.8568007212494675,4.061940421316916,595,1
SCA3-9,SCA3-9.vrpspd,moderate,WDRO,0,1502026,50000,10,0.9,640.767655,20,SLOPE,10453,0.5172677700181766,4479,928,5046,3.7779584808189037,11.223476513919449,5,782.6862000000001,1045.756314117647,111.75822149985106,57.832601300069655,111.92234960000133,58.00497510000059,1.9324432757223469,1.929530172317929,1.92900873281594,0.015679600001021754,0.0995614344973007,1.2063103136707762,1.4654769756029988,0.9072368867917687,4.059625203174831,957,1
SCA3-9,SCA3-9.vrpspd,moderate,WDRO,1,1512033,50000,10,0.9,640.767655,20,SLOPE,11597,0.5165128912649823,5013,977,5607,3.8148659135983443,11.172889540398378,5,786.245,1049.315114117647,202.80475509984535,121.4061772997884,203.09192529999928,121.77927379999892,1.6704648775742224,1.6677051764452309,1.6674904799462682,0.015679600001021754,0.0995614344973007,1.2063103136707762,1.4654769756029988,0.9072368867917687,4.059625203174831,957,1
SCA3-9,SCA3-9.vrpspd,moderate,WDRO,2,1522040,50000,10,0.9,640.767655,20,SLOPE,10176,0.5054048742138365,4410,733,5033,3.690251572327044,11.162146226415095,5,782.6862000000001,1045.756314117647,189.3364553000065,103.56904599972404,189.60138160000133,103.87795220000044,1.8281181744255033,1.8252321843518258,1.8249567207833297,0.015679600001021754,0.0995614344973007,1.2063103136707762,1.4654769756029988,0.9072368867917687,4.059625203174831,957,1
SCA8-0,SCA8-0.vrpspd,moderate,WDRO,0,1552026,50000,10,0.9,262.5497,20,SLOPE,13599,0.6896095301125083,4488,4890,4221,3.307154937863078,4.7692477388043235,13,1187.6083,1808.9667173333337,77.46976229992651,37.256922499927896,77.64622810000219,37.517776000000595,2.079338740339502,2.0695850441668227,2.0673724718281195,0.040152800000214484,0.10076770615366971,1.4320201304924332,1.9375709613972554,0.8261228272253965,4.055213716153723,1595,1
SCA8-0,SCA8-0.vrpspd,moderate,WDRO,1,1562033,50000,10,0.9,262.5497,20,SLOPE,14204,0.6886792452830188,4445,5337,4422,3.392776682624613,4.830963108983385,12,1164.9376,1738.4992160000002,114.90541120006674,41.76416219985185,115.17874149999989,42.07406700000138,2.751292140141969,2.7375233656398397,2.734913339175656,0.040152800000214484,0.10076770615366971,1.4320201304924332,1.9375709613972554,0.8261228272253965,4.055213716153723,1595,1
SCA8-0,SCA8-0.vrpspd,moderate,WDRO,2,1572040,50000,10,0.9,262.5497,20,SLOPE,19986,0.7362153507455219,7622,7092,5272,3.2134994496147304,4.559291504052837,12,1203.365,1776.9266160000002,153.3877515000422,50.2399220003681,153.76186369999778,50.682768900001975,3.0531048893531,3.0338094590564446,3.031407863478636,0.040152800000214484,0.10076770615366971,1.4320201304924332,1.9375709613972554,0.8261228272253965,4.055213716153723,1595,1
SCA8-1,SCA8-1.vrpspd,moderate,WDRO,0,1602026,50000,10,0.9,246.23556499999998,20,SLOPE,14040,0.7302706552706553,4648,5605,3787,2.982977207977208,4.890811965811966,12,1266.3154000000002,1887.4258734117648,107.68637060020774,33.1696691003599,107.94442179999896,33.45716600000014,3.246531349902412,3.2263468400162316,3.2225632149261823,0.03928219999943394,0.09997491891006904,1.4454510012902486,1.9430617169010842,0.8212081539869064,4.05840536830727,1473,1
SCA8-1,SCA8-1.vrpspd,moderate,WDRO,1,1612033,50000,10,0.9,246.23556499999998,20,SLOPE,13113,0.683138869823839,4098,4860,4155,3.1674673987645847,5.0684816594219475,12,1286.8962999999999,1908.0067734117647,112.68235670010472,40.8956091996406,112.93191379999917,41.193891599999915,2.755365646957889,2.741472325474571,2.7388605676529547,0.03928219999943394,0.09997491891006904,1.4454510012902486,1.9430617169010842,0.8212081539869064,4.05840536830727,1473,1
SCA8-1,SCA8-1.vrpspd,moderate,WDRO,2,1622040,50000,10,0.9,246.23556499999998,20,SLOPE,17420,0.7198622273249139,5826,6714,4880,3.0925373134328358,4.832491389207807,12,1271.7855,1892.8959734117648,142.92543980015034,47.3452866002699,143.31579749999946,47.798148999998375,3.0187891987401247,2.998354549252615,2.9958924194910788,0.03928219999943394,0.09997491891006904,1.4454510012902486,1.9430617169010842,0.8212081539869064,4.05840536830727,1473,1
SCA8-2,SCA8-2.vrpspd,moderate,WDRO,0,1652026,50000,10,0.9,265.41386,20,SLOPE,17260,0.7272305909617613,5657,6895,4708,3.197682502896871,4.516628041714948,12,1316.1148999999998,1926.2096275294116,123.48443829979442,40.143730799725745,123.77293270000155,40.48589970000103,3.0760578511212526,3.0571861714116335,3.0548781277757406,0.030588199999328936,0.09960488309813079,1.3716120552480953,1.8295902616207271,0.8467279860969601,4.064194151917259,2038,1
SCA8-2,SCA8-2.vrpspd,moderate,WDRO,1,1662033,50000,10,0.9,265.41386,20,SLOPE,18432,0.7506510416666666,6125,7711,4596,3.1773003472222223,4.484809027777778,13,1302.9298999999996,1963.865854823529,140.0279230002816,42.279730199905316,140.40239420000216,42.70869909999965,3.3119398429982216,3.287442538843411,3.285089739903209,0.030588199999328936,0.09960488309813079,1.3716120552480953,1.8295902616207271,0.8467279860969601,4.064194151917259,2038,1
SCA8-2,SCA8-2.vrpspd,moderate,WDRO,2,1672040,50000,10,0.9,265.41386,20,SLOPE,16975,0.7267157584683358,5670,6666,4639,3.1733136966126656,4.419617083946981,13,1302.9298999999996,1963.865854823529,128.73526049985594,43.009793500103115,129.08569630000056,43.40558050000254,2.9931615574845134,2.9739424012539817,2.971848120204833,0.030588199999328936,0.09960488309813079,1.3716120552480953,1.8295902616207271,0.8467279860969601,4.064194151917259,2038,1
SCA8-3,SCA8-3.vrpspd,moderate,WDRO,0,1702026,50000,10,0.9,273.96741,20,SLOPE,14611,0.6898227362945726,4197,5882,4532,3.07391691191568,4.7414961330504415,12,1203.9071,1811.236077882353,107.17450980007197,39.50279500030592,107.42462220000016,39.81241450000016,2.713086752449845,2.6982694606477517,2.6962141233190584,0.030349199998454424,0.10046412490116023,1.4630067076678823,1.9582069391574728,0.8149951603154378,4.062599282861191,1319,1
SCA8-3,SCA8-3.vrpspd,moderate,WDRO,1,1712033,50000,10,0.9,273.96741,20,SLOPE,16641,0.6911243314704645,4961,6540,5140,3.0776996574725075,4.743945676341566,12,1205.7378999999999,1813.0668778823529,135.88676540010783,47.442441700273775,136.2057829000005,47.807733100002224,2.8642447675563814,2.849032448685465,2.847224979584906,0.030349199998454424,0.10046412490116023,1.4630067076678823,1.9582069391574728,0.8149951603154378,4.062599282861191,1319,1
SCA8-3,SCA8-3.vrpspd,moderate,WDRO,2,1722040,50000,10,0.9,273.96741,20,SLOPE,14166,0.649442326697727,3775,5425,4966,3.13708880417902,4.7890724269377385,12,1205.7378999999999,1813.0668778823529,113.73481099987112,43.156111800155486,113.98122689999946,43.44035040000017,2.6354276661101186,2.6238560658571255,2.622024212833305,0.030349199998454424,0.10046412490116023,1.4630067076678823,1.9582069391574728,0.8149951603154378,4.062599282861191,1319,1
SCA8-4,SCA8-4.vrpspd,moderate,WDRO,0,1752026,50000,10,0.9,314.395875,20,SLOPE,15242,0.725036084503346,4222,6829,4191,3.36419105104317,4.937869046056948,12,1288.5557000000001,1929.3638995294118,117.25955010009784,35.453262400282256,117.5001977000029,35.723445299998275,3.307440335848029,3.2891619694925835,3.286420225971285,0.029802799999743,0.09954647982019754,1.2952334603791265,1.6958810812406524,0.8742178052633729,4.059647295063451,1173,1
SCA8-4,SCA8-4.vrpspd,moderate,WDRO,1,1762033,50000,10,0.9,314.395875,20,SLOPE,15114,0.7481143310837634,4821,6486,3807,3.2944951700410217,4.805875347360064,12,1287.177,1927.9851995294116,125.03098349999709,35.652799099931144,125.33904860000257,35.989567000000534,3.506905114225339,3.482649530070776,3.479767949743574,0.029802799999743,0.09954647982019754,1.2952334603791265,1.6958810812406524,0.8742178052633729,4.059647295063451,1173,1
SCA8-4,SCA8-4.vrpspd,moderate,WDRO,2,1772040,50000,10,0.9,314.395875,20,SLOPE,16493,0.7530467471048323,5183,7237,4073,3.3454192687806947,4.771963863457224,12,1288.5557000000001,1929.3638995294118,136.63479780011403,39.18424409996442,136.9413428000007,39.53065240000069,3.4869831213673486,3.4641811982844564,3.4615714634142836,0.029802799999743,0.09954647982019754,1.2952334603791265,1.6958810812406524,0.8742178052633729,4.059647295063451,1173,1
SCA8-5,SCA8-5.vrpspd,moderate,WDRO,0,1802026,50000,10,0.9,259.19917,20,SLOPE,13990,0.697927090779128,4096,5668,4226,3.155396711937098,4.93988563259471,12,1237.7705999999998,1852.3671487058823,107.55704409993632,36.62717200049519,107.78505159999986,36.887796200000594,2.9365369539991284,2.9219704808496565,2.918834915720952,0.03962680000040564,0.09951229435805276,1.4025300951266242,1.8938408619772502,0.8363131062655659,4.064982238912361,1343,1
SCA8-5,SCA8-5.vrpspd,moderate,WDRO,1,1812033,50000,10,0.9,259.19917,20,SLOPE,13775,0.6961161524500907,4206,5383,4186,3.1800362976406533,4.8331760435571685,12,1249.5578,1864.1543487058825,114.65270409985897,39.99086680008622,114.90728560000207,40.293612599998596,2.8669722182568886,2.8517494010950526,2.848947600276434,0.03962680000040564,0.09951229435805276,1.4025300951266242,1.8938408619772502,0.8363131062655659,4.064982238912361,1343,1
SCA8-5,SCA8-5.vrpspd,moderate,WDRO,2,1822040,50000,10,0.9,259.19917,20,SLOPE,17396,0.7546562428144401,5668,7460,4268,3.170556449758565,4.721430213842263,12,1240.8002999999999,1855.3968487058823,136.9396260998583,40.33450480008469,137.28794669999843,40.726989999999205,3.395098731931643,3.3709328064755364,3.3676561234779663,0.03962680000040564,0.09951229435805276,1.4025300951266242,1.8938408619772502,0.8363131062655659,4.064982238912361,1343,1
SCA8-6,SCA8-6.vrpspd,moderate,WDRO,0,1852026,50000,10,0.9,257.127635,20,SLOPE,15502,0.6881692684814863,4894,5774,4834,3.460198684040769,5.031802348084118,12,1176.1147,1745.4052195294119,125.79808060021242,43.707471199933934,126.0847956999969,44.03649640000003,2.878182542860145,2.863188627785493,2.8611797300913353,0.030919000000722008,0.09978120730462077,1.4251995620373508,1.9450521536927097,0.829035106465169,4.065455871464238,1254,1
SCA8-6,SCA8-6.vrpspd,moderate,WDRO,1,1862033,50000,10,0.9,257.127635,20,SLOPE,16300,0.747361963190184,5083,7099,4118,3.364478527607362,4.979447852760736,11,1168.8860000000002,1690.735642901961,137.31480239994562,38.19084450016453,137.6865461999987,38.57798680000269,3.5954900761451887,3.569044359774344,3.566186177697544,0.030919000000722008,0.09978120730462077,1.4251995620373508,1.9450521536927097,0.829035106465169,4.065455871464238,1254,1
SCA8-6,SCA8-6.vrpspd,moderate,WDRO,2,1872040,50000,10,0.9,257.127635,20,SLOPE,15778,0.7204335150209152,4775,6592,4411,3.502028140448726,4.946254278108759,11,1210.6130000000003,1732.462642901961,134.2439879004196,43.540976500022225,134.59960560000036,43.94408110000222,3.0831643819552617,3.0629746311840287,3.0608210413623476,0.030919000000722008,0.09978120730462077,1.4251995620373508,1.9450521536927097,0.829035106465169,4.065455871464238,1254,1
SCA8-7,SCA8-7.vrpspd,moderate,WDRO,0,1902026,50000,10,0.9,265.681015,20,SLOPE,18910,0.7719196192490746,6223,8374,4313,3.2007403490216815,4.623638286620835,12,1328.9939000000004,1958.1320402352944,138.92697869965923,37.76394059980157,139.21822279999833,38.081886699997995,3.678826321964642,3.655759597646344,3.6524598959798857,0.034403899997414555,0.10003987483595209,1.3635690322798524,1.8433242299676345,0.8502992955422141,4.059705752594709,3731,1
SCA8-7,SCA8-7.vrpspd,moderate,WDRO,1,1912033,50000,10,0.9,265.681015,20,SLOPE,17428,0.7786894652283681,5519,8052,3857,3.0834863438145512,4.672595822813863,12,1341.3988000000002,1970.5369402352942,137.83823870013293,34.9598853001371,138.15792310000325,35.29811640000116,3.9427543173201536,3.9140310359449857,3.9102198746917245,0.034403899997414555,0.10003987483595209,1.3635690322798524,1.8433242299676345,0.8502992955422141,4.059705752594709,3731,1
SCA8-7,SCA8-7.vrpspd,moderate,WDRO,2,1922040,50000,10,0.9,265.681015,20,SLOPE,21019,0.7943765164850849,7093,9604,4322,3.022075265236215,4.631333555354679,12,1336.3289,1965.467040235294,171.70651359969997,40.17116220020034,172.08359850000124,40.56468820000009,4.27437256467635,4.242201928227834,4.23860706234886,0.034403899997414555,0.10003987483595209,1.3635690322798524,1.8433242299676345,0.8502992955422141,4.059705752594709,3731,1
SCA8-8,SCA8-8.vrpspd,moderate,WDRO,0,1952026,50000,10,0.9,263.60948,20,SLOPE,16719,0.7218135055924397,5698,6370,4651,2.986482445122316,4.860517973563012,12,1311.2826,1964.7603929411764,132.3812869999565,45.26976399985142,132.7081354999973,45.644434800000454,2.9242760576439273,2.9074329889609234,2.905525401502595,0.02996730000086245,0.09901680178387594,1.3148041423467465,1.740702875793617,0.8672699426869267,4.061054244712121,1365,1
SCA8-8,SCA8-8.vrpspd,moderate,WDRO,1,1962033,50000,10,0.9,263.60948,20,SLOPE,18442,0.7294761956403861,6721,6732,4989,3.1034594946318186,4.959603079926255,12,1319.3743,1972.8520929411764,161.84507219976513,49.47562810008458,162.2383716000004,49.90464200000133,3.2712080354466173,3.2509675472673676,3.2490165413188334,0.02996730000086245,0.09901680178387594,1.3148041423467465,1.740702875793617,0.8672699426869267,4.061054244712121,1365,1
SCA8-8,SCA8-8.vrpspd,moderate,WDRO,2,1972040,50000,10,0.9,263.60948,20,SLOPE,16613,0.7046289050743394,4639,7067,4907,2.9898874375489073,5.105640161319449,11,1346.6927,1945.7140101960786,149.48634239982857,46.42040139941673,149.82951850000245,46.771541900001466,3.220272507202121,3.2034333787913405,3.201382200298682,0.02996730000086245,0.09901680178387594,1.3148041423467465,1.740702875793617,0.8672699426869267,4.061054244712121,1365,1
SCA8-9,SCA8-9.vrpspd,moderate,WDRO,0,2002026,50000,10,0.9,240.287945,20,SLOPE,16521,0.7317353671085285,5197,6892,4432,3.333212275286,4.599721566491133,12,1351.8666,1983.234873882353,126.12472040035209,40.459799300097075,126.40103570000065,40.765542500001175,3.1172848749165567,3.100683271907813,3.0983392819366977,0.030840399998851353,0.09941301983084314,1.4189939541311316,1.8952742799710394,0.8300330249739033,4.063169873138486,1711,1
SCA8-9,SCA8-9.vrpspd,moderate,WDRO,1,2012033,50000,10,0.9,240.287945,20,SLOPE,15092,0.7382056718791412,4531,6610,3951,3.42340312748476,4.742512589451365,12,1388.1949,2019.5631738823527,123.48929649997444,39.90147390044149,123.77827539999998,40.275061899999855,3.094855513560568,3.073323033179508,3.0709714542230695,0.030840399998851353,0.09941301983084314,1.4189939541311316,1.8952742799710394,0.8300330249739033,4.063169873138486,1711,1
SCA8-9,SCA8-9.vrpspd,moderate,WDRO,2,2022040,50000,10,0.9,240.287945,20,SLOPE,16788,0.7106862044317369,5355,6576,4857,3.307183702644746,4.606028115320467,12,1339.9340000000002,1971.302273882353,138.35042559999056,47.29534379957113,138.70058009999775,47.70061150000038,2.925244104077009,2.9077316985757435,2.905852945571094,0.030840399998851353,0.09941301983084314,1.4189939541311316,1.8952742799710394,0.8300330249739033,4.063169873138486,1711,1
