plan_id,seed,split_level,K,distance,solve_time,recovery_rate_d0.05,mean_absorbed_customer_frac_d0.05,mean_absorbed_workload_frac_d0.05,mean_full_absorption_delta_d0.05,recovery_rate_d0.1,mean_absorbed_customer_frac_d0.1,mean_absorbed_workload_frac_d0.1,mean_full_absorption_delta_d0.1,recovery_rate_d0.2,mean_absorbed_customer_frac_d0.2,mean_absorbed_workload_frac_d0.2,mean_full_absorption_delta_d0.2,recovery_rate_d0.4,mean_absorbed_customer_frac_d0.4,mean_absorbed_workload_frac_d0.4,mean_full_absorption_delta_d0.4
0,0,0,6,1224767.0,8.01235842704773,0.0,0.056657151222368606,0.018011579480703314,nan,0.0,0.10346581759625235,0.04963757109073563,nan,0.0,0.1314119455423803,0.06520590692491397,nan,0.0,0.18975991802078762,0.10151619784377548,nan
1,0,1,7,1237003.0,8.021871328353882,0.14285714285714285,0.2704703128044089,0.2106736376236337,36.0,0.14285714285714285,0.3215588378059774,0.25275679562758113,36.0,0.14285714285714285,0.3410393572864968,0.2601465798703292,36.0,0.14285714285714285,0.40080735435426507,0.2980151459085999,36.0
2,0,2,8,1255447.0,8.02537202835083,0.25,0.36190855927698035,0.31265738683933064,17.0,0.25,0.40775518341307815,0.3499925673613523,17.0,0.25,0.4248006379585327,0.35442261607901127,17.0,0.25,0.48592503987240826,0.3908965277192877,17.0
3,1,0,6,1229609.0,5.651859283447266,0.0,0.05884924017916345,0.01351299196163689,nan,0.0,0.05884924017916345,0.013956647684795721,nan,0.0,0.05884924017916345,0.013956647684795721,nan,0.0,0.05884924017916345,0.013956647684795721,nan
4,1,1,7,1248053.0,5.65980863571167,0.2857142857142857,0.32994531145791645,0.3010561500393375,17.0,0.2857142857142857,0.32994531145791645,0.3010561500393375,17.0,0.2857142857142857,0.32994531145791645,0.3010561500393375,17.0,0.2857142857142857,0.32994531145791645,0.3020726856858542,17.0
5,1,2,8,1253171.0,5.664487838745117,0.25,0.3217807279280896,0.27756805066636625,3537.5,0.375,0.4665541197409551,0.41011943710222953,5413.333333333333,0.375,0.4728041197409551,0.4199789878262256,5413.333333333333,0.375,0.5056511830514051,0.43797399055036923,4938.333333333333
6,2,0,6,1228634.0,6.704920768737793,0.0,0.12298245614035086,0.09201772877869734,nan,0.0,0.17286549707602336,0.10027189228926738,nan,0.0,0.1826694186446508,0.10683335948167048,nan,0.0,0.1826694186446508,0.11077230729487414,nan
7,2,1,7,1240870.0,6.709327220916748,0.14285714285714285,0.2486883876357561,0.22569764499285447,36.0,0.2857142857142857,0.3703926482873851,0.3237538889785262,7305.0,0.2857142857142857,0.3924468032827165,0.3425122720753117,7305.0,0.2857142857142857,0.40925352597179226,0.3434429375010911,7305.0
8,2,2,8,1259314.0,6.716629266738892,0.25,0.34996345029239767,0.323555941827409,17.0,0.375,0.44471856725146197,0.40705068523636173,4869.333333333333,0.375,0.4642242862057104,0.42348004000029643,4869.333333333333,0.375,0.47893016855865156,0.42592764750917744,4869.333333333333
9,3,0,6,1227486.0,8.01224398612976,0.0,0.0639035280339628,0.022329265363368763,nan,0.0,0.09589006002049479,0.04815779259003017,nan,0.0,0.12383618796662273,0.06601461373880282,nan,0.0,0.1973356755965452,0.10888792492625554,nan
10,3,1,7,1234746.0,8.025058031082153,0.0,0.04856327247631594,0.015057184161695672,nan,0.0,0.06920446703055398,0.022057163670461948,nan,0.0,0.06920446703055398,0.022617876398640872,nan,0.0,0.09287596461509505,0.034037600354366496,nan
11,3,2,8,1246688.0,8.022597074508667,0.125,0.19094977912113462,0.1594237715199882,429.0,0.125,0.22646477563357356,0.1759981218195468,429.0,0.125,0.2478328683251957,0.19135433411780098,429.0,0.25,0.4224371270247229,0.35077156463575865,4474.0
12,4,0,6,1225617.0,8.023906707763672,0.0,0.2542606516290727,0.18657500852813524,nan,0.0,0.30645363408521303,0.24174702065909348,nan,0.0,0.358249791144528,0.25250618272203534,nan,0.0,0.448015873015873,0.35293544461847787,nan
13,4,1,7,1281914.0,8.039974451065063,0.0,0.18463861517146904,0.16175175409212736,nan,0.0,0.2629996315841363,0.2268068336699227,nan,0.2857142857142857,0.48850386836656856,0.43277931917746726,26467.5,0.2857142857142857,0.6300092882309293,0.5890985787911351,21004.0
14,4,2,8,1291704.0,8.044708013534546,0.125,0.2816568274907217,0.25392622551870675,1916.0,0.125,0.3575756580282761,0.31816859343909887,1916.0,0.375,0.5557088586769566,0.5096656408132277,18283.666666666668,0.375,0.6807515912543507,0.6429003928401343,14641.333333333334
15,5,0,6,1223304.0,8.043681144714355,0.0,0.015579710144927537,0.003975827808679762,nan,0.0,0.024351639969488942,0.006087649164652808,nan,0.0,0.024351639969488942,0.006530322914099465,nan,0.0,0.03192739754524652,0.008558426637118442,nan
16,5,1,7,1232474.0,8.049582481384277,0.14285714285714285,0.18198757763975154,0.15879951354080887,429.0,0.14285714285714285,0.19613526570048312,0.16182703187299974,429.0,0.14285714285714285,0.20977162933684673,0.16242609387800783,429.0,0.14285714285714285,0.2162651358303532,0.16640678360473812,429.0
17,5,2,8,1305317.0,8.060624837875366,0.125,0.19900156455862977,0.16803141440578026,429.0,0.25,0.3543684123847167,0.30833011684822187,3448.5,0.25,0.4409852602108037,0.4400762033117911,3448.5,0.375,0.5814270421607378,0.549510260036597,28494.666666666668
18,6,0,6,1242246.0,4.028050899505615,0.0,0.05884924017916345,0.013621440392366286,nan,0.0,0.05884924017916345,0.014065096115525115,nan,0.0,0.05884924017916345,0.014065096115525115,nan,0.0,0.05884924017916345,0.014065096115525115,nan
19,6,1,7,1256124.0,4.03474235534668,0.0,0.07924558076472388,0.021326023814312433,nan,0.0,0.08718208870123181,0.028361135995831004,nan,0.0,0.09558545004576964,0.03323985516026445,nan,0.14285714285714285,0.260700618920337,0.1882812118025698,6136.0
20,6,2,8,1271694.0,4.038830041885376,0.125,0.2008326466985102,0.14698562869983842,36.0,0.25,0.33784637667562684,0.28413116920558823,2725.0,0.25,0.3905940546942027,0.3320346191752875,2725.0,0.25,0.510108080400179,0.47650965742298346,2725.0
21,7,0,6,1232962.0,6.15473747253418,0.0,0.03857585139318886,0.008664003914871812,nan,0.0,0.03857585139318886,0.008664003914871812,nan,0.0,0.03857585139318886,0.008664003914871812,nan,0.0,0.03857585139318886,0.008664003914871812,nan
22,7,1,7,1241486.0,6.162477493286133,0.14285714285714285,0.1907330827067669,0.15961746093617898,1432.0,0.14285714285714285,0.20438387635756056,0.1699053017096698,1432.0,0.14285714285714285,0.2198391812865497,0.17065179486558843,1432.0,0.14285714285714285,0.2198391812865497,0.17274539092470173,1432.0
23,7,2,8,1259930.0,6.165006637573242,0.375,0.41230811403508777,0.3883980819957155,488.6666666666667,0.375,0.4244608918128655,0.39743317137611245,488.6666666666667,0.375,0.437984283625731,0.39808635288754124,488.6666666666667,0.375,0.4431926169590643,0.4012440183927677,488.6666666666667
24,8,0,6,1228267.0,6.571117401123047,0.0,0.07713801767846727,0.026862450007773483,nan,0.0,0.09271772782339481,0.029376165072520406,nan,0.0,0.10252164939202224,0.032743168439523775,nan,0.0,0.10252164939202224,0.032743168439523775,nan
25,8,1,7,1240503.0,6.5824384689331055,0.14285714285714285,0.2808217260969987,0.22419083450662544,36.0,0.14285714285714285,0.3013186205069366,0.26015681035251115,36.0,0.14285714285714285,0.31686483899433154,0.2756851875087928,36.0,0.14285714285714285,0.34030579432383173,0.27629458254049855,36.0
26,8,2,8,1258947.0,6.585805416107178,0.25,0.38583161334709326,0.3282620411819799,17.0,0.25,0.3977634315289114,0.3633955684549491,17.0,0.25,0.411366372705382,0.3719131899749338,17.0,0.25,0.4318772086186947,0.3733482865295522,17.0
27,9,0,6,1227644.0,4.518482685089111,0.0,0.04842105263157895,0.024345431999606662,nan,0.0,0.08081756679279899,0.03518730413003094,nan,0.0,0.0998807476206857,0.040715741335486784,nan,0.0,0.10654741428735237,0.04546311254783978,nan
28,9,1,7,1237319.0,4.528515100479126,0.0,0.1336842105263158,0.09213526038582774,nan,0.0,0.17301194161875277,0.10538697783501008,nan,0.0,0.1871295886775763,0.11627077760899134,nan,0.0,0.20696152145068555,0.11949300607130742,nan
29,9,2,8,1254086.0,4.5262556076049805,0.25,0.3260500515995872,0.28080245729283543,2453.5,0.25,0.33299449604403164,0.2848508157666597,2453.5,0.25,0.3534623323013416,0.3003527802348387,2453.5,0.375,0.5073512211902306,0.44398496811064414,4215.666666666667
30,10,0,6,1224780.0,4.22460412979126,0.0,0.22985223074737138,0.15883167478770008,nan,0.0,0.2802358624609264,0.18089827481962126,nan,0.0,0.3335606706450696,0.20313143087649535,nan,0.0,0.4092548613648357,0.2628168390856696,nan
31,10,1,7,1237016.0,4.229189157485962,0.14285714285714285,0.3488958970315815,0.2890289621553189,36.0,0.14285714285714285,0.39960066406425276,0.3048097300665509,36.0,0.14285714285714285,0.445307642507804,0.33266797186888575,36.0,0.14285714285714285,0.5043060244692843,0.3815055746945807,36.0
32,10,2,8,1251196.0,4.234072923660278,0.25,0.319209348499125,0.2957578070567811,11413.0,0.375,0.48956286175797553,0.44059437001802826,13164.333333333334,0.375,0.5182006326558083,0.45958594010126114,13164.333333333334,0.375,0.5895610589773668,0.5125436255978673,13164.333333333334
33,11,0,6,1225701.0,8.017374038696289,0.0,0.05747520976353929,0.023806736656807076,nan,0.0,0.09418831605868894,0.03896863795867558,nan,0.0,0.11853995602817785,0.045632230976890675,nan,0.0,0.11853995602817785,0.045632230976890675,nan
34,11,1,7,1242427.0,8.029567003250122,0.0,0.07340815807635029,0.0218854151646309,nan,0.0,0.08134466601285821,0.025894547866049306,nan,0.14285714285714285,0.25338709091569506,0.1790439826535761,1560.0,0.14285714285714285,0.25338709091569506,0.18018148683557675,1560.0
35,11,2,8,1256381.0,8.024455785751343,0.25,0.3560084541062802,0.3230217817647186,17.0,0.25,0.40253800795680594,0.37294584359492416,17.0,0.25,0.4161409491332765,0.37713987079984396,17.0,0.25,0.435464620630861,0.3817354590351381,17.0
36,12,0,6,1228521.0,8.020008563995361,0.0,0.07522260111774179,0.02523165754328707,nan,0.0,0.08355593445107512,0.023422109492329576,nan,0.0,0.10261911527896184,0.029007391475127087,nan,0.0,0.10261911527896184,0.032186924157765355,nan
37,12,1,7,1238196.0,8.024430990219116,0.0,0.14351479722323712,0.08518803411527136,nan,0.0,0.17955791012056996,0.09845370305539515,nan,0.0,0.19636463280964558,0.11064479342238129,nan,0.0,0.21097917427840704,0.11206847532026053,nan
38,12,2,8,1252878.0,8.029546022415161,0.25,0.3130754475703324,0.2749207600229655,5705.5,0.25,0.3446131713554987,0.28596594345317344,5705.5,0.375,0.48431905370843986,0.4169798203953891,4144.666666666667,0.375,0.5022538363171356,0.4383214577173395,4144.666666666667
39,13,0,6,1226796.0,8.024560689926147,0.0,0.140359477124183,0.08599237261636401,nan,0.0,0.1570261437908497,0.08563670324661014,nan,0.0,0.17663398692810459,0.0940288122987852,nan,0.0,0.20032679738562095,0.10552175846840216,nan
40,13,1,7,1239032.0,8.032265901565552,0.14285714285714285,0.2710600029485478,0.21825708019379028,36.0,0.14285714285714285,0.2853457172342621,0.2528963162303869,36.0,0.14285714285714285,0.3021524399233378,0.27172643053433426,36.0,0.14285714285714285,0.34767064720625085,0.2799630800921472,36.0
41,13,2,8,1256454.0,8.036848068237305,0.25,0.3752877237851662,0.3226297109673335,740.5,0.25,0.38264066496163684,0.3517297666421923,740.5,0.25,0.3978061061381074,0.36312473578364035,740.5,0.25,0.43708839514066494,0.3794179949502388,740.5
42,14,0,6,1228634.0,8.017336130142212,0.0,0.12298245614035086,0.09201772877869734,nan,0.0,0.17286549707602336,0.10027189228926738,nan,0.0,0.1826694186446508,0.10683335948167048,nan,0.0,0.1826694186446508,0.11077230729487414,nan
43,14,1,7,1239921.0,8.026920795440674,0.0,0.06238832375055285,0.0303446821878639,nan,0.0,0.09331269349845202,0.0442796478975799,nan,0.0,0.10654577620521895,0.05004304291368972,nan,0.0,0.12120743034055725,0.06717598382818346,nan
44,14,2,8,1249448.0,8.02936577796936,0.125,0.2066421568627451,0.16333019916324776,429.0,0.125,0.21899509803921569,0.17147849770436147,429.0,0.125,0.21899509803921569,0.17147849770436147,429.0,0.125,0.2642483660130719,0.1981768163377883,429.0
45,15,0,6,1224665.0,7.613387584686279,0.0,0.042488894871449724,0.008748076576616968,nan,0.0,0.05082222820478305,0.010672798561219193,nan,0.0,0.06787252658500471,0.021310501357912414,nan,0.0,0.06787252658500471,0.021310501357912414,nan
46,15,1,7,1239374.0,7.619917631149292,0.0,0.06458401438378555,0.026606273200074214,nan,0.0,0.09569303694017653,0.038535099242273926,nan,0.0,0.11618993135011442,0.05001313306272665,nan,0.0,0.13575514874141875,0.06559970045530664,nan
47,15,2,8,1262468.0,7.6469566822052,0.125,0.21596824942791762,0.16612676562857354,10055.0,0.125,0.23570509153318076,0.17533552341012418,10055.0,0.25,0.3867813215102975,0.31485917049688966,7210.5,0.375,0.5627002288329519,0.4935898396128806,6023.333333333333
48,16,0,6,1229362.0,6.986821889877319,0.0,0.0784939401644207,0.02712284122495959,nan,0.0,0.09451224680057631,0.02704630962054323,nan,0.0,0.10377150605983558,0.03134695750982187,nan,0.0,0.12027714213068906,0.040262798711508466,nan
49,16,1,7,1244289.0,6.990942478179932,0.0,0.07349170026515564,0.02831307776438765,nan,0.0,0.08815335440049399,0.026711807253517905,nan,0.0,0.10360865932948313,0.034805522814841984,nan,0.0,0.14035450946206096,0.0628694324246802,nan
50,16,2,8,1250175.0,6.995426416397095,0.0,0.08493862266493171,0.03352726414576477,nan,0.0,0.09813306710937617,0.037908364411958204,nan,0.125,0.2300775115538206,0.1645720733738038,1560.0,0.125,0.268073409760548,0.19371302926934192,1560.0
51,17,0,6,1227382.0,7.57659912109375,0.0,0.04842105263157895,0.024345431999606662,nan,0.0,0.08081756679279899,0.03518730413003094,nan,0.0,0.0998807476206857,0.040715741335486784,nan,0.0,0.10654741428735237,0.045463112547839794,nan
52,17,1,7,1237057.0,7.586116075515747,0.0,0.1336842105263158,0.09213526038582774,nan,0.0,0.1787262273330385,0.10895840640643865,nan,0.0,0.1871295886775763,0.11627077760899134,nan,0.0,0.20696152145068555,0.11936005386762463,nan
53,17,2,8,1253972.0,7.585003852844238,0.125,0.19182662538699688,0.15834408293745786,5007.0,0.125,0.21888544891640868,0.1707067979845449,5007.0,0.25,0.3578173374613003,0.30741748997759877,3727.5,0.375,0.513328173374613,0.44994086024968744,5065.0
54,18,0,6,1233916.0,3.483630418777466,0.0,0.08502652268636923,0.028654770266522054,nan,0.0,0.11149711092166333,0.03865744162843127,nan,0.0,0.1207563701809226,0.040875720244225415,nan,0.0,0.14559533958510942,0.05964496344925696,nan
55,18,1,7,1236095.0,3.503962516784668,0.0,0.07307347181296761,0.030025308319363123,nan,0.0,0.08701905004426012,0.033544882191112575,nan,0.0,0.10335891932530587,0.03718192105795164,nan,0.0,0.1326858015933646,0.05035425835474792,nan
56,18,2,8,1244158.0,3.512005567550659,0.125,0.20843900966183573,0.15659750237998504,1432.0,0.125,0.21538345410628018,0.16452668091638817,1432.0,0.125,0.23552234299516908,0.16379114642799325,1432.0,0.125,0.2587711352657005,0.17662775118576193,1432.0
57,19,0,6,1221260.0,8.028862237930298,0.0,0.1761904761904762,0.14054746132099608,nan,0.0,0.2459511077158136,0.17221781559824167,nan,0.0,0.3071810542398778,0.2028453619857344,nan,0.0,0.38812494694847627,0.26274572519206935,nan
58,19,1,7,1233498.0,8.033366680145264,0.14285714285714285,0.29523809523809524,0.26462486159328086,34.0,0.14285714285714285,0.35537305831423477,0.2985519807425811,34.0,0.2857142857142857,0.44721161191749426,0.40058723287764614,19482.5,0.2857142857142857,0.519993451926225,0.46361587717449587,19482.5
59,19,2,8,1257809.0,8.03866720199585,0.375,0.43118686868686873,0.413075547869253,5616.666666666667,0.375,0.45684789067142006,0.43815241057050003,5487.333333333333,0.375,0.5115121806298276,0.4731347401488111,5487.333333333333,0.375,0.6116257108904168,0.5632131555084746,5067.666666666667
