plan_id,seed,K,distance,n_outage_pairs,n_d0.1,mean_extra_units_d0.1,p_need_two_d0.1,p_need_at_most_one_d0.1,p_zero_d0.1,mean_absorbed_workload_frac_d0.1,mean_residual_workload_frac_d0.1,both_sub_n_d0.1,both_sub_mean_extra_units_d0.1,both_sub_p_need_two_d0.1,both_sub_p_need_at_most_one_d0.1,both_sub_p_zero_d0.1,both_sub_mean_absorbed_workload_frac_d0.1,both_sub_mean_residual_workload_frac_d0.1
0,0,7,1246180.0,21,21.0,1.8571428571428572,0.8571428571428571,0.14285714285714285,0.0,0.1341256433437693,0.8658743566562306,15.0,1.9333333333333333,0.9333333333333333,0.06666666666666667,0.0,0.10600461335662593,0.8939953866433741
1,0,8,1270239.0,28,28.0,1.4285714285714286,0.42857142857142855,0.5714285714285714,0.0,0.2327035262989995,0.7672964737010005,10.0,2.0,1.0,0.0,0.0,0.09734802955176818,0.9026519704482319
2,1,7,1235689.0,21,21.0,1.4761904761904763,0.47619047619047616,0.5238095238095238,0.0,0.2491479957646318,0.7508520042353681,15.0,1.6666666666666667,0.6666666666666666,0.3333333333333333,0.0,0.18836469518579183,0.8116353048142081
3,1,8,1279890.0,28,28.0,1.4285714285714286,0.42857142857142855,0.5714285714285714,0.0,0.2595215846733228,0.7404784153266774,15.0,1.6,0.6,0.4,0.0,0.1848245312590883,0.8151754687409114
4,2,7,1245950.0,21,21.0,1.8571428571428572,0.8571428571428571,0.14285714285714285,0.0,0.15276590345464924,0.8472340965453508,21.0,1.8571428571428572,0.8571428571428571,0.14285714285714285,0.0,0.15276590345464924,0.8472340965453508
5,2,8,1261484.0,28,28.0,1.3214285714285714,0.35714285714285715,0.6428571428571429,0.03571428571428571,0.3293884863330628,0.6706115136669374,10.0,2.0,1.0,0.0,0.0,0.14438170089376048,0.8556182991062394
6,3,7,1239200.0,21,21.0,1.6666666666666667,0.6666666666666666,0.3333333333333333,0.0,0.18197945318334513,0.8180205468166548,15.0,1.9333333333333333,0.9333333333333333,0.06666666666666667,0.0,0.12807431084275628,0.8719256891572438
7,3,8,1262365.0,28,28.0,1.4285714285714286,0.42857142857142855,0.5714285714285714,0.0,0.30299363712223765,0.6970063628777624,15.0,1.7333333333333334,0.7333333333333333,0.26666666666666666,0.0,0.2088272909150047,0.7911727090849952
8,4,7,1229294.0,21,21.0,1.4761904761904763,0.47619047619047616,0.5238095238095238,0.0,0.18095853893001385,0.8190414610699861,10.0,2.0,1.0,0.0,0.0,0.08124575953050052,0.9187542404694995
9,4,8,1268134.0,28,28.0,1.3928571428571428,0.39285714285714285,0.6071428571428571,0.0,0.3304563258263352,0.6695436741736648,10.0,2.0,1.0,0.0,0.0,0.16561636926666384,0.8343836307333362
10,5,7,1248490.0,21,21.0,1.4761904761904763,0.47619047619047616,0.5238095238095238,0.0,0.2054861761558732,0.7945138238441267,10.0,2.0,1.0,0.0,0.0,0.10298043092543008,0.8970195690745699
11,5,8,1264368.0,28,28.0,1.3571428571428572,0.35714285714285715,0.6428571428571429,0.0,0.3390813133661222,0.6609186866338781,15.0,1.6666666666666667,0.6666666666666666,0.3333333333333333,0.0,0.22760497237536154,0.7723950276246384
12,6,7,1236966.0,21,21.0,1.5714285714285714,0.5714285714285714,0.42857142857142855,0.0,0.22746755406477323,0.7725324459352267,15.0,1.8,0.8,0.2,0.0,0.1751055632306768,0.8248944367693232
13,6,8,1273615.0,28,28.0,1.3571428571428572,0.35714285714285715,0.6428571428571429,0.0,0.30953285443937123,0.6904671455606289,15.0,1.6,0.6,0.4,0.0,0.22406920238789318,0.7759307976121069
14,7,7,1254971.0,21,21.0,1.6666666666666667,0.6666666666666666,0.3333333333333333,0.0,0.17872832112950668,0.8212716788704933,15.0,1.9333333333333333,0.9333333333333333,0.06666666666666667,0.0,0.12952829000951072,0.8704717099904893
15,7,8,1259973.0,28,28.0,1.3928571428571428,0.39285714285714285,0.6071428571428571,0.0,0.2643279499228795,0.7356720500771206,10.0,2.0,1.0,0.0,0.0,0.11774423486818049,0.8822557651318196
16,8,7,1239020.0,21,21.0,1.4761904761904763,0.47619047619047616,0.5238095238095238,0.0,0.22320932635225516,0.7767906736477447,10.0,2.0,1.0,0.0,0.0,0.133796767188334,0.8662032328116659
17,8,8,1248724.0,28,28.0,1.3214285714285714,0.35714285714285715,0.6428571428571429,0.03571428571428571,0.30448554121507826,0.6955144587849216,10.0,2.0,1.0,0.0,0.0,0.11458182022468208,0.8854181797753178
18,9,7,1247055.0,21,21.0,1.8571428571428572,0.8571428571428571,0.14285714285714285,0.0,0.09544732351924654,0.9045526764807534,10.0,2.0,1.0,0.0,0.0,0.06290240449270992,0.9370975955072902
19,9,8,1273033.0,28,28.0,1.3928571428571428,0.39285714285714285,0.6071428571428571,0.0,0.2988763083987222,0.7011236916012776,21.0,1.4285714285714286,0.42857142857142855,0.5714285714285714,0.0,0.2685162181567588,0.7314837818432413
20,10,7,1249913.0,21,21.0,1.4761904761904763,0.47619047619047616,0.5238095238095238,0.0,0.20222517653022462,0.7977748234697754,10.0,2.0,1.0,0.0,0.0,0.09263457148136386,0.9073654285186361
21,10,8,1274465.0,28,28.0,1.3571428571428572,0.35714285714285715,0.6428571428571429,0.0,0.29528835973557654,0.7047116402644236,10.0,2.0,1.0,0.0,0.0,0.1261353926861902,0.8738646073138098
22,11,7,1240913.0,21,21.0,1.6666666666666667,0.6666666666666666,0.3333333333333333,0.0,0.16043132007614366,0.8395686799238565,10.0,2.0,1.0,0.0,0.0,0.09324929905746429,0.9067507009425355
23,11,8,1271035.0,28,28.0,1.3928571428571428,0.39285714285714285,0.6071428571428571,0.0,0.2820645429083794,0.7179354570916205,15.0,1.6,0.6,0.4,0.0,0.19767657165169886,0.8023234283483011
24,12,7,1261586.0,21,21.0,1.8571428571428572,0.8571428571428571,0.14285714285714285,0.0,0.11145452766050055,0.8885454723394994,15.0,1.9333333333333333,0.9333333333333333,0.06666666666666667,0.0,0.09722916927663722,0.9027708307233627
25,12,8,1270292.0,28,28.0,1.3571428571428572,0.35714285714285715,0.6428571428571429,0.0,0.2930239624479697,0.7069760375520303,15.0,1.6,0.6,0.4,0.0,0.19326467005886513,0.806735329941135
26,13,7,1251866.0,21,21.0,1.8571428571428572,0.8571428571428571,0.14285714285714285,0.0,0.11864167859043048,0.8813583214095696,15.0,1.9333333333333333,0.9333333333333333,0.06666666666666667,0.0,0.10064106641990521,0.8993589335800948
27,13,8,1270571.0,28,28.0,1.4285714285714286,0.4642857142857143,0.5357142857142857,0.03571428571428571,0.26925165042775817,0.7307483495722417,15.0,1.8666666666666667,0.8666666666666667,0.13333333333333333,0.0,0.1536901048641842,0.8463098951358158
28,14,7,1244175.0,21,21.0,1.6666666666666667,0.6666666666666666,0.3333333333333333,0.0,0.2162732491069144,0.7837267508930856,15.0,1.9333333333333333,0.9333333333333333,0.06666666666666667,0.0,0.16608507332089897,0.8339149266791012
29,14,8,1263846.0,28,28.0,1.3214285714285714,0.35714285714285715,0.6428571428571429,0.03571428571428571,0.32158578651891734,0.6784142134810828,10.0,2.0,1.0,0.0,0.0,0.13707697929008147,0.8629230207099186
30,15,7,1249358.0,21,21.0,1.6666666666666667,0.6666666666666666,0.3333333333333333,0.0,0.21435969461989984,0.7856403053801002,21.0,1.6666666666666667,0.6666666666666666,0.3333333333333333,0.0,0.21435969461989984,0.7856403053801002
31,15,8,1266770.0,28,28.0,1.4285714285714286,0.42857142857142855,0.5714285714285714,0.0,0.3138835147176063,0.6861164852823937,10.0,2.0,1.0,0.0,0.0,0.1543845955823039,0.8456154044176962
32,16,7,1244383.0,21,21.0,1.8571428571428572,0.8571428571428571,0.14285714285714285,0.0,0.0837203146440318,0.9162796853559683,10.0,2.0,1.0,0.0,0.0,0.061789694176955054,0.9382103058230451
33,16,8,1270167.0,28,28.0,1.3928571428571428,0.39285714285714285,0.6071428571428571,0.0,0.29769483706120725,0.7023051629387925,15.0,1.6,0.6,0.4,0.0,0.21549442030964416,0.7845055796903558
34,17,7,1248876.0,21,21.0,1.8571428571428572,0.8571428571428571,0.14285714285714285,0.0,0.14855439481520957,0.8514456051847903,10.0,2.0,1.0,0.0,0.0,0.1043459108132198,0.8956540891867804
35,17,8,1266542.0,28,28.0,1.3928571428571428,0.39285714285714285,0.6071428571428571,0.0,0.2788354545198001,0.7211645454802001,15.0,1.7333333333333334,0.7333333333333333,0.26666666666666666,0.0,0.17800920851823412,0.8219907914817658
36,18,7,1244191.0,21,21.0,1.6666666666666667,0.6666666666666666,0.3333333333333333,0.0,0.13364439522677699,0.8663556047732228,15.0,1.9333333333333333,0.9333333333333333,0.06666666666666667,0.0,0.08855071397750383,0.9114492860224962
37,18,8,1260993.0,28,28.0,1.25,0.35714285714285715,0.6428571428571429,0.10714285714285714,0.32958491312743426,0.6704150868725656,10.0,2.0,1.0,0.0,0.0,0.1458912582466096,0.8541087417533906
38,19,7,1244383.0,21,21.0,1.8571428571428572,0.8571428571428571,0.14285714285714285,0.0,0.11980789567941107,0.8801921043205889,15.0,1.9333333333333333,0.9333333333333333,0.06666666666666667,0.0,0.09293623369403799,0.9070637663059621
39,19,8,1244084.0,28,28.0,1.3571428571428572,0.35714285714285715,0.6428571428571429,0.0,0.25636484485304545,0.7436351551469546,10.0,2.0,1.0,0.0,0.0,0.12525413053923137,0.8747458694607687
