plan_id,seed,generation,K,distance,solve_time,min_route_len,max_route_len,mean_route_len,std_route_len,route_len_signature,min_route_delivery,max_route_delivery,mean_route_delivery,std_route_delivery,route_delivery_signature,recovery_rate_d0.05,mean_absorbed_customer_frac_d0.05,mean_absorbed_workload_frac_d0.05,sub_len_n_d0.05,recovery_rate_sub_len_d0.05,mean_absorbed_customer_frac_sub_len_d0.05,mean_absorbed_workload_frac_sub_len_d0.05,sub_work_n_d0.05,recovery_rate_sub_work_d0.05,mean_absorbed_customer_frac_sub_work_d0.05,mean_absorbed_workload_frac_sub_work_d0.05,sub_either_n_d0.05,recovery_rate_sub_either_d0.05,mean_absorbed_customer_frac_sub_either_d0.05,mean_absorbed_workload_frac_sub_either_d0.05,recovery_rate_d0.1,mean_absorbed_customer_frac_d0.1,mean_absorbed_workload_frac_d0.1,sub_len_n_d0.1,recovery_rate_sub_len_d0.1,mean_absorbed_customer_frac_sub_len_d0.1,mean_absorbed_workload_frac_sub_len_d0.1,sub_work_n_d0.1,recovery_rate_sub_work_d0.1,mean_absorbed_customer_frac_sub_work_d0.1,mean_absorbed_workload_frac_sub_work_d0.1,sub_either_n_d0.1,recovery_rate_sub_either_d0.1,mean_absorbed_customer_frac_sub_either_d0.1,mean_absorbed_workload_frac_sub_either_d0.1,recovery_rate_d0.2,mean_absorbed_customer_frac_d0.2,mean_absorbed_workload_frac_d0.2,sub_len_n_d0.2,recovery_rate_sub_len_d0.2,mean_absorbed_customer_frac_sub_len_d0.2,mean_absorbed_workload_frac_sub_len_d0.2,sub_work_n_d0.2,recovery_rate_sub_work_d0.2,mean_absorbed_customer_frac_sub_work_d0.2,mean_absorbed_workload_frac_sub_work_d0.2,sub_either_n_d0.2,recovery_rate_sub_either_d0.2,mean_absorbed_customer_frac_sub_either_d0.2,mean_absorbed_workload_frac_sub_either_d0.2,recovery_rate_d0.4,mean_absorbed_customer_frac_d0.4,mean_absorbed_workload_frac_d0.4,sub_len_n_d0.4,recovery_rate_sub_len_d0.4,mean_absorbed_customer_frac_sub_len_d0.4,mean_absorbed_workload_frac_sub_len_d0.4,sub_work_n_d0.4,recovery_rate_sub_work_d0.4,mean_absorbed_customer_frac_sub_work_d0.4,mean_absorbed_workload_frac_sub_work_d0.4,sub_either_n_d0.4,recovery_rate_sub_either_d0.4,mean_absorbed_customer_frac_sub_either_d0.4,mean_absorbed_workload_frac_sub_either_d0.4
0,0,direct_fixed_k,7,1246180.0,11.42128300666809,7,23,14.285714285714286,5.364280958719596,7 8 12 14 18 18 23,37.4,149.39999999999998,107.57142857142857,42.988593646146064,37.400 56.200 89.200 135.200 138.300 147.300 149.400,0.0,0.21482796016957506,0.17898268618914176,5.0,0.0,0.13647342995169082,0.09806609882904965,6.0,0.0,0.15539452495974235,0.1138050823575414,6.0,0.0,0.15539452495974235,0.1138050823575414,0.0,0.3174110223799665,0.27384621605980325,5.0,0.0,0.1729468599033816,0.12134082164636535,6.0,0.0,0.22745571658615135,0.17965901803863782,6.0,0.0,0.22745571658615135,0.17965901803863782,0.14285714285714285,0.43900966183574885,0.4058094335996777,5.0,0.0,0.2896135265700483,0.24013320703954877,6.0,0.0,0.345511272141707,0.3067776725329573,6.0,0.0,0.345511272141707,0.3067776725329573,0.2857142857142857,0.6330474218672977,0.6006072510375002,5.0,0.0,0.4862663906142167,0.44085015145250034,6.0,0.16666666666666666,0.5718886588451807,0.5340417928770836,6.0,0.16666666666666666,0.5718886588451807,0.5340417928770836
1,0,direct_fixed_k,8,1270239.0,16.76161789894104,5,23,12.5,6.020797289396148,5 5 8 11 14 16 18 23,33.3,149.39999999999998,94.125,48.246003720515546,33.300 38.000 40.900 81.100 124.700 138.300 147.300 149.400,0.0,0.2601064997804128,0.23460388351548406,5.0,0.0,0.10617039964866053,0.07847593529229041,5.0,0.0,0.10617039964866053,0.07847593529229041,5.0,0.0,0.10617039964866053,0.07847593529229041,0.25,0.46353686319718923,0.4328334393924395,5.0,0.0,0.18165898111550285,0.13820977797247094,5.0,0.0,0.18165898111550285,0.13820977797247094,5.0,0.0,0.18165898111550285,0.13820977797247094,0.375,0.5521416611769873,0.5258564407435486,5.0,0.0,0.2834266578831796,0.24137030518967778,5.0,0.0,0.2834266578831796,0.24137030518967778,5.0,0.0,0.2834266578831796,0.24137030518967778,0.375,0.7146758736432648,0.6788390676987827,5.0,0.0,0.5434813978292239,0.4861425083180523,5.0,0.0,0.5434813978292239,0.4861425083180523,5.0,0.0,0.5434813978292239,0.4861425083180523
2,1,direct_fixed_k,7,1235689.0,17.31009602546692,6,21,14.285714285714286,5.848425568702491,6 6 13 16 17 21 21,35.8,147.2,107.57142857142857,41.77438430035169,35.800 53.400 110.500 124.600 135.300 146.200 147.200,0.14285714285714285,0.33198279311724693,0.30946517379820415,5.0,0.0,0.13144257703081233,0.08775416729409392,6.0,0.0,0.22064659197012138,0.19437603609790477,6.0,0.0,0.22064659197012138,0.19437603609790477,0.2857142857142857,0.45308123249299725,0.43335189592789963,5.0,0.0,0.23431372549019608,0.20669265429905953,6.0,0.16666666666666666,0.36192810457516345,0.33891054524921627,6.0,0.16666666666666666,0.36192810457516345,0.33891054524921627,0.2857142857142857,0.5632002801120448,0.526878918133626,5.0,0.0,0.38848039215686275,0.3376304853870764,6.0,0.16666666666666666,0.4904003267973856,0.4480254044892303,6.0,0.16666666666666666,0.4904003267973856,0.4480254044892303,0.2857142857142857,0.6648101548311632,0.638134779217668,5.0,0.0,0.5307342167636285,0.49338869090473514,6.0,0.16666666666666666,0.6089451806363572,0.5778239090872793,6.0,0.16666666666666666,0.6089451806363572,0.5778239090872793
3,1,direct_fixed_k,8,1279890.0,13.100312948226929,5,23,12.5,5.722761571129799,5 5 10 12 13 14 18 23,33.3,149.4,94.125,45.63857332345085,33.300 35.800 54.400 89.200 105.300 138.300 147.300 149.400,0.0,0.25997538089929395,0.2368993336975581,6.0,0.0,0.21330050786572527,0.20595470847822617,6.0,0.0,0.21330050786572527,0.20595470847822617,6.0,0.0,0.21330050786572527,0.20595470847822617,0.25,0.48106187290969904,0.4451465053056567,6.0,0.16666666666666666,0.34141583054626534,0.29825890286134865,6.0,0.16666666666666666,0.34141583054626534,0.29825890286134865,6.0,0.16666666666666666,0.34141583054626534,0.29825890286134865,0.375,0.5442563173541435,0.5134956211893329,6.0,0.16666666666666666,0.3923417564721912,0.3513274949191105,6.0,0.16666666666666666,0.3923417564721912,0.3513274949191105,6.0,0.16666666666666666,0.3923417564721912,0.3513274949191105,0.375,0.7056474624409407,0.6782295570823876,6.0,0.16666666666666666,0.6075299499212542,0.5709727427765169,6.0,0.16666666666666666,0.6075299499212542,0.5709727427765169,6.0,0.16666666666666666,0.6075299499212542,0.5709727427765169
4,2,direct_fixed_k,7,1245950.0,13.141180753707886,7,23,14.285714285714286,5.364280958719596,7 8 12 14 18 18 23,48.50000000000001,149.4,107.57142857142857,39.66177412232858,48.500 56.200 89.200 124.100 138.300 147.300 149.400,0.0,0.20349009168884943,0.16928798951645577,5.0,0.0,0.09202898550724639,0.07369926375441059,7.0,0.0,0.20349009168884943,0.16928798951645577,7.0,0.0,0.20349009168884943,0.16928798951645577,0.0,0.34320467317361725,0.30468017156485444,5.0,0.0,0.18405797101449275,0.15173851470060018,7.0,0.0,0.34320467317361725,0.30468017156485444,7.0,0.0,0.34320467317361725,0.30468017156485444,0.14285714285714285,0.44297791580400275,0.41378662695868945,5.0,0.0,0.29516908212560383,0.2513012777421653,7.0,0.14285714285714285,0.44297791580400275,0.41378662695868945,7.0,0.14285714285714285,0.44297791580400275,0.41378662695868945,0.2857142857142857,0.6710292812777284,0.6367266990402134,5.0,0.0,0.5394409937888198,0.4914173786562987,7.0,0.2857142857142857,0.6710292812777284,0.6367266990402134,7.0,0.2857142857142857,0.6710292812777284,0.6367266990402134
5,2,direct_fixed_k,8,1261484.0,17.368716716766357,5,25,12.5,6.06217782649107,5 6 8 12 13 15 16 25,33.8,146.20000000000002,94.125,44.69934982748631,33.800 35.800 49.500 97.700 120.000 124.600 145.400 146.200,0.125,0.3729166666666667,0.36062526221708224,5.0,0.0,0.11166666666666666,0.07040158781565649,5.0,0.0,0.11166666666666666,0.07040158781565649,5.0,0.0,0.11166666666666666,0.07040158781565649,0.375,0.5264583333333333,0.4990734611066621,5.0,0.0,0.24233333333333335,0.19851753777065936,5.0,0.0,0.24233333333333335,0.19851753777065936,5.0,0.0,0.24233333333333335,0.19851753777065936,0.375,0.6451041666666667,0.6316324766978404,5.0,0.0,0.43216666666666664,0.41061196271654454,5.0,0.0,0.43216666666666664,0.41061196271654454,5.0,0.0,0.43216666666666664,0.41061196271654454,0.375,0.7820032051282051,0.7294132501336205,5.0,0.0,0.6512051282051281,0.5670612002137928,5.0,0.0,0.6512051282051281,0.5670612002137928,5.0,0.0,0.6512051282051281,0.5670612002137928
6,3,direct_fixed_k,7,1239200.0,12.393457174301147,5,23,14.285714285714286,5.699982098074286,5 10 13 14 14 21 23,34.2,149.0,107.57142857142857,43.37045453451707,34.200 61.800 84.800 134.100 141.800 147.300 149.000,0.14285714285714285,0.26433235501558483,0.22750953073531824,6.0,0.0,0.1417210808515156,0.0987611191912046,6.0,0.0,0.1417210808515156,0.0987611191912046,6.0,0.0,0.1417210808515156,0.0987611191912046,0.14285714285714285,0.3895024230427957,0.3575737912268759,6.0,0.0,0.28775282688326165,0.2505027564313552,6.0,0.0,0.28775282688326165,0.2505027564313552,6.0,0.0,0.28775282688326165,0.2505027564313552,0.14285714285714285,0.5158601233135395,0.4798227662052489,6.0,0.0,0.43517014386579606,0.39312656057279033,6.0,0.0,0.43517014386579606,0.39312656057279033,6.0,0.0,0.43517014386579606,0.39312656057279033,0.2857142857142857,0.6497736218233114,0.6070536412370584,6.0,0.16666666666666666,0.5914025587938632,0.5415625814432348,6.0,0.16666666666666666,0.5914025587938632,0.5415625814432348,6.0,0.16666666666666666,0.5914025587938632,0.5415625814432348
7,3,direct_fixed_k,8,1262365.0,14.186567068099976,6,23,12.5,5.024937810560445,6 7 10 11 14 14 15 23,39.7,147.29999999999998,94.125,41.39582557456729,39.700 45.800 61.800 73.200 109.300 134.100 141.800 147.300,0.125,0.31685253152644455,0.2762593746849481,6.0,0.0,0.1605652801304975,0.11697971269468489,6.0,0.0,0.1605652801304975,0.11697971269468489,6.0,0.0,0.1605652801304975,0.11697971269468489,0.125,0.44912714097496703,0.44746512576587943,6.0,0.0,0.31312190225233705,0.30700268134904146,6.0,0.0,0.31312190225233705,0.30700268134904146,6.0,0.0,0.31312190225233705,0.30700268134904146,0.375,0.6083498023715415,0.5860023983592157,6.0,0.16666666666666666,0.4777997364953887,0.44800319781228776,6.0,0.16666666666666666,0.4777997364953887,0.44800319781228776,6.0,0.16666666666666666,0.4777997364953887,0.44800319781228776,0.5,0.7595496894409938,0.7385573654465916,6.0,0.3333333333333333,0.679399585921325,0.6514098205954555,6.0,0.3333333333333333,0.679399585921325,0.6514098205954555,6.0,0.3333333333333333,0.679399585921325,0.6514098205954555
8,4,direct_fixed_k,7,1229294.0,18.44908094406128,5,23,14.285714285714286,6.496466857658327,5 6 13 15 16 22 23,30.0,149.20000000000002,107.57142857142857,48.22905805441702,30.000 35.800 122.700 124.600 143.400 147.300 149.200,0.14285714285714285,0.25063758705063055,0.21865805341471103,5.0,0.0,0.07089262187088274,0.0394546081139288,5.0,0.0,0.07089262187088274,0.0394546081139288,5.0,0.0,0.07089262187088274,0.0394546081139288,0.2857142857142857,0.4072816676077546,0.37844034137333066,5.0,0.0,0.17019433465085637,0.12981647792266288,5.0,0.0,0.17019433465085637,0.12981647792266288,5.0,0.0,0.17019433465085637,0.12981647792266288,0.2857142857142857,0.4916431394692264,0.467322792761038,5.0,0.0,0.288300395256917,0.2542519098654533,5.0,0.0,0.288300395256917,0.2542519098654533,5.0,0.0,0.288300395256917,0.2542519098654533,0.2857142857142857,0.6349368023281067,0.5982466680577675,5.0,0.0,0.48891152325934933,0.4375453352808744,5.0,0.0,0.48891152325934933,0.4375453352808744,5.0,0.0,0.48891152325934933,0.4375453352808744
9,4,direct_fixed_k,8,1268134.0,16.650052309036255,6,24,12.5,5.545268253204709,6 7 7 13 14 14 15 24,35.8,148.10000000000002,94.125,43.838303742275436,35.800 40.000 45.800 98.900 118.000 124.600 141.800 148.100,0.125,0.3053571428571428,0.27704936504348326,5.0,0.0,0.06,0.04328980482377974,5.0,0.0,0.06,0.04328980482377974,5.0,0.0,0.06,0.04328980482377974,0.25,0.47321428571428575,0.48236128640502896,5.0,0.0,0.21428571428571427,0.22423707464148893,5.0,0.0,0.21428571428571427,0.22423707464148893,5.0,0.0,0.21428571428571427,0.22423707464148893,0.375,0.6105654761904762,0.5961035194689666,5.0,0.0,0.3769047619047619,0.35376563115034637,5.0,0.0,0.3769047619047619,0.35376563115034637,5.0,0.0,0.3769047619047619,0.35376563115034637,0.5,0.7855998168498168,0.7660444979254766,5.0,0.2,0.656959706959707,0.6256711966807624,5.0,0.2,0.656959706959707,0.6256711966807624,5.0,0.2,0.656959706959707,0.6256711966807624
10,5,direct_fixed_k,7,1248490.0,14.328303575515747,5,25,14.285714285714286,6.755194524306794,5 6 13 14 16 21 25,35.8,144.79999999999998,107.57142857142857,45.060806989340655,35.800 39.300 122.700 124.600 142.600 143.200 144.800,0.14285714285714285,0.30556122448979595,0.2669763864855229,5.0,0.0,0.10778571428571429,0.06841577051117023,5.0,0.0,0.10778571428571429,0.06841577051117023,5.0,0.0,0.10778571428571429,0.06841577051117023,0.2857142857142857,0.42576530612244895,0.4039479396754655,5.0,0.0,0.1960714285714286,0.16552711554565167,5.0,0.0,0.1960714285714286,0.16552711554565167,5.0,0.0,0.1960714285714286,0.16552711554565167,0.2857142857142857,0.5266156462585034,0.4764159154682641,5.0,0.0,0.33726190476190476,0.2669822816555697,5.0,0.0,0.33726190476190476,0.2669822816555697,5.0,0.0,0.33726190476190476,0.2669822816555697,0.2857142857142857,0.6624228152799583,0.6232993709347887,5.0,0.0,0.5273919413919415,0.47261911930870404,5.0,0.0,0.5273919413919415,0.47261911930870404,5.0,0.0,0.5273919413919415,0.47261911930870404
11,5,direct_fixed_k,8,1264368.0,17.070453643798828,5,21,12.5,5.477225575051661,5 6 7 13 15 16 17 21,31.900000000000006,147.2,94.125,43.22541931549074,31.900 38.000 53.400 105.100 113.800 124.600 139.000 147.200,0.0,0.274452906162465,0.23861036755107876,5.0,0.0,0.12769607843137254,0.0894241825730955,6.0,0.0,0.24927054154995332,0.23466250089869467,6.0,0.0,0.24927054154995332,0.23466250089869467,0.375,0.517953431372549,0.507737064556183,5.0,0.0,0.2287254901960784,0.21237930328989257,6.0,0.16666666666666666,0.35727124183006537,0.3436494194082438,6.0,0.16666666666666666,0.35727124183006537,0.3436494194082438,0.375,0.6076461834733894,0.5854563868026953,5.0,0.0,0.3722338935574229,0.3367302188843124,6.0,0.16666666666666666,0.4768615779645191,0.4472751824035937,6.0,0.16666666666666666,0.4768615779645191,0.4472751824035937,0.375,0.7675107062055592,0.7354576101225517,5.0,0.0,0.6280171299288947,0.576732176196083,6.0,0.16666666666666666,0.6900142749407455,0.6472768134967358,6.0,0.16666666666666666,0.6900142749407455,0.6472768134967358
12,6,direct_fixed_k,7,1236966.0,14.005844593048096,5,23,14.285714285714286,5.229430062206608,5 10 14 15 16 17 23,33.8,147.29999999999998,107.57142857142856,40.44731014491796,33.800 61.800 111.000 117.400 138.300 143.400 147.300,0.14285714285714285,0.319435165370496,0.2739600093575434,6.0,0.0,0.20600769293224533,0.1529533442504673,6.0,0.0,0.20600769293224533,0.1529533442504673,6.0,0.0,0.20600769293224533,0.1529533442504673,0.14285714285714285,0.4351664578875028,0.3908575187256052,6.0,0.0,0.3410275342020866,0.2893337718465394,6.0,0.0,0.3410275342020866,0.2893337718465394,6.0,0.0,0.3410275342020866,0.2893337718465394,0.2857142857142857,0.5484604711449798,0.5117396519174608,6.0,0.16666666666666666,0.47320388300247634,0.4303629272370377,6.0,0.16666666666666666,0.47320388300247634,0.4303629272370377,6.0,0.16666666666666666,0.47320388300247634,0.4303629272370377,0.2857142857142857,0.7041049028306975,0.6498552014590968,6.0,0.16666666666666666,0.6547890533024804,0.591497735035613,6.0,0.16666666666666666,0.6547890533024804,0.591497735035613,6.0,0.16666666666666666,0.6547890533024804,0.591497735035613
13,6,direct_fixed_k,8,1273615.0,17.008389472961426,5,23,12.5,5.267826876426369,5 7 10 11 14 14 16 23,33.3,147.29999999999998,94.125,42.839402131682455,33.300 45.800 61.800 73.200 115.700 134.100 141.800 147.300,0.125,0.3147691981931112,0.28881167879263336,6.0,0.0,0.15778750235271974,0.13371611817159856,6.0,0.0,0.15778750235271974,0.13371611817159856,6.0,0.0,0.15778750235271974,0.13371611817159856,0.25,0.4824604743083004,0.471357516114907,6.0,0.16666666666666666,0.3575663466967815,0.3388592018144116,6.0,0.16666666666666666,0.3575663466967815,0.3388592018144116,6.0,0.16666666666666666,0.3575663466967815,0.3388592018144116,0.375,0.6192873023715415,0.593059496978379,6.0,0.16666666666666666,0.492383069828722,0.4574126626378386,6.0,0.16666666666666666,0.492383069828722,0.4574126626378386,6.0,0.16666666666666666,0.492383069828722,0.4574126626378386,0.5,0.7611121894409938,0.7360701598017646,6.0,0.3333333333333333,0.6814829192546584,0.6480935464023528,6.0,0.3333333333333333,0.6814829192546584,0.6480935464023528,6.0,0.3333333333333333,0.6814829192546584,0.6480935464023528
14,7,direct_fixed_k,7,1254971.0,12.188812017440796,5,23,14.285714285714286,5.443588252359328,5 10 13 14 16 19 23,34.2,147.29999999999998,107.57142857142856,43.222174014394646,34.200 61.800 84.800 138.300 141.800 144.800 147.300,0.14285714285714285,0.3068225089719042,0.25704302532630857,6.0,0.0,0.19129292713388824,0.13321686288069332,6.0,0.0,0.19129292713388824,0.13321686288069332,6.0,0.0,0.19129292713388824,0.13321686288069332,0.14285714285714285,0.4015727775003682,0.347156201055317,6.0,0.0,0.3018349070837629,0.23834890123120323,6.0,0.0,0.3018349070837629,0.23834890123120323,6.0,0.0,0.3018349070837629,0.23834890123120323,0.2857142857142857,0.5375286490234185,0.48923619717388167,6.0,0.16666666666666666,0.4604500905273216,0.40410889670286193,6.0,0.16666666666666666,0.4604500905273216,0.40410889670286193,6.0,0.16666666666666666,0.4604500905273216,0.40410889670286193,0.2857142857142857,0.6786307024129842,0.6110873884072682,6.0,0.16666666666666666,0.6250691528151483,0.5462686198084795,6.0,0.16666666666666666,0.6250691528151483,0.5462686198084795,6.0,0.16666666666666666,0.6250691528151483,0.5462686198084795
15,7,direct_fixed_k,8,1259973.0,18.722403526306152,6,23,12.5,5.5901699437494745,6 6 8 11 13 16 17 23,32.3,149.4,94.12500000000001,46.810355424841624,32.300 35.800 50.600 80.900 124.600 132.700 146.700 149.400,0.125,0.2772084253661939,0.27364625284286065,5.0,0.0,0.06853348058591024,0.0643263964797123,5.0,0.0,0.06853348058591024,0.0643263964797123,5.0,0.0,0.06853348058591024,0.0643263964797123,0.25,0.468054304231574,0.45906802972838523,5.0,0.0,0.1738868867705185,0.17189202513550975,5.0,0.0,0.1738868867705185,0.17189202513550975,5.0,0.0,0.1738868867705185,0.17189202513550975,0.375,0.5795708846779819,0.5671966871597768,5.0,0.0,0.32731341548477094,0.30751469945564275,5.0,0.0,0.32731341548477094,0.30751469945564275,5.0,0.0,0.32731341548477094,0.30751469945564275,0.375,0.6825458748412714,0.6617450946965574,5.0,0.0,0.49207339974603403,0.45879215151449165,5.0,0.0,0.49207339974603403,0.45879215151449165,5.0,0.0,0.49207339974603403,0.45879215151449165
16,8,direct_fixed_k,7,1239020.0,12.793586492538452,6,23,14.285714285714286,5.495824017620384,6 7 15 16 16 17 23,36.8,147.29999999999998,107.57142857142857,43.99995825600988,36.800 42.400 117.400 127.400 138.300 143.400 147.300,0.0,0.3041290429215164,0.26612951940625534,5.0,0.0,0.1543520886615516,0.1078725893046798,5.0,0.0,0.1543520886615516,0.1078725893046798,5.0,0.0,0.1543520886615516,0.1078725893046798,0.2857142857142857,0.4507276823772987,0.40906622727337083,5.0,0.0,0.23101875532821822,0.17269271818271922,5.0,0.0,0.23101875532821822,0.17269271818271922,5.0,0.0,0.23101875532821822,0.17269271818271922,0.2857142857142857,0.5459094507368164,0.4975592189587562,5.0,0.0,0.3642732310315431,0.2965829065422586,5.0,0.0,0.3642732310315431,0.2965829065422586,5.0,0.0,0.3642732310315431,0.2965829065422586,0.2857142857142857,0.6631485202776763,0.6112171867334701,5.0,0.0,0.5284079283887468,0.455704061426858,5.0,0.0,0.5284079283887468,0.455704061426858,5.0,0.0,0.5284079283887468,0.455704061426858
17,8,direct_fixed_k,8,1248724.0,15.704753875732422,5,23,12.5,6.164414002968976,5 6 7 11 13 15 20 23,35.8,147.29999999999998,94.12499999999999,46.02699615443093,35.800 39.300 40.900 88.900 124.600 132.800 143.400 147.300,0.125,0.33435794278185577,0.3256277493350766,5.0,0.0,0.0835441370223979,0.047486341712736996,5.0,0.0,0.0835441370223979,0.047486341712736996,5.0,0.0,0.0835441370223979,0.047486341712736996,0.375,0.5021574440052701,0.48653981379514566,5.0,0.0,0.20345191040843216,0.178463702072233,5.0,0.0,0.20345191040843216,0.178463702072233,5.0,0.0,0.20345191040843216,0.178463702072233,0.375,0.5865694993412385,0.5726924893167527,5.0,0.0,0.3385111989459816,0.31630798290680434,5.0,0.0,0.3385111989459816,0.31630798290680434,5.0,0.0,0.3385111989459816,0.31630798290680434,0.375,0.7349998733150908,0.7115496306575512,5.0,0.0,0.5759997973041451,0.5384794090520817,5.0,0.0,0.5759997973041451,0.5384794090520817,5.0,0.0,0.5759997973041451,0.5384794090520817
18,9,direct_fixed_k,7,1247055.0,12.572580814361572,6,25,14.285714285714286,6.385570468179146,6 6 12 15 18 18 25,39.00000000000001,149.9,107.57142857142857,46.33976121418576,39.000 43.400 89.200 134.300 147.800 149.400 149.900,0.0,0.1695238095238095,0.13247154038291487,5.0,0.0,0.07066666666666667,0.04048454292709241,5.0,0.0,0.07066666666666667,0.04048454292709241,5.0,0.0,0.07066666666666667,0.04048454292709241,0.0,0.23079365079365077,0.1894732566751293,5.0,0.0,0.1231111111111111,0.07994474641940644,5.0,0.0,0.1231111111111111,0.07994474641940644,5.0,0.0,0.1231111111111111,0.07994474641940644,0.14285714285714285,0.3696825396825397,0.3483044457082734,5.0,0.0,0.21755555555555556,0.18239746582164798,5.0,0.0,0.21755555555555556,0.18239746582164798,5.0,0.0,0.21755555555555556,0.18239746582164798,0.14285714285714285,0.566984126984127,0.5326727809092908,5.0,0.0,0.4271111111111111,0.36959810242333396,5.0,0.0,0.4271111111111111,0.36959810242333396,5.0,0.0,0.4271111111111111,0.36959810242333396
19,9,direct_fixed_k,8,1273033.0,11.807670831680298,7,25,12.5,5.70087712549569,7 7 7 11 14 14 15 25,45.800000000000004,149.9,94.125,40.860333760261916,45.800 48.700 53.600 73.200 111.200 128.800 141.800 149.900,0.125,0.2969588744588745,0.28923059670126805,5.0,0.0,0.13227705627705627,0.10049962890670756,7.0,0.14285714285714285,0.2781570810142239,0.26341420263126974,7.0,0.14285714285714285,0.2781570810142239,0.26341420263126974,0.25,0.4343939393939394,0.4416894583294871,5.0,0.0,0.18074458874458874,0.16681242294466575,7.0,0.2857142857142857,0.414817563388992,0.40486601638904685,7.0,0.2857142857142857,0.414817563388992,0.40486601638904685,0.375,0.6009199134199135,0.581061464335781,5.0,0.0,0.36147186147186144,0.3296983429372497,7.0,0.2857142857142857,0.543908472479901,0.5212131020980354,7.0,0.2857142857142857,0.543908472479901,0.5212131020980354,0.5,0.7797619047619048,0.743000143338576,5.0,0.2,0.6476190476190476,0.5888002293417217,7.0,0.42857142857142855,0.7482993197278912,0.7062858781012297,7.0,0.42857142857142855,0.7482993197278912,0.7062858781012297
20,10,direct_fixed_k,7,1249913.0,12.12467360496521,6,23,14.285714285714286,5.848425568702491,6 7 13 14 17 20 23,35.8,147.30000000000004,107.57142857142858,46.99603978105009,35.800 36.800 105.300 138.300 142.700 146.800 147.300,0.14285714285714285,0.33440499945797714,0.3010360875363176,5.0,0.0,0.1253098563840252,0.08811718921751129,5.0,0.0,0.1253098563840252,0.08811718921751129,5.0,0.0,0.1253098563840252,0.08811718921751129,0.2857142857142857,0.42609960372108713,0.3928143541846994,5.0,0.0,0.19653944520952193,0.14994009585857912,5.0,0.0,0.19653944520952193,0.14994009585857912,5.0,0.0,0.19653944520952193,0.14994009585857912,0.2857142857142857,0.5080703184283747,0.4474958245762248,5.0,0.0,0.31129844579972454,0.22649415440671467,5.0,0.0,0.31129844579972454,0.22649415440671467,5.0,0.0,0.31129844579972454,0.22649415440671467,0.2857142857142857,0.6210082026121485,0.5772111809886449,5.0,0.0,0.4694114836570079,0.40809565338410286,5.0,0.0,0.4694114836570079,0.40809565338410286,5.0,0.0,0.4694114836570079,0.40809565338410286
21,10,direct_fixed_k,8,1274465.0,11.662158250808716,5,21,12.5,5.787918451395113,5 6 7 11 14 17 19 21,33.8,147.39999999999998,94.125,47.234646976557364,33.800 35.800 39.300 96.000 119.800 138.300 142.600 147.400,0.25,0.3905924570785252,0.36847697577646626,5.0,0.0,0.14494793132564032,0.10862670639284769,5.0,0.0,0.14494793132564032,0.10862670639284769,5.0,0.0,0.14494793132564032,0.10862670639284769,0.375,0.5235364480720518,0.4948960681868569,5.0,0.0,0.23765831691528283,0.191833709098971,5.0,0.0,0.23765831691528283,0.191833709098971,5.0,0.0,0.23765831691528283,0.191833709098971,0.375,0.5752951898462735,0.5534733800481877,5.0,0.0,0.3204723037540375,0.28555740807710017,5.0,0.0,0.3204723037540375,0.28555740807710017,5.0,0.0,0.3204723037540375,0.28555740807710017,0.375,0.7296407797568788,0.7046773764002755,5.0,0.0,0.5674252476110061,0.5274838022404407,5.0,0.0,0.5674252476110061,0.5274838022404407,5.0,0.0,0.5674252476110061,0.5274838022404407
22,11,direct_fixed_k,7,1240913.0,17.60600733757019,6,23,14.285714285714286,5.443588252359329,6 8 13 15 17 18 23,35.8,149.89999999999998,107.57142857142856,44.917693436701185,35.800 43.100 110.900 124.600 141.400 147.300 149.900,0.0,0.21421771607193602,0.1570493160788305,5.0,0.0,0.05823813583404376,0.023959829955086092,5.0,0.0,0.05823813583404376,0.023959829955086092,5.0,0.0,0.05823813583404376,0.023959829955086092,0.14285714285714285,0.3554895871392035,0.3148167550003292,5.0,0.0,0.17268542199488493,0.14059078524473562,5.0,0.0,0.17268542199488493,0.14059078524473562,5.0,0.0,0.17268542199488493,0.14059078524473562,0.2857142857142857,0.4950554134697357,0.4721655009233193,5.0,0.0,0.29307757885763,0.261031701292647,5.0,0.0,0.29307757885763,0.261031701292647,5.0,0.0,0.29307757885763,0.261031701292647,0.2857142857142857,0.6232327490639511,0.5675919502035075,5.0,0.0,0.4725258486895316,0.3946287302849104,5.0,0.0,0.4725258486895316,0.3946287302849104,5.0,0.0,0.4725258486895316,0.3946287302849104
23,11,direct_fixed_k,8,1271035.0,12.64441466331482,5,23,12.5,5.385164807134504,5 7 9 11 14 15 16 23,30.299999999999997,147.30000000000004,94.12500000000001,44.992436864433124,30.300 45.800 54.800 73.200 121.500 138.300 141.800 147.300,0.125,0.3429934045423176,0.2996828476204132,5.0,0.0,0.12339262187088273,0.07712328492306665,6.0,0.0,0.19541977748499487,0.1482110099419716,6.0,0.0,0.19541977748499487,0.1482110099419716,0.25,0.4755408314511575,0.4437907548076897,5.0,0.0,0.2180081874647092,0.16252422408574602,6.0,0.16666666666666666,0.348340156220591,0.302103520071455,6.0,0.16666666666666666,0.348340156220591,0.302103520071455,0.375,0.6139301595143986,0.5900094344624447,5.0,0.0,0.3822882552230378,0.34401509513991146,6.0,0.16666666666666666,0.4852402126858648,0.4533459126165929,6.0,0.16666666666666666,0.4852402126858648,0.4533459126165929,0.5,0.7640139751552795,0.7324174003530438,5.0,0.2,0.6224223602484471,0.5718678405648701,6.0,0.3333333333333333,0.6853519668737059,0.6432232004707251,6.0,0.3333333333333333,0.6853519668737059,0.6432232004707251
24,12,direct_fixed_k,7,1261586.0,12.352242469787598,5,23,14.285714285714286,6.0877930721892906,5 7 12 16 18 19 23,44.300000000000004,149.4,107.57142857142857,44.18085281094109,44.300 44.500 89.200 135.800 142.500 147.300 149.400,0.0,0.24473308011228903,0.17021920508419347,5.0,0.0,0.1369120264429189,0.06175214589570027,6.0,0.0,0.2140933553690991,0.12749902520486073,6.0,0.0,0.2140933553690991,0.12749902520486073,0.0,0.2943265254232891,0.2175496056390654,5.0,0.0,0.17777142130689044,0.1049499357404515,6.0,0.0,0.24814285108907538,0.1634971834088201,6.0,0.0,0.24814285108907538,0.1634971834088201,0.14285714285714285,0.44602123839619756,0.3807026506516532,5.0,0.0,0.2815725908975336,0.20818118326618476,6.0,0.16666666666666666,0.4013104924146114,0.340150986055154,6.0,0.16666666666666666,0.4013104924146114,0.340150986055154,0.2857142857142857,0.6322940503432495,0.5736923221914199,5.0,0.0,0.4852116704805492,0.40316925106798784,6.0,0.16666666666666666,0.5710097254004577,0.5026410425566565,6.0,0.16666666666666666,0.5710097254004577,0.5026410425566565
25,12,direct_fixed_k,8,1270292.0,12.704967021942139,6,23,12.5,5.07444578254611,6 7 10 11 13 14 16 23,35.8,147.29999999999998,94.125,41.93091788883233,35.800 45.800 61.800 73.200 122.700 124.600 141.800 147.300,0.125,0.2824031267645398,0.250603671020914,6.0,0.0,0.11463274044795783,0.08277210780930609,6.0,0.0,0.11463274044795783,0.08277210780930609,6.0,0.0,0.11463274044795783,0.08277210780930609,0.25,0.457906902879729,0.45094771172479353,6.0,0.16666666666666666,0.3248282514586862,0.3116461292942604,6.0,0.16666666666666666,0.3248282514586862,0.3116461292942604,6.0,0.16666666666666666,0.3248282514586862,0.3116461292942604,0.375,0.6114748023715415,0.5825611901493726,6.0,0.16666666666666666,0.48196640316205525,0.44341492019916345,6.0,0.16666666666666666,0.48196640316205525,0.44341492019916345,6.0,0.16666666666666666,0.48196640316205525,0.44341492019916345,0.5,0.7757330984233157,0.7480972901616527,6.0,0.3333333333333333,0.700977464564421,0.664129720215537,6.0,0.3333333333333333,0.700977464564421,0.664129720215537,6.0,0.3333333333333333,0.700977464564421,0.664129720215537
26,13,direct_fixed_k,7,1251866.0,14.517504215240479,5,23,14.285714285714286,6.40790328343023,5 5 14 16 18 19 23,42.400000000000006,149.89999999999998,107.57142857142857,43.9493121768285,42.400 44.300 97.300 126.800 142.500 149.800 149.900,0.0,0.1910504781622794,0.14453492693156825,5.0,0.0,0.10747066942719115,0.05332786669654591,6.0,0.0,0.18955889118932598,0.12909948219407116,6.0,0.0,0.18955889118932598,0.12909948219407116,0.0,0.2968268237882491,0.23778113844146698,5.0,0.0,0.17555755330354872,0.12019097077060317,6.0,0.0,0.24629796108629062,0.18481873558911888,6.0,0.0,0.24629796108629062,0.18481873558911888,0.14285714285714285,0.42276589506893536,0.3866463274961372,5.0,0.0,0.23187225309650938,0.1860809778975771,6.0,0.16666666666666666,0.3598935442470912,0.3217341482479809,6.0,0.16666666666666666,0.3598935442470912,0.3217341482479809,0.2857142857142857,0.6125549380698122,0.5683847348384609,5.0,0.0,0.4575769132977371,0.39573862877384497,6.0,0.16666666666666666,0.5479807610814477,0.4964488573115375,6.0,0.16666666666666666,0.5479807610814477,0.4964488573115375
27,13,direct_fixed_k,8,1270571.0,15.431591510772705,5,23,12.5,5.722761571129799,5 5 10 12 13 14 18 23,33.800000000000004,147.30000000000004,94.125,45.04044710035637,33.800 34.200 61.800 84.800 103.400 141.800 145.900 147.300,0.25,0.3772233503211764,0.3367609885725343,6.0,0.0,0.16963113376156855,0.11568131809671232,6.0,0.0,0.16963113376156855,0.11568131809671232,6.0,0.0,0.16963113376156855,0.11568131809671232,0.25,0.4749416042894304,0.4387617940645224,6.0,0.0,0.2999221390525738,0.2516823920860299,6.0,0.0,0.2999221390525738,0.2516823920860299,6.0,0.0,0.2999221390525738,0.2516823920860299,0.375,0.5708296836014227,0.5370916019956608,6.0,0.16666666666666666,0.4277729114685636,0.38278880266088083,6.0,0.16666666666666666,0.4277729114685636,0.38278880266088083,6.0,0.16666666666666666,0.4277729114685636,0.38278880266088083,0.375,0.7173183097096141,0.682732518996695,6.0,0.16666666666666666,0.6230910796128187,0.5769766919955933,6.0,0.16666666666666666,0.6230910796128187,0.5769766919955933,6.0,0.16666666666666666,0.6230910796128187,0.5769766919955933
28,14,direct_fixed_k,7,1244175.0,15.085299253463745,6,21,14.285714285714286,4.681705602335411,6 12 13 14 14 20 21,35.8,142.60000000000002,107.57142857142857,38.317795727152095,35.800 78.400 87.700 124.600 141.800 142.100 142.600,0.0,0.26122448979591834,0.2100630221129912,6.0,0.0,0.1658730158730159,0.12125605223143356,6.0,0.0,0.1658730158730159,0.12125605223143356,6.0,0.0,0.1658730158730159,0.12125605223143356,0.14285714285714285,0.42176870748299317,0.3817466584346825,6.0,0.0,0.3253968253968254,0.278704434840463,6.0,0.0,0.3253968253968254,0.278704434840463,6.0,0.0,0.3253968253968254,0.278704434840463,0.14285714285714285,0.5608843537414966,0.512041625463797,6.0,0.0,0.48769841269841274,0.43071522970776316,6.0,0.0,0.48769841269841274,0.43071522970776316,6.0,0.0,0.48769841269841274,0.43071522970776316,0.2857142857142857,0.7291208791208791,0.6692697687766197,6.0,0.16666666666666666,0.6839743589743589,0.6141480635727229,6.0,0.16666666666666666,0.6839743589743589,0.6141480635727229,6.0,0.16666666666666666,0.6839743589743589,0.6141480635727229
29,14,direct_fixed_k,8,1263846.0,15.74225664138794,5,23,12.5,5.545268253204709,5 6 8 14 14 15 15 23,34.2,147.30000000000004,94.125,43.9916114162689,34.200 39.700 49.500 97.100 109.300 134.100 141.800 147.300,0.25,0.3857919254658385,0.35523987740303314,5.0,0.0,0.11726708074534162,0.0886596659138186,5.0,0.0,0.11726708074534162,0.0886596659138186,5.0,0.0,0.11726708074534162,0.0886596659138186,0.375,0.5055124223602484,0.4917625715970936,5.0,0.0,0.2088198757763975,0.1868201145553498,5.0,0.0,0.2088198757763975,0.1868201145553498,5.0,0.0,0.2088198757763975,0.1868201145553498,0.375,0.6121376811594204,0.5880851740487746,5.0,0.0,0.37942028985507237,0.3409362784780394,5.0,0.0,0.37942028985507237,0.3409362784780394,5.0,0.0,0.37942028985507237,0.3409362784780394,0.375,0.7518115942028986,0.7286411367655309,5.0,0.0,0.6028985507246377,0.5658258188248493,5.0,0.0,0.6028985507246377,0.5658258188248493,5.0,0.0,0.6028985507246377,0.5658258188248493
30,15,direct_fixed_k,7,1249358.0,14.76011323928833,7,23,14.285714285714286,4.89064079103534,7 9 14 14 16 17 23,52.900000000000006,149.69999999999996,107.57142857142856,37.66634398754085,52.900 63.200 90.500 105.600 142.500 148.600 149.700,0.0,0.2510170734960651,0.2286107924347721,5.0,0.0,0.18634453781512605,0.1468992381566004,7.0,0.0,0.2510170734960651,0.2286107924347721,7.0,0.0,0.2510170734960651,0.2286107924347721,0.14285714285714285,0.41696751164233803,0.37429022335789913,5.0,0.0,0.2726434051881622,0.21632996415334102,7.0,0.14285714285714285,0.41696751164233803,0.37429022335789913,7.0,0.14285714285714285,0.41696751164233803,0.37429022335789913,0.14285714285714285,0.5603933602426477,0.5259105677046857,5.0,0.0,0.4067729265619291,0.36739512673676733,7.0,0.14285714285714285,0.5603933602426477,0.5259105677046857,7.0,0.14285714285714285,0.5603933602426477,0.5259105677046857,0.42857142857142855,0.6793086799937367,0.6537509342583513,5.0,0.2,0.5510321519912313,0.5152513079616918,7.0,0.42857142857142855,0.6793086799937367,0.6537509342583513,7.0,0.42857142857142855,0.6793086799937367,0.6537509342583513
31,15,direct_fixed_k,8,1266770.0,12.513670921325684,5,23,12.5,5.5677643628300215,5 7 7 13 14 15 16 23,35.8,147.30000000000004,94.125,44.38101367702185,35.800 40.900 45.800 98.000 105.100 138.300 141.800 147.300,0.125,0.33619828993470297,0.3100361554827992,5.0,0.0,0.10363154960981047,0.05965147942057801,5.0,0.0,0.10363154960981047,0.05965147942057801,5.0,0.0,0.10363154960981047,0.05965147942057801,0.25,0.4895268454371715,0.48026978533377257,5.0,0.0,0.24038580984233157,0.22089067292747888,5.0,0.0,0.24038580984233157,0.22089067292747888,5.0,0.0,0.24038580984233157,0.22089067292747888,0.375,0.6100257306099697,0.5932797632389352,5.0,0.0,0.3760411689759516,0.34924762118229624,5.0,0.0,0.3760411689759516,0.34924762118229624,5.0,0.0,0.3760411689759516,0.34924762118229624,0.5,0.7823436753463927,0.7369928006182584,5.0,0.2,0.6517498805542283,0.5791884809892136,5.0,0.2,0.6517498805542283,0.5791884809892136,5.0,0.2,0.6517498805542283,0.5791884809892136
32,16,direct_fixed_k,7,1244383.0,12.723991632461548,6,23,14.285714285714286,5.969309261650337,6 7 12 14 18 20 23,35.8,149.4,107.57142857142857,46.925525015274836,35.800 44.500 89.200 138.300 147.300 148.500 149.400,0.0,0.15598442275460908,0.10298641414709411,5.0,0.0,0.08980676328502415,0.07043405562740361,5.0,0.0,0.08980676328502415,0.07043405562740361,5.0,0.0,0.08980676328502415,0.07043405562740361,0.0,0.26809129448881003,0.19360626694676794,5.0,0.0,0.15628019323671496,0.10640891846380943,5.0,0.0,0.15628019323671496,0.10640891846380943,5.0,0.0,0.15628019323671496,0.10640891846380943,0.14285714285714285,0.3601547865523021,0.31215424873584746,5.0,0.0,0.21850241545893717,0.15170789135814855,5.0,0.0,0.21850241545893717,0.15170789135814855,5.0,0.0,0.21850241545893717,0.15170789135814855,0.14285714285714285,0.5086315685694568,0.49182462696238755,5.0,0.0,0.36922705314009663,0.33752762150721616,5.0,0.0,0.36922705314009663,0.33752762150721616,5.0,0.0,0.36922705314009663,0.33752762150721616
33,16,direct_fixed_k,8,1270167.0,17.293829202651978,6,23,12.5,5.07444578254611,6 7 10 11 13 14 16 23,33.800000000000004,147.29999999999998,94.12499999999999,43.002696136405206,33.800 45.800 61.800 73.200 111.000 138.300 141.800 147.300,0.125,0.33937428061069363,0.29578977859750427,6.0,0.0,0.19059427890949632,0.1430202512447598,6.0,0.0,0.19059427890949632,0.1430202512447598,6.0,0.0,0.19059427890949632,0.1430202512447598,0.25,0.47361775452808064,0.456041120201753,6.0,0.16666666666666666,0.34577605365648845,0.31843734059687295,6.0,0.16666666666666666,0.34577605365648845,0.31843734059687295,6.0,0.16666666666666666,0.34577605365648845,0.31843734059687295,0.375,0.606237851822091,0.5856574333042726,6.0,0.16666666666666666,0.4749838024294546,0.44754324440569676,6.0,0.16666666666666666,0.4749838024294546,0.44754324440569676,6.0,0.16666666666666666,0.4749838024294546,0.44754324440569676,0.375,0.7566166849454893,0.72682406348904,6.0,0.16666666666666666,0.6754889132606524,0.6357654179853868,6.0,0.16666666666666666,0.6754889132606524,0.6357654179853868,6.0,0.16666666666666666,0.6754889132606524,0.6357654179853868
34,17,direct_fixed_k,7,1248876.0,11.070756912231445,6,25,14.285714285714286,6.363159271805739,6 7 11 14 18 19 25,45.8,149.9,107.57142857142856,46.18325962280873,45.800 46.600 73.200 141.800 145.900 149.800 149.900,0.0,0.14531306621532183,0.12772046049300237,5.0,0.0,0.05581924508240297,0.03722847202554136,5.0,0.0,0.05581924508240297,0.03722847202554136,5.0,0.0,0.05581924508240297,0.03722847202554136,0.0,0.27845284206186466,0.2797967972989716,5.0,0.0,0.1469768360294676,0.14713311249365965,5.0,0.0,0.1469768360294676,0.14713311249365965,5.0,0.0,0.1469768360294676,0.14713311249365965,0.14285714285714285,0.4905922815697252,0.4364429876620713,5.0,0.0,0.32016252753094854,0.25096101112926655,5.0,0.0,0.32016252753094854,0.25096101112926655,5.0,0.0,0.32016252753094854,0.25096101112926655,0.2857142857142857,0.6200106326422116,0.570943451262581,5.0,0.0,0.4680148856990963,0.39932083176761335,5.0,0.0,0.4680148856990963,0.39932083176761335,5.0,0.0,0.4680148856990963,0.39932083176761335
35,17,direct_fixed_k,8,1266542.0,10.953104019165039,6,25,12.5,6.284902544988268,6 6 6 12 13 14 18 25,35.8,149.9,94.125,45.014685103863606,35.800 46.600 51.000 68.000 124.600 135.300 141.800 149.900,0.0,0.2545833333333334,0.27400509287599784,5.0,0.0,0.074,0.05608374384236453,6.0,0.0,0.145,0.13764554411106134,6.0,0.0,0.145,0.13764554411106134,0.25,0.4808134920634921,0.45866962255695815,5.0,0.0,0.20263492063492064,0.1762956385153754,6.0,0.0,0.3077513227513227,0.27822616340927747,6.0,0.0,0.3077513227513227,0.27822616340927747,0.375,0.6028769841269841,0.5727264219457388,5.0,0.0,0.3646031746031746,0.31636227511318193,6.0,0.16666666666666666,0.4705026455026455,0.4303018959276516,6.0,0.16666666666666666,0.4705026455026455,0.4303018959276516,0.375,0.7585241147741147,0.7185510942236335,5.0,0.0,0.6136385836385836,0.5496817507578136,6.0,0.16666666666666666,0.678032153032153,0.624734792298178,6.0,0.16666666666666666,0.678032153032153,0.624734792298178
36,18,direct_fixed_k,7,1244191.0,12.872298240661621,6,23,14.285714285714286,5.41728149310244,6 9 12 14 18 18 23,35.8,149.4,107.57142857142857,41.78826610034771,35.800 63.200 89.200 129.800 138.300 147.300 149.400,0.14285714285714285,0.24033816425120774,0.22052798593664075,5.0,0.0,0.09202898550724638,0.07265557195046093,6.0,0.0,0.11372785829307568,0.09061598359274751,6.0,0.0,0.11372785829307568,0.09061598359274751,0.14285714285714285,0.3219461697722567,0.2895204008467262,5.0,0.0,0.16183574879227053,0.1087389022195201,6.0,0.0,0.20893719806763286,0.1711071343211806,6.0,0.0,0.20893719806763286,0.1711071343211806,0.14285714285714285,0.42908902691511386,0.3755464001056278,5.0,0.0,0.2896135265700483,0.20519290294215833,6.0,0.0,0.33393719806763283,0.27147080012323244,6.0,0.0,0.33393719806763283,0.27147080012323244,0.14285714285714285,0.597333136153012,0.5621981992088065,5.0,0.0,0.4807108350586612,0.43724249539397925,6.0,0.0,0.530221992178514,0.4892312324102743,6.0,0.0,0.530221992178514,0.4892312324102743
37,18,direct_fixed_k,8,1260993.0,18.125876903533936,5,23,12.5,5.852349955359813,5 6 7 13 14 14 18 23,34.2,147.29999999999998,94.125,46.942111957175506,34.200 34.700 35.800 116.600 118.000 124.600 141.800 147.300,0.125,0.36733954451345757,0.3347609522488807,5.0,0.0,0.08488612836438922,0.07402887405388438,5.0,0.0,0.08488612836438922,0.07402887405388438,5.0,0.0,0.08488612836438922,0.07402887405388438,0.375,0.5237663906142167,0.5088889949632731,5.0,0.0,0.23802622498274673,0.214222391941237,5.0,0.0,0.23802622498274673,0.214222391941237,5.0,0.0,0.23802622498274673,0.214222391941237,0.375,0.6244392684610076,0.6033066655151165,5.0,0.0,0.39910282953761217,0.3652906648241863,5.0,0.0,0.39910282953761217,0.3652906648241863,5.0,0.0,0.39910282953761217,0.3652906648241863,0.375,0.7541772840685884,0.7397688295083228,5.0,0.0,0.6066836545097415,0.5836301272133164,5.0,0.0,0.6066836545097415,0.5836301272133164,5.0,0.0,0.6066836545097415,0.5836301272133164
38,19,direct_fixed_k,7,1244383.0,12.505112886428833,6,23,14.285714285714286,5.674864018868916,6 8 12 14 18 19 23,35.8,149.4,107.57142857142857,43.51389644324524,35.800 56.200 89.200 136.800 138.300 147.300 149.400,0.0,0.1958519487123606,0.15229308170999137,5.0,0.0,0.09085939486397152,0.07170947966944699,6.0,0.0,0.1173828290533096,0.09392456639120582,6.0,0.0,0.1173828290533096,0.09392456639120582,0.0,0.31588936108386906,0.24271973169343378,5.0,0.0,0.17557843885075006,0.13278341735912116,6.0,0.0,0.2296486990422917,0.18773618113260096,6.0,0.0,0.2296486990422917,0.18773618113260096,0.14285714285714285,0.4249119174748465,0.36676333583209153,5.0,0.0,0.2948766844647851,0.22096867016492813,6.0,0.0,0.32906390372065425,0.26122389180410677,6.0,0.0,0.32906390372065425,0.26122389180410677,0.14285714285714285,0.5994216908731457,0.5617980526409383,5.0,0.0,0.48919036722240383,0.42526727369731354,6.0,0.0,0.5326586393520032,0.48876439474776134,6.0,0.0,0.5326586393520032,0.48876439474776134
39,19,direct_fixed_k,8,1244084.0,18.70339822769165,5,25,12.5,6.244997998398398,5 6 7 12 13 15 17 25,35.8,149.39999999999998,94.125,46.312896422055054,35.800 39.300 40.900 89.200 124.600 125.700 148.100 149.400,0.125,0.3312219887955182,0.30819532772486313,5.0,0.0,0.10709803921568628,0.08214322015089484,5.0,0.0,0.10709803921568628,0.08214322015089484,5.0,0.0,0.10709803921568628,0.08214322015089484,0.375,0.5159313725490196,0.5075784532608311,5.0,0.0,0.22549019607843138,0.2121255252173298,5.0,0.0,0.22549019607843138,0.2121255252173298,5.0,0.0,0.22549019607843138,0.2121255252173298,0.375,0.6034313725490196,0.5708604539807385,5.0,0.0,0.36549019607843136,0.3133767263691815,5.0,0.0,0.36549019607843136,0.3133767263691815,5.0,0.0,0.36549019607843136,0.3133767263691815,0.375,0.7014196832579186,0.664669529600296,5.0,0.0,0.5222714932126697,0.46347124736047374,5.0,0.0,0.5222714932126697,0.46347124736047374,5.0,0.0,0.5222714932126697,0.46347124736047374
