Instance,Plan,N_cust,K_routes,Travel_km,Fixed_cost,none_rec,none_TBC,none_S,none_HO,none_fail,none_cvar95,none_p95,none_pem,none_fit_s,v1_end_rec,v1_end_TBC,v1_end_S,v1_end_HO,v1_end_fail,v1_end_saving,v1_end_gap,v1_end_cvar95,v1_end_p95,v1_end_pem,v1_end_fit_s,v1_myo_rec,v1_myo_TBC,v1_myo_S,v1_myo_HO,v1_myo_fail,v1_myo_saving,v1_myo_gap,v1_myo_cvar95,v1_myo_p95,v1_myo_pem,v1_myo_fit_s,fb_tau_rec,fb_tau_TBC,fb_tau_S,fb_tau_HO,fb_tau_fail,fb_tau_saving,fb_tau_gap,fb_tau_cvar95,fb_tau_p95,fb_tau_pem,fb_tau_fit_s,pi1_rec,pi1_TBC,pi1_S,pi1_HO,pi1_fail,pi1_saving,pi1_gap,pi1_cvar95,pi1_p95,pi1_pem,pi1_fit_s,pi2_rec,pi2_TBC,pi2_S,pi2_HO,pi2_fail,pi2_saving,pi2_gap,pi2_cvar95,pi2_p95,pi2_pem,pi2_fit_s,pi3_rec,pi3_TBC,pi3_S,pi3_HO,pi3_fail,pi3_saving,pi3_gap,pi3_cvar95,pi3_p95,pi3_pem,pi3_fit_s,rollout_rec,rollout_TBC,rollout_S,rollout_HO,rollout_fail,rollout_saving,rollout_gap,rollout_cvar95,rollout_p95,rollout_pem,rollout_fit_s,restock_rec,restock_TBC,restock_S,restock_HO,restock_fail,restock_saving,restock_gap,restock_cvar95,restock_p95,restock_pem,restock_fit_s,thr_k_rec,thr_k_TBC,thr_k_S,thr_k_HO,thr_k_fail,thr_k_saving,thr_k_gap,thr_k_cvar95,thr_k_p95,thr_k_pem,thr_k_fit_s,ro_theta_rec,ro_theta_TBC,ro_theta_S,ro_theta_HO,ro_theta_fail,ro_theta_saving,ro_theta_gap,ro_theta_cvar95,ro_theta_p95,ro_theta_pem,ro_theta_fit_s,v2_lsm_rec,v2_lsm_TBC,v2_lsm_S,v2_lsm_HO,v2_lsm_fail,v2_lsm_saving,v2_lsm_gap,v2_lsm_cvar95,v2_lsm_p95,v2_lsm_pem,v2_lsm_fit_s,v2_act_rec,v2_act_TBC,v2_act_S,v2_act_HO,v2_act_fail,v2_act_saving,v2_act_gap,v2_act_cvar95,v2_act_p95,v2_act_pem,v2_act_fit_s,v2_cf_rec,v2_cf_TBC,v2_cf_S,v2_cf_HO,v2_cf_fail,v2_cf_saving,v2_cf_gap,v2_cf_cvar95,v2_cf_p95,v2_cf_pem,v2_cf_fit_s,dp_n_rec,dp_n_TBC,dp_n_S,dp_n_HO,dp_n_fail,dp_n_saving,dp_n_gap,dp_n_cvar95,dp_n_p95,dp_n_pem,dp_n_fit_s,dp_xl_rec,dp_xl_TBC,dp_xl_S,dp_xl_HO,dp_xl_fail,dp_xl_saving,dp_xl_gap,dp_xl_cvar95,dp_xl_p95,dp_xl_pem,dp_xl_fit_s,dp_xl3_rec,dp_xl3_TBC,dp_xl3_S,dp_xl3_HO,dp_xl3_fail,dp_xl3_saving,dp_xl3_gap,dp_xl3_cvar95,dp_xl3_p95,dp_xl3_pem,dp_xl3_fit_s,oracle_rec,oracle_TBC,oracle_S,oracle_HO,oracle_fail,oracle_saving,oracle_cvar95,oracle_p95,oracle_pem,oracle_fit_s,online_us,act_routes,n_routes,solve_s,eval_s
CON3-0,Det,50,4,617.59,201.76,101.65,303.41,0,0.0,0.2548,290.89,224.858,0.5765,0.0,80.42,282.18,2,0.1688,0.111,20.89,35.48,211.605,193.477,0.416,0.313,98.4,300.16,2,0.291,0.0892,3.2,90.13,219.797,205.692,0.3565,0.0361,79.54,281.3,2,0.168,0.1087,21.75,32.83,211.467,191.822,0.4105,0.3587,81.51,283.27,2,0.1882,0.1129,19.81,38.81,221.047,189.497,0.413,0.025,80.94,282.7,2,0.1929,0.1136,20.37,37.07,236.722,193.556,0.398,0.0245,83.01,284.76,2,0.1224,0.1419,18.34,43.35,242.463,191.431,0.4805,0.025,88.25,290.01,2,0.2413,0.0905,13.18,59.29,216.97,204.193,0.3605,0.0302,91.05,292.81,1,0.0907,0.1926,10.42,67.81,250.221,225.862,0.5535,0.0281,76.99,278.75,2,0.1851,0.1026,24.26,25.07,214.943,191.431,0.387,0.4631,77.27,279.03,2,0.1569,0.1154,23.98,25.92,208.639,192.335,0.4215,0.2363,76.33,278.09,2,0.1805,0.1028,24.91,23.05,210.366,191.186,0.39,0.0384,75.67,277.43,2,0.165,0.1025,25.56,21.05,199.514,177.821,0.39,0.1304,73.35,275.1,1,0.1049,0.104,27.84,13.99,201.872,180.103,0.391,0.1316,77.27,279.03,2,0.1845,0.1047,23.99,25.91,224.927,191.76,0.386,0.0165,75.38,277.14,2,0.1801,0.0993,25.84,20.18,204.636,188.332,0.385,0.5102,76.5,278.25,1,0.0525,0.116,24.74,23.57,241.104,216.615,0.398,0.6691,68.74,270.5,2,0.1658,0.089,32.37,192.764,169.352,0.356,0.0,0.083,3,4,0.0,3.1
CON3-0,SAA,50,5,700.38,245.04,12.6,257.64,0,0.0,0.038,225.605,87.818,0.0725,0.0,7.29,252.33,1,0.0412,0.0039,42.13,29.81,121.22,60.126,0.0185,0.3132,11.74,256.78,3,0.0704,0.0013,6.85,88.59,138.265,95.016,0.0065,0.0215,7.39,252.42,2,0.042,0.0036,41.4,31.02,120.842,60.126,0.017,0.2254,9.91,254.95,1,0.0264,0.0185,21.34,64.45,170.235,70.016,0.0535,0.0258,8.25,253.29,1,0.0334,0.0117,34.55,42.43,140.337,68.182,0.0445,0.0235,9.07,254.11,1,0.0255,0.0163,28.04,53.28,157.727,77.589,0.0605,0.0233,9.64,254.67,2,0.06,0.0016,23.55,60.77,129.719,79.241,0.008,0.0279,6.75,251.79,2,0.0571,0.0098,46.42,22.66,112.321,33.071,0.037,0.0245,8.1,253.14,1,0.0356,0.0092,35.73,40.48,136.638,56.187,0.0365,0.2373,7.33,252.37,1,0.0418,0.0036,41.84,30.28,120.529,59.902,0.017,0.2213,7.03,252.07,2,0.0394,0.0048,44.19,26.37,118.83,55.081,0.0225,0.0269,4.32,249.36,0,0.0,0.0042,65.75,-9.55,73.909,27.205,0.02,0.0946,4.32,249.36,0,0.0,0.0042,65.75,-9.55,73.909,27.205,0.02,0.0917,8.49,253.53,2,0.0425,0.0072,32.65,45.61,136.218,65.685,0.031,0.0113,6.62,251.66,2,0.0396,0.0036,47.44,20.96,111.101,55.081,0.0175,0.4106,3.98,249.01,0,0.0,0.002,68.45,-14.05,65.734,26.547,0.0095,0.6004,5.04,250.08,1,0.038,0.0,60.02,90.271,36.462,0.0,0.0,0.06,5,5,0.0,2.4
CON3-1,Det,50,4,554.47,195.45,126.34,321.78,0,0.0,0.3448,325.951,314.107,0.5775,0.0,76.54,271.99,3,0.316,0.0784,39.41,25.2,218.267,195.73,0.281,0.2947,90.39,285.84,3,0.4517,0.0512,28.45,46.01,212.086,195.73,0.19,0.0284,75.32,270.77,3,0.2991,0.0825,40.38,23.37,218.982,195.73,0.295,0.272,77.86,273.31,3,0.3661,0.0644,38.37,27.18,218.332,194.352,0.235,0.0362,85.81,281.26,3,0.29,0.114,32.08,39.13,315.012,263.524,0.3035,0.0374,77.83,273.28,3,0.3094,0.0836,38.39,27.14,266.307,195.898,0.272,0.0311,84.6,280.05,3,0.42,0.0516,33.03,37.31,212.192,195.73,0.191,0.0411,124.53,319.97,1,0.026,0.3257,1.43,97.28,336.884,325.82,0.557,0.0315,73.21,268.65,3,0.322,0.0696,42.05,20.19,216.939,193.954,0.2525,0.5052,74.83,270.27,3,0.2997,0.0817,40.77,22.62,219.832,195.73,0.293,0.2584,72.91,268.36,3,0.3246,0.0686,42.29,19.75,221.808,193.954,0.2455,0.0332,72.51,267.96,3,0.3064,0.0714,42.6,19.15,222.178,193.954,0.254,0.1251,72.43,267.88,3,0.3024,0.0699,42.67,19.03,221.636,193.954,0.2505,0.1895,73.13,268.58,3,0.3356,0.064,42.11,20.08,215.589,193.954,0.2335,0.0171,72.37,267.81,3,0.3255,0.0661,42.72,18.93,215.809,194.352,0.24,0.4965,72.09,267.54,3,0.3139,0.0666,42.94,18.51,215.812,193.954,0.242,0.6848,59.77,255.21,3,0.2958,0.049,52.69,208.753,188.682,0.181,0.0,0.071,4,4,0.0,3.2
CON3-1,SAA,50,5,616.97,236.7,11.49,248.19,0,0.0,0.0376,204.797,67.817,0.0725,0.0,6.49,243.19,1,0.0386,0.0046,43.52,29.67,107.808,52.583,0.0225,0.2993,9.89,246.59,3,0.0642,0.0007,13.94,77.47,124.922,84.25,0.0035,0.0282,6.42,243.11,1,0.0394,0.004,44.17,28.63,106.903,51.456,0.0195,0.2881,8.01,244.71,2,0.0489,0.0075,30.29,51.05,118.519,63.061,0.0285,0.0169,7.93,244.63,1,0.0232,0.0169,30.96,49.97,141.559,52.643,0.048,0.0223,8.52,245.22,1,0.0203,0.0193,25.84,58.24,150.379,67.817,0.0625,0.0223,8.33,245.02,2,0.0563,0.0007,27.55,55.47,115.61,65.626,0.0035,0.0267,4.65,241.35,3,0.0672,0.0036,59.51,3.82,66.815,29.252,0.0135,0.0246,6.88,243.58,1,0.0378,0.0067,40.14,35.14,111.931,54.329,0.0305,0.3907,6.23,242.93,1,0.0354,0.0061,45.77,26.03,108.189,48.532,0.0285,0.2104,5.98,242.68,1,0.04,0.0038,47.98,22.46,100.008,46.042,0.017,0.0362,3.6,240.3,0,0.0,0.0025,68.65,-10.93,59.353,24.872,0.01,0.1274,3.66,240.35,0,0.001,0.0025,68.18,-10.18,60.426,24.872,0.01,0.1235,7.76,244.46,1,0.0379,0.0092,32.46,47.55,127.082,54.263,0.037,0.0106,5.66,242.36,1,0.0386,0.0033,50.75,17.99,96.581,45.566,0.0165,0.4749,3.45,240.14,0,0.0,0.0015,70.0,-13.13,57.107,23.905,0.0075,0.6926,4.38,241.08,1,0.0376,0.0,61.88,78.11,26.208,0.0,0.0,0.052,5,5,0.0,2.9
CON3-3,Det,50,4,607.67,200.77,130.55,331.31,0,0.0,0.3615,322.937,316.509,0.5735,0.0,64.63,265.4,3,0.3586,0.0371,50.49,20.23,177.049,144.504,0.135,0.3119,89.23,289.99,3,0.5425,0.0051,31.65,49.99,146.247,121.079,0.02,0.0242,63.54,264.31,3,0.3509,0.0419,51.32,18.91,184.657,157.259,0.1525,0.3316,67.9,268.67,3,0.4213,0.0262,47.99,24.19,199.854,172.245,0.096,0.0318,77.6,278.37,3,0.3544,0.0842,40.56,35.92,250.032,234.086,0.265,0.0285,65.72,266.49,3,0.3599,0.0411,49.65,21.55,191.028,171.726,0.1485,0.0299,79.4,280.17,3,0.4891,0.0069,39.18,38.11,148.861,121.079,0.027,0.0398,125.46,326.22,1,0.0512,0.3264,3.9,93.84,337.011,324.295,0.5395,0.0391,60.89,261.66,3,0.3822,0.0238,53.36,15.7,180.73,155.474,0.09,0.4627,62.36,263.13,3,0.3521,0.0389,52.23,17.48,180.913,154.749,0.143,0.2827,60.38,261.15,3,0.3786,0.0241,53.75,15.09,183.03,157.067,0.0895,0.0481,59.98,260.75,3,0.3722,0.0234,54.05,14.6,182.909,156.599,0.087,0.1327,59.14,259.91,3,0.3473,0.0248,54.7,13.59,182.705,150.962,0.093,0.1511,60.8,261.56,3,0.3911,0.0201,53.43,15.59,181.582,144.517,0.0755,0.0131,60.25,261.02,3,0.3801,0.0226,53.84,14.93,179.307,148.072,0.085,0.3856,61.24,262.01,3,0.3416,0.0265,53.09,16.13,194.579,157.751,0.0975,0.9188,47.92,248.68,3,0.3583,0.0032,63.3,131.081,112.799,0.0125,0.0,0.11,3,4,0.0,3.3
CON3-3,SAA,50,5,713.82,246.38,16.43,262.81,0,0.0,0.0568,243.087,120.538,0.106,0.0,10.29,256.68,2,0.0494,0.0133,37.35,39.46,139.753,94.019,0.054,0.2987,18.18,264.56,4,0.1105,0.0022,-10.63,117.23,159.576,134.241,0.0105,0.0264,10.29,256.68,2,0.0494,0.0133,37.35,39.46,139.753,94.019,0.054,0.3189,11.18,257.56,3,0.063,0.014,31.94,48.23,136.462,87.578,0.0545,0.0246,9.91,256.29,2,0.0522,0.0142,39.71,35.64,139.831,85.594,0.049,0.0264,9.57,255.95,2,0.0528,0.0107,41.77,32.3,129.814,89.432,0.0465,0.0256,13.46,259.84,3,0.0851,0.0032,18.09,70.68,146.661,115.432,0.0145,0.0348,6.43,252.81,4,0.0947,0.0065,60.87,1.35,84.803,41.195,0.021,0.0223,9.44,255.83,3,0.0615,0.0083,42.52,31.08,124.844,83.741,0.0325,0.3306,9.63,256.01,2,0.046,0.0146,41.41,32.89,132.211,84.303,0.059,0.222,9.03,255.41,2,0.0564,0.0093,45.06,26.96,122.095,82.234,0.0385,0.0414,5.22,251.61,0,0.0,0.0066,68.21,-10.55,76.928,36.123,0.023,0.1083,5.2,251.58,0,0.0044,0.0057,68.34,-10.76,76.209,37.763,0.023,0.1141,9.17,255.55,3,0.0634,0.0062,44.19,28.38,121.746,78.19,0.025,0.0148,8.82,255.2,3,0.0596,0.0072,46.3,24.95,117.714,76.333,0.031,0.5732,4.87,251.25,0,0.0,0.0038,70.36,-14.04,69.143,35.596,0.0155,0.5981,6.29,252.68,2,0.0568,0.0,61.7,92.893,46.626,0.0,0.0,0.113,5,5,0.0,2.8
CON3-2,Det,50,4,523.46,192.35,114.44,306.78,0,0.0,0.3103,326.678,323.365,0.5395,0.0,70.7,263.04,3,0.2781,0.0821,38.22,26.99,223.515,180.005,0.2895,0.3543,85.97,278.32,3,0.4336,0.0559,24.87,52.48,194.984,180.005,0.215,0.0271,70.03,262.37,3,0.281,0.0784,38.81,25.87,220.382,180.005,0.281,0.2689,75.08,267.42,3,0.2818,0.0966,34.4,34.3,250.802,200.31,0.318,0.0236,89.51,281.85,3,0.2112,0.1537,21.79,58.39,326.678,323.365,0.335,0.0244,83.51,275.85,2,0.1956,0.1422,27.03,48.37,272.432,260.708,0.3905,0.0274,81.64,273.99,3,0.4049,0.057,28.66,45.26,196.14,180.005,0.2185,0.0288,113.43,305.77,1,0.0226,0.2965,0.88,98.32,335.41,325.82,0.5305,0.0369,68.26,260.61,3,0.2806,0.0754,40.35,22.93,226.137,180.005,0.266,0.4086,70.6,262.95,3,0.2926,0.0756,38.3,26.83,219.65,180.005,0.271,0.2597,67.92,260.27,3,0.2752,0.0769,40.64,22.36,231.435,180.005,0.268,0.0259,68.2,260.55,3,0.266,0.0789,40.4,22.83,234.678,186.715,0.2745,0.0946,67.77,260.11,3,0.2666,0.0775,40.78,22.1,231.435,180.005,0.271,0.1033,68.59,260.94,3,0.2914,0.0724,40.06,23.48,227.821,180.005,0.253,0.0129,67.24,259.59,3,0.2812,0.0731,41.24,21.23,224.609,178.877,0.2585,0.3578,67.9,260.25,3,0.2742,0.0729,40.67,22.32,232.124,188.255,0.2555,0.7708,54.53,246.87,3,0.2569,0.0534,52.35,188.733,178.022,0.208,0.0,0.089,4,4,0.0,2.9
CON3-2,SAA,50,5,570.07,232.01,7.3,239.31,0,0.0,0.0236,137.81,59.717,0.0575,0.0,4.72,236.73,1,0.0284,0.0025,35.29,41.84,81.953,34.153,0.012,0.3211,7.44,239.44,2,0.0481,0.0009,-1.86,103.06,98.64,59.192,0.0045,0.0325,4.72,236.73,1,0.0284,0.0025,35.29,41.84,81.953,34.153,0.012,0.361,5.29,237.29,1,0.0236,0.0078,27.6,54.51,95.502,28.264,0.0295,0.038,4.58,236.59,1,0.0208,0.0065,37.24,38.62,83.746,28.264,0.021,0.0441,5.08,237.09,1,0.0161,0.0099,30.38,49.94,95.869,29.503,0.0305,0.0276,6.23,238.23,2,0.0408,0.001,14.72,75.74,90.788,52.84,0.005,0.0324,3.19,235.2,2,0.043,0.0026,56.26,7.27,50.186,21.026,0.0105,0.0282,4.97,236.98,1,0.0326,0.0028,31.91,47.41,82.784,29.654,0.0125,0.3967,4.38,236.38,1,0.0263,0.0031,40.03,34.02,75.75,32.528,0.015,0.2506,4.02,236.03,1,0.0231,0.0038,44.94,25.93,73.013,28.264,0.0165,0.0457,2.32,234.33,0,0.0,0.0022,68.21,-12.42,42.808,11.727,0.01,0.1378,2.39,234.4,0,0.0001,0.0025,67.23,-10.81,44.233,11.727,0.01,0.1136,4.91,236.92,1,0.0238,0.0063,32.73,46.06,86.497,28.264,0.02,0.0295,3.77,235.78,1,0.0252,0.0021,48.33,20.35,68.207,28.326,0.0095,0.5882,2.19,234.2,0,0.0,0.0011,69.97,-15.31,39.375,11.84,0.0055,0.7179,2.87,234.88,1,0.0236,0.0,60.68,54.397,21.567,0.0,0.0,0.056,5,5,0.0,3.2
CON3-5,Det,50,4,593.84,199.38,152.35,351.73,0,0.0,0.3596,343.55,341.065,0.5915,0.0,98.96,298.34,3,0.3641,0.0979,35.04,31.25,284.164,279.167,0.305,0.2042,103.5,302.88,3,0.441,0.0791,32.06,37.09,279.167,279.167,0.2525,0.0181,98.35,297.73,3,0.3594,0.0971,35.44,30.46,282.466,278.657,0.3055,0.2052,105.92,305.3,3,0.4261,0.0921,30.48,40.21,281.818,278.657,0.286,0.0162,103.61,303.0,3,0.398,0.0971,31.99,37.24,279.163,278.657,0.303,0.0189,134.0,333.39,1,0.2009,0.2348,12.04,76.38,280.833,279.167,0.5535,0.0163,102.04,301.42,3,0.429,0.0809,33.02,35.21,279.167,279.167,0.257,0.0192,150.13,349.52,1,0.053,0.33,1.45,97.15,359.566,351.956,0.559,0.0226,97.65,297.03,3,0.3545,0.0989,35.91,29.56,281.542,278.657,0.309,0.3601,98.33,297.72,3,0.3458,0.1025,35.46,30.44,284.976,279.167,0.3165,0.1607,97.14,296.52,3,0.3485,0.0991,36.24,28.9,281.542,278.657,0.309,0.0245,97.26,296.64,3,0.349,0.0985,36.16,29.06,281.542,278.657,0.307,0.0941,97.24,296.62,3,0.3463,0.0986,36.17,29.03,281.542,278.657,0.3075,0.1035,98.07,297.45,3,0.3568,0.0983,35.63,30.1,282.201,278.657,0.299,0.0107,97.2,296.58,3,0.3612,0.0946,36.2,28.98,280.144,278.657,0.296,0.2865,97.32,296.71,3,0.353,0.0969,36.12,29.14,281.501,278.657,0.3015,0.5232,74.69,274.08,3,0.2893,0.0704,50.97,278.557,275.78,0.226,0.0,0.056,3,4,0.0,2.1
CON3-5,SAA,50,5,630.37,238.04,6.85,244.89,0,0.0,0.022,130.351,51.838,0.0565,0.0,4.49,242.53,1,0.0254,0.0031,34.46,44.22,79.667,34.486,0.014,0.2132,7.41,245.45,2,0.0462,0.0006,-8.16,113.21,96.657,64.173,0.003,0.0193,4.49,242.53,1,0.0254,0.0031,34.46,44.22,79.667,34.486,0.014,0.2026,4.67,242.71,1,0.0172,0.008,31.78,48.56,86.258,23.812,0.0285,0.0233,4.79,242.83,1,0.0168,0.0087,30.02,51.41,88.376,21.864,0.029,0.0171,5.14,243.18,1,0.0139,0.0109,24.97,59.58,97.015,19.789,0.035,0.0168,6.02,244.06,2,0.0397,0.0008,12.07,80.46,88.002,44.453,0.004,0.0224,3.21,241.24,1,0.0286,0.0051,53.21,13.88,58.276,13.529,0.0205,0.0182,4.43,242.47,1,0.0257,0.0037,35.26,42.93,79.608,27.301,0.0155,0.2077,3.93,241.97,1,0.0213,0.0041,42.65,30.97,71.407,24.573,0.017,0.1605,3.8,241.83,1,0.0225,0.0033,44.6,27.82,68.278,21.67,0.0145,0.025,2.47,240.51,0,0.0,0.0027,63.97,-3.55,45.411,11.351,0.012,0.0793,2.46,240.5,0,0.0,0.0027,64.06,-3.69,45.293,11.351,0.012,0.0779,4.8,242.83,1,0.0274,0.0034,29.98,51.47,80.504,42.095,0.014,0.01,3.6,241.63,1,0.0246,0.0018,47.5,23.12,64.426,21.67,0.008,0.365,2.21,240.24,0,0.0,0.0017,67.78,-9.71,40.645,12.522,0.0085,0.4631,2.62,240.66,1,0.022,0.0,61.78,49.867,19.46,0.0,0.0,0.049,5,5,0.0,2.0
CON3-4,Det,50,4,599.73,199.97,159.18,359.15,0,0.0,0.38,347.27,344.937,0.6,0.0,82.3,282.28,3,0.4105,0.044,48.3,24.38,227.683,204.239,0.158,0.2353,89.46,289.44,3,0.5351,0.0097,43.8,31.42,172.332,119.822,0.0355,0.0204,81.38,281.35,3,0.4253,0.0355,48.88,23.47,220.808,181.013,0.1285,0.2176,84.59,284.56,3,0.4869,0.0201,46.86,26.63,205.773,178.043,0.075,0.0179,99.06,299.04,3,0.4114,0.0789,37.77,40.87,289.376,248.236,0.2555,0.0185,115.29,315.26,2,0.289,0.1457,27.57,56.83,283.077,257.855,0.5075,0.0195,86.58,286.55,3,0.5109,0.0125,45.61,28.58,184.932,119.822,0.046,0.0216,157.43,357.4,1,0.0204,0.3652,1.1,98.28,358.947,354.628,0.5965,0.0254,79.66,279.64,3,0.4321,0.03,49.95,21.79,208.24,178.043,0.1115,0.3711,81.77,281.74,3,0.411,0.0425,48.63,23.86,226.728,205.751,0.1545,0.1771,79.28,279.25,3,0.4322,0.029,50.2,21.4,205.884,177.913,0.1085,0.0257,78.97,278.95,3,0.4239,0.0284,50.39,21.11,205.288,177.913,0.106,0.124,78.93,278.9,3,0.4203,0.0281,50.42,21.06,205.422,178.043,0.105,0.1336,79.93,279.9,3,0.4343,0.0296,49.79,22.04,211.178,179.065,0.1085,0.0096,78.82,278.79,3,0.4274,0.0291,50.49,20.95,209.337,177.906,0.1065,0.294,78.9,278.87,3,0.4195,0.0307,50.44,21.03,206.711,178.043,0.114,0.5718,57.52,257.49,3,0.375,0.005,63.87,146.853,119.507,0.0175,0.0,0.064,3,4,0.0,2.3
CON3-4,SAA,50,5,650.56,240.06,8.19,248.25,0,0.0,0.0289,147.801,54.463,0.065,0.0,5.64,245.7,1,0.0274,0.0064,31.11,49.25,96.019,44.97,0.029,0.2351,8.74,248.8,2,0.0529,0.002,-6.71,110.94,111.687,67.704,0.01,0.0234,5.55,245.61,1,0.0277,0.006,32.23,47.43,94.639,44.97,0.0275,0.2646,6.15,246.21,1,0.0187,0.0142,24.88,59.41,110.938,52.779,0.052,0.0194,5.97,246.03,0,0.016,0.0147,27.13,55.74,110.211,45.375,0.0455,0.019,6.5,246.56,0,0.0117,0.0182,20.66,66.3,118.521,54.356,0.055,0.0189,6.88,246.94,2,0.0407,0.0033,16.0,73.9,103.132,57.328,0.016,0.0266,3.78,243.84,2,0.0423,0.0061,53.86,12.14,63.268,21.965,0.028,0.0183,5.5,245.55,1,0.0325,0.0061,32.91,46.31,90.788,43.758,0.0265,0.2396,4.99,245.04,1,0.0258,0.007,39.11,36.21,88.311,43.603,0.0315,0.1745,4.86,244.92,1,0.0264,0.0067,40.65,33.69,86.18,42.108,0.0275,0.0321,2.79,242.85,0,0.0,0.0039,65.95,-7.57,49.122,15.934,0.0165,0.1204,2.79,242.85,0,0.0,0.0039,65.95,-7.57,49.122,15.934,0.0165,0.1129,6.42,246.48,2,0.0418,0.0059,21.61,64.75,98.609,45.507,0.02,0.0106,4.53,244.59,1,0.031,0.0035,44.67,27.13,78.646,31.279,0.017,0.3832,2.28,242.33,0,0.0,0.001,72.19,-17.75,38.484,16.193,0.005,0.593,3.17,243.23,1,0.0289,0.0,61.3,57.226,22.55,0.0,0.0,0.058,5,5,0.0,2.4
CON3-6,Det,50,4,515.59,191.56,117.21,308.77,0,0.0,0.2883,317.54,307.69,0.5715,0.0,69.23,260.79,3,0.2863,0.0556,40.93,25.2,210.342,204.681,0.211,0.2535,81.17,272.73,3,0.41,0.0316,30.75,43.81,206.116,205.646,0.126,0.0324,68.45,260.01,3,0.2868,0.0534,41.6,23.99,213.481,204.257,0.1975,0.2865,71.39,262.95,3,0.3195,0.0508,39.09,28.58,218.021,203.579,0.186,0.0184,86.24,277.8,2,0.2285,0.1207,26.42,51.72,287.981,252.098,0.36,0.0197,107.26,298.82,1,0.0605,0.2391,8.49,84.49,317.54,307.69,0.4975,0.0204,75.6,267.15,3,0.3726,0.034,35.5,35.13,206.116,205.121,0.1355,0.0262,113.71,305.27,1,0.0464,0.2593,2.98,94.55,327.455,315.336,0.56,0.0232,66.26,257.82,3,0.2818,0.0504,43.47,20.57,214.423,203.863,0.1875,0.3727,68.01,259.56,3,0.2926,0.0499,41.98,23.29,211.648,204.681,0.187,0.2126,66.31,257.87,3,0.2815,0.051,43.42,20.65,212.679,203.863,0.1925,0.0276,66.31,257.87,3,0.2815,0.051,43.42,20.65,212.679,203.863,0.1925,0.1179,66.04,257.6,2,0.2585,0.0527,43.66,20.23,219.874,203.863,0.1915,0.1305,67.54,259.1,3,0.2839,0.0525,42.38,22.56,213.073,203.863,0.198,0.0117,65.63,257.19,3,0.2846,0.0478,44.0,19.6,210.978,203.863,0.181,0.3409,66.46,258.02,2,0.2434,0.0526,43.29,20.89,231.218,202.313,0.187,0.5721,53.06,244.62,3,0.2578,0.0305,54.73,202.865,198.394,0.122,0.0,0.071,3,4,0.0,2.5
CON3-6,SAA,50,5,562.39,231.24,7.56,238.8,0,0.0,0.0245,136.011,57.59,0.064,0.0,4.72,235.96,1,0.0224,0.0055,37.57,38.7,82.66,35.456,0.0245,0.2102,8.31,239.55,2,0.0482,0.0013,-9.89,116.15,95.456,66.224,0.0065,0.0204,4.63,235.87,1,0.0242,0.0044,38.84,36.61,79.017,34.337,0.0205,0.2334,5.56,236.8,1,0.0153,0.0117,26.44,56.86,102.631,25.076,0.0395,0.0155,5.02,236.26,1,0.0176,0.0091,33.61,45.15,90.048,27.211,0.0305,0.0176,6.33,237.57,0,0.0109,0.0159,16.37,73.28,115.237,47.423,0.0495,0.0169,6.01,237.25,1,0.0367,0.0015,20.54,66.49,85.675,50.303,0.0075,0.0209,4.02,235.25,1,0.0345,0.0064,46.91,23.45,69.322,19.82,0.0285,0.0224,4.89,236.13,1,0.0263,0.005,35.38,42.27,81.424,28.201,0.021,0.2282,4.27,235.51,1,0.0235,0.0041,43.53,28.96,74.679,27.278,0.0195,0.205,4.15,235.39,1,0.0241,0.0039,45.18,26.27,72.286,27.211,0.0175,0.0285,2.67,233.91,0,0.0,0.0026,64.69,-5.56,43.609,15.514,0.0125,0.083,2.6,233.84,0,0.0005,0.0026,65.6,-7.05,42.466,15.514,0.0125,0.0788,5.66,236.9,1,0.0214,0.0097,25.2,58.88,95.035,49.482,0.035,0.0143,3.94,235.18,1,0.0258,0.0025,47.93,21.78,67.304,27.211,0.012,0.3769,2.24,233.48,0,0.0,0.0011,70.35,-14.8,37.792,15.514,0.005,0.4904,2.93,234.17,1,0.0245,0.0,61.28,52.604,22.462,0.0,0.0,0.048,5,5,0.0,2.1
CON3-7,Det,50,4,586.71,198.67,118.73,317.4,0,0.0,0.3134,334.001,323.514,0.5485,0.0,64.3,262.97,3,0.3493,0.0291,45.85,27.61,179.925,155.356,0.11,0.2582,76.71,275.38,3,0.4642,0.0091,35.39,44.12,155.768,117.589,0.0365,0.0221,63.67,262.34,3,0.3176,0.0414,46.38,26.77,191.537,175.997,0.1515,0.2234,68.26,266.93,3,0.3792,0.0278,42.51,32.88,191.042,172.12,0.104,0.0186,76.85,275.52,3,0.2986,0.089,35.28,44.3,266.578,246.498,0.2515,0.0192,93.77,292.44,1,0.1467,0.1854,21.03,66.8,261.609,248.888,0.4505,0.0182,70.45,269.12,3,0.4295,0.01,40.66,35.79,155.68,117.589,0.0395,0.0232,118.73,317.4,0,0.0,0.3134,0.0,100.0,334.001,323.514,0.5485,0.0252,59.25,257.92,3,0.3422,0.027,50.1,20.9,191.912,169.692,0.1,0.4558,62.84,261.51,3,0.3117,0.0433,47.08,25.67,192.297,174.787,0.158,0.2005,58.72,257.39,3,0.3349,0.0291,50.54,20.2,190.859,168.095,0.108,0.0274,58.69,257.37,3,0.3344,0.0291,50.57,20.16,190.859,168.095,0.108,0.1152,58.64,257.31,3,0.3326,0.029,50.61,20.08,190.859,168.095,0.108,0.1204,59.26,257.93,3,0.347,0.025,50.09,20.91,188.094,165.856,0.0925,0.0106,58.4,257.08,3,0.3399,0.0253,50.81,19.77,186.344,163.677,0.0945,0.3319,58.12,256.79,3,0.3397,0.0241,51.05,19.39,184.779,162.592,0.092,0.5672,43.54,242.21,3,0.3077,0.0056,63.33,142.737,114.775,0.0225,0.0,9.118,3,4,0.0,2.5
CON3-7,SAA,50,5,635.3,238.53,5.98,244.52,0,0.0,0.0193,116.531,53.868,0.053,0.0,3.97,242.5,1,0.0202,0.0034,33.75,44.85,71.591,30.314,0.016,0.2753,6.55,245.08,1,0.0382,0.0012,-9.47,115.47,88.221,41.492,0.006,0.029,3.96,242.49,1,0.02,0.0035,33.8,44.77,72.096,28.81,0.0165,0.3252,4.13,242.67,1,0.0231,0.0039,30.91,49.48,68.893,28.731,0.016,0.0239,4.19,242.72,1,0.0121,0.0088,30.02,50.95,79.841,23.501,0.0275,0.0253,4.59,243.12,0,0.0087,0.0113,23.31,61.91,89.483,23.501,0.037,0.0234,5.05,243.58,1,0.0301,0.0012,15.64,74.44,78.135,39.343,0.006,0.0329,2.79,241.32,1,0.0304,0.0024,53.45,12.66,46.939,17.991,0.011,0.0238,3.81,242.34,1,0.0211,0.0035,36.28,40.72,70.506,28.204,0.017,0.2988,3.94,242.47,0,0.0154,0.0063,34.16,44.17,75.01,23.501,0.027,0.2416,3.42,241.95,1,0.0183,0.0037,42.89,29.92,64.091,23.501,0.0155,0.0467,1.88,240.41,0,0.0,0.0013,68.6,-12.1,34.711,9.451,0.0065,0.1166,1.89,240.42,0,0.0002,0.0013,68.43,-11.83,34.912,9.451,0.0065,0.1025,4.42,242.95,1,0.0304,0.0014,26.08,57.38,75.429,31.917,0.007,0.0109,3.23,241.76,1,0.0206,0.0021,46.1,24.66,59.753,23.501,0.0105,0.5245,1.9,240.43,0,0.0,0.0009,68.21,-11.46,34.481,9.451,0.0045,0.7243,2.32,240.85,1,0.0193,0.0,61.2,45.253,20.285,0.0,0.0,0.061,5,5,0.0,2.9
CON8-0,Det,50,9,871.84,402.18,281.29,683.47,0,0.0,0.4545,657.17,645.856,0.733,0.0,193.83,596.01,7,0.3997,0.1483,31.09,34.49,451.068,421.964,0.6355,0.2306,205.81,607.99,8,0.5014,0.1208,26.83,43.46,432.69,389.649,0.594,0.0185,194.54,596.72,7,0.4066,0.1456,30.84,35.02,449.054,417.648,0.6335,0.2098,209.96,612.14,8,0.4609,0.1537,25.36,46.57,454.086,425.742,0.644,0.0218,215.75,617.93,7,0.3308,0.2147,23.3,50.91,565.797,522.587,0.65,0.0212,227.18,629.36,4,0.2181,0.2755,19.24,59.47,545.412,518.314,0.696,0.0212,200.4,602.59,8,0.4751,0.1248,28.75,39.42,434.905,389.649,0.6015,0.0205,269.99,672.18,2,0.0844,0.4135,4.01,91.54,664.185,654.712,0.7175,0.0302,192.05,594.23,8,0.4223,0.1379,31.72,33.16,445.952,412.378,0.6215,0.1427,193.08,595.27,8,0.4121,0.1416,31.36,33.93,450.057,420.377,0.622,0.1687,191.59,593.77,8,0.4223,0.1372,31.89,32.81,445.774,414.577,0.62,0.023,189.94,592.12,7,0.3872,0.1399,32.48,31.58,449.244,417.337,0.621,0.0684,189.72,591.9,7,0.3817,0.1401,32.55,31.41,449.357,418.259,0.6195,0.0585,193.11,595.29,8,0.4167,0.1416,31.35,33.95,449.015,418.799,0.6245,0.0094,191.05,593.24,7,0.3987,0.1468,32.08,32.41,448.655,420.514,0.632,0.2852,193.73,595.91,7,0.3476,0.1562,31.13,34.41,484.118,437.579,0.634,0.2584,147.78,549.97,8,0.3568,0.0977,47.46,421.059,380.838,0.5295,0.0,0.067,7,9,0.0,1.7
CON8-0,SAA,50,15,1164.19,641.42,18.55,659.97,0,0.0,0.0213,263.833,124.329,0.119,0.0,14.88,656.3,2,0.0211,0.0082,19.75,66.99,187.914,103.944,0.08,0.186,15.31,656.73,3,0.0247,0.0071,17.45,70.83,185.135,108.962,0.076,0.0176,14.88,656.3,2,0.0211,0.0082,19.75,66.99,187.914,103.944,0.08,0.1806,15.5,656.92,2,0.0154,0.0113,16.44,72.53,204.227,110.598,0.0935,0.0242,15.19,656.61,2,0.0152,0.0112,18.12,69.72,198.32,110.24,0.0945,0.0233,15.59,657.01,1,0.011,0.0133,15.96,73.34,207.474,119.235,0.105,0.024,15.01,656.43,2,0.0234,0.0074,19.05,68.16,183.907,107.046,0.078,0.022,11.91,653.33,3,0.0327,0.0084,35.78,40.2,153.078,82.587,0.0815,0.0221,14.81,656.22,2,0.0218,0.0082,20.18,66.28,179.793,108.454,0.0845,0.0741,14.95,656.37,2,0.0199,0.0088,19.4,67.58,189.727,105.571,0.0835,0.1473,14.47,655.89,2,0.0214,0.0079,22.0,63.24,181.13,105.651,0.0795,0.0208,11.3,652.72,0,0.0023,0.0062,39.1,34.66,140.298,77.763,0.068,0.0578,11.14,652.56,0,0.0019,0.0065,39.91,33.29,137.833,81.357,0.073,0.045,15.25,656.67,3,0.0249,0.0076,17.8,70.26,182.687,108.144,0.0765,0.0095,14.13,655.55,2,0.0171,0.0092,23.83,60.17,178.61,107.722,0.0925,0.3055,11.09,652.5,0,0.0,0.0067,40.24,32.76,139.785,79.878,0.0715,0.2216,7.45,648.87,2,0.0213,0.0,59.84,105.886,51.394,0.0,0.0,0.068,14,15,0.0,1.4
CON3-8,Det,50,4,523.05,192.3,101.19,293.49,0,0.0,0.2466,270.083,232.17,0.5425,0.0,53.87,246.18,2,0.2725,0.028,46.76,21.0,182.459,151.686,0.1,0.2192,62.09,254.39,2,0.3439,0.019,38.64,34.71,181.871,151.686,0.0675,0.0202,52.73,245.04,2,0.2486,0.0356,47.89,19.1,187.706,153.063,0.127,0.2174,57.06,249.36,2,0.2864,0.0306,43.61,26.32,192.909,158.041,0.1035,0.0199,68.61,260.91,2,0.2268,0.0811,32.2,45.6,250.188,231.75,0.2415,0.0203,78.29,270.59,1,0.1386,0.1291,22.63,61.77,242.146,214.45,0.4545,0.02,57.8,250.1,2,0.3123,0.0217,42.88,27.55,183.252,151.686,0.0775,0.0258,98.13,290.44,1,0.0406,0.2194,3.02,94.9,260.992,250.55,0.5125,0.025,53.2,245.51,2,0.256,0.0343,47.42,19.88,184.82,152.342,0.1235,0.2841,53.37,245.68,2,0.2636,0.0306,47.25,20.16,182.411,151.686,0.1105,0.1914,52.74,245.05,2,0.2549,0.0335,47.88,19.11,187.981,152.976,0.117,0.0253,52.32,244.62,2,0.2447,0.0338,48.29,18.41,183.517,152.976,0.117,0.1008,52.16,244.47,2,0.2336,0.0349,48.45,18.14,184.156,154.295,0.1205,0.1135,53.32,245.63,2,0.2584,0.0336,47.3,20.08,187.393,160.251,0.1225,0.0112,52.09,244.39,2,0.2549,0.0316,48.52,18.02,186.152,152.342,0.1115,0.3591,51.69,243.99,2,0.2436,0.031,48.92,17.35,182.094,152.373,0.1095,0.6805,41.3,233.6,2,0.2289,0.0177,59.19,176.573,150.569,0.0635,0.0,0.057,4,4,0.0,2.4
CON3-8,SAA,50,5,624.76,237.48,9.57,247.04,0,0.0,0.0317,160.047,63.47,0.078,0.0,5.8,243.28,1,0.03,0.0052,39.37,36.12,94.895,53.534,0.0235,0.2665,8.43,245.91,2,0.0509,0.0011,11.84,80.78,103.468,66.917,0.0055,0.0243,5.8,243.28,1,0.03,0.0052,39.37,36.12,94.895,53.534,0.0235,0.2444,6.6,244.07,1,0.0319,0.0093,31.03,49.65,105.976,44.726,0.0365,0.0217,6.82,244.3,1,0.0249,0.0124,28.69,53.45,108.768,54.466,0.05,0.0218,7.18,244.66,1,0.0203,0.0152,24.9,59.6,116.509,57.338,0.056,0.0215,7.11,244.58,2,0.0434,0.0016,25.71,58.28,98.596,59.869,0.008,0.0292,4.47,241.95,2,0.0381,0.007,53.26,13.58,75.83,24.568,0.0305,0.0248,5.85,243.33,1,0.0305,0.0069,38.85,36.96,96.179,50.651,0.028,0.2283,5.25,242.73,1,0.0268,0.0065,45.08,26.86,88.903,49.236,0.029,0.1932,5.01,242.48,1,0.0285,0.0055,47.66,22.67,85.439,45.512,0.025,0.0288,3.29,240.77,0,0.0,0.004,65.6,-6.43,57.542,22.824,0.02,0.1015,3.35,240.83,0,0.0002,0.0043,64.95,-5.38,58.84,23.076,0.0205,0.1056,6.06,243.54,1,0.0334,0.0066,36.62,40.59,96.724,47.924,0.0255,0.0124,4.8,242.28,1,0.0348,0.0021,49.81,19.18,78.451,45.141,0.01,0.4358,3.12,240.59,0,0.0,0.0021,67.44,-9.42,52.173,22.824,0.0105,0.5708,3.67,241.15,1,0.0317,0.0,61.63,61.221,24.835,0.0,0.0,0.066,5,5,0.0,2.4
CON8-1,Det,50,9,740.93,389.09,273.48,662.57,0,0.0,0.4473,633.649,628.411,0.7325,0.0,195.64,584.73,7,0.365,0.1798,28.46,39.28,450.467,408.56,0.6555,0.225,204.85,593.94,8,0.4831,0.1437,25.1,46.46,421.278,406.278,0.6095,0.0197,195.73,584.83,7,0.378,0.1742,28.43,39.35,441.407,406.278,0.647,0.2229,211.26,600.35,7,0.3998,0.1939,22.75,51.46,481.707,439.885,0.6475,0.0219,219.58,608.67,5,0.2632,0.2564,19.71,57.95,583.867,555.112,0.6715,0.0221,215.02,604.12,5,0.2656,0.2498,21.37,54.4,529.182,499.998,0.675,0.022,202.24,591.33,7,0.4563,0.151,26.05,44.43,424.018,406.278,0.619,0.0211,258.75,647.84,3,0.1047,0.3947,5.39,88.51,643.711,636.328,0.72,0.0314,194.16,583.26,7,0.3747,0.1746,29.0,38.13,446.681,406.278,0.6465,0.1567,195.48,584.58,7,0.3638,0.1804,28.52,39.16,450.11,407.372,0.6585,0.1765,193.51,582.6,7,0.3812,0.1712,29.24,37.62,447.245,406.278,0.6455,0.0248,190.7,579.79,6,0.3399,0.1724,30.27,35.43,447.128,406.278,0.644,0.0741,189.5,578.59,6,0.3225,0.1724,30.71,34.49,446.341,406.278,0.6435,0.0679,195.72,584.81,7,0.381,0.1741,28.44,39.34,450.465,409.14,0.642,0.0104,192.95,582.05,7,0.3936,0.1652,29.45,37.18,440.493,406.278,0.6335,0.288,192.04,581.13,6,0.3151,0.1794,29.78,36.47,467.305,441.641,0.634,0.2876,145.28,534.38,7,0.3336,0.1137,46.88,409.782,376.514,0.5325,0.0,0.07,8,9,0.0,1.7
CON8-1,SAA,50,14,963.63,586.36,27.7,614.07,0,0.0,0.0344,385.409,180.827,0.145,0.0,21.24,607.6,3,0.0344,0.0123,23.33,61.1,261.486,146.067,0.096,0.1983,22.55,608.91,4,0.0419,0.0104,18.62,68.96,259.812,158.286,0.0865,0.0185,21.24,607.6,3,0.0344,0.0123,23.33,61.1,261.486,146.067,0.096,0.1946,22.5,608.87,3,0.0257,0.0176,18.76,68.71,292.935,151.679,0.1105,0.0243,23.27,609.64,2,0.0208,0.0206,15.99,73.34,308.479,160.953,0.1155,0.0255,23.7,610.06,2,0.019,0.0219,14.46,75.89,313.88,162.297,0.117,0.0252,22.09,608.46,4,0.0405,0.0105,20.25,66.24,258.564,154.54,0.087,0.0216,16.72,603.08,5,0.0627,0.0112,39.65,33.88,205.538,97.084,0.084,0.0256,21.45,607.81,3,0.0344,0.013,22.58,62.35,261.01,136.44,0.0955,0.092,21.03,607.4,3,0.0333,0.0126,24.07,59.86,261.742,148.366,0.097,0.1638,20.68,607.05,3,0.0339,0.0123,25.34,57.75,258.494,136.116,0.0925,0.0224,14.15,600.51,0,0.0015,0.0079,48.93,18.42,181.829,88.397,0.065,0.0617,13.56,599.92,0,0.0015,0.0076,51.06,14.86,173.528,83.769,0.0645,0.0492,21.34,607.71,3,0.0364,0.0121,22.96,61.72,260.447,136.146,0.086,0.0098,20.16,606.52,3,0.0311,0.0127,27.24,54.58,255.58,132.855,0.0945,0.3148,13.81,600.18,0,0.0,0.008,50.13,16.41,175.977,88.433,0.0685,0.2373,11.09,597.45,3,0.0341,0.0003,59.97,154.311,73.497,0.0045,0.0,0.067,13,14,0.0,1.5
CON3-9,Det,50,4,590.64,199.06,63.62,262.68,0,0.0,0.1965,293.252,271.951,0.378,0.0,34.8,233.86,3,0.2054,0.0207,45.3,28.63,139.439,116.742,0.0815,0.2232,47.4,246.47,3,0.3164,0.0029,25.48,59.85,122.133,106.765,0.0115,0.0224,34.56,233.62,3,0.2177,0.0144,45.67,28.04,131.199,105.775,0.056,0.2166,44.48,243.54,3,0.2452,0.0364,30.08,52.6,190.821,174.523,0.135,0.0161,37.22,236.28,3,0.1903,0.0408,41.49,34.63,194.393,150.191,0.1335,0.0174,49.25,248.31,2,0.0959,0.1069,22.58,64.42,248.942,225.059,0.276,0.0173,39.73,238.8,3,0.2695,0.0054,37.54,40.85,125.109,106.765,0.0215,0.0219,51.25,250.31,2,0.1635,0.1082,19.44,69.37,279.591,231.423,0.267,0.0204,33.04,232.1,3,0.213,0.0175,48.07,24.27,140.946,117.265,0.067,0.2659,33.86,232.92,3,0.2049,0.0195,46.78,26.3,142.896,106.769,0.075,0.169,31.53,230.59,3,0.2044,0.0171,50.44,20.53,137.527,105.425,0.066,0.0244,31.45,230.51,3,0.2019,0.0171,50.56,20.34,135.867,105.425,0.066,0.0892,29.22,228.28,2,0.1289,0.0176,54.07,14.81,143.388,106.87,0.0665,0.0943,32.67,231.74,3,0.2101,0.0175,48.64,23.36,142.539,105.775,0.0665,0.0101,31.52,230.59,3,0.2105,0.0151,50.45,20.51,145.488,105.828,0.058,0.3677,38.28,237.34,0,0.011,0.0451,39.83,37.24,253.885,185.994,0.137,0.5646,23.24,222.3,3,0.1965,0.0,63.47,104.746,97.171,0.0,0.0,0.056,1,4,0.0,2.2
CON3-9,SAA,50,5,653.43,240.34,9.03,249.37,0,0.0,0.0325,147.394,57.869,0.081,0.0,5.26,245.6,1,0.0332,0.0044,41.79,33.1,81.196,44.101,0.02,0.2395,10.48,250.83,3,0.0762,0.0005,-16.1,125.77,96.617,68.332,0.0025,0.0225,5.26,245.6,1,0.0332,0.0044,41.79,33.1,81.196,44.101,0.02,0.2399,5.63,245.97,1,0.0334,0.0074,37.67,39.69,85.77,39.946,0.0285,0.0186,5.28,245.63,1,0.0271,0.0086,41.49,33.58,86.591,39.814,0.031,0.0195,5.92,246.26,1,0.0221,0.0123,34.45,44.86,99.436,40.968,0.044,0.0194,7.69,248.03,2,0.0564,0.0008,14.84,76.25,86.866,54.301,0.004,0.0286,3.29,243.63,2,0.0583,0.0017,63.54,-1.72,45.676,21.089,0.008,0.0237,5.25,245.59,2,0.0357,0.0042,41.9,32.93,80.753,43.609,0.019,0.2311,4.93,245.27,1,0.0292,0.006,45.43,27.28,79.766,41.833,0.0275,0.2255,4.6,244.94,1,0.0344,0.0028,49.08,21.43,70.651,40.689,0.0125,0.0312,2.46,242.8,0,0.0,0.0025,72.74,-16.45,40.005,16.443,0.012,0.0974,2.46,242.81,0,0.0003,0.0025,72.71,-16.4,40.061,16.443,0.012,0.1001,5.72,246.06,2,0.0388,0.0048,36.68,41.29,81.809,43.609,0.017,0.0119,4.32,244.66,1,0.0339,0.0021,52.18,16.47,68.372,39.832,0.01,0.4137,2.45,242.79,0,0.0,0.0013,72.87,-16.66,39.609,16.443,0.0065,0.5727,3.39,243.73,1,0.0325,0.0,62.47,55.389,21.491,0.0,0.0,0.059,5,5,0.0,2.3
