Instance,day,alpha,surge,cost,fired
CON3-0,0,0.5,False,63.94293,True
CON3-0,0,0.5,True,273.2835,True
CON3-0,0,0.2,False,61.7591,False
CON3-0,0,0.2,True,273.2835,True
CON3-0,0,0.1,False,61.7591,False
CON3-0,0,0.1,True,269.25916000000007,True
CON3-0,0,0.05,False,61.7591,False
CON3-0,0,0.05,True,277.11658000000006,True
CON3-0,0,0.02,False,61.7591,False
CON3-0,0,0.02,True,269.26997,True
CON3-0,0,0.005,False,61.7591,False
CON3-0,0,0.005,True,269.26997,True
CON3-0,0,0.001,False,61.7591,False
CON3-0,0,0.001,True,234.06961,True
CON3-0,0,0.0001,False,61.7591,False
CON3-0,0,0.0001,True,194.06960999999998,True
CON3-0,1,0.5,False,101.75910000000003,False
CON3-0,1,0.5,True,160.83839000000003,True
CON3-0,1,0.2,False,101.75910000000003,False
CON3-0,1,0.2,True,231.42573,True
CON3-0,1,0.1,False,101.75910000000003,False
CON3-0,1,0.1,True,231.42573,True
CON3-0,1,0.05,False,101.75910000000003,False
CON3-0,1,0.05,True,195.25118,True
CON3-0,1,0.02,False,101.75910000000003,False
CON3-0,1,0.02,True,195.25118,True
CON3-0,1,0.005,False,101.75910000000003,False
CON3-0,1,0.005,True,154.71301,True
CON3-0,1,0.001,False,101.75910000000003,False
CON3-0,1,0.001,True,156.21976,True
CON3-0,1,0.0001,False,101.75910000000003,False
CON3-0,1,0.0001,True,112.32931000000002,True
CON3-0,2,0.5,False,101.75910000000003,False
CON3-0,2,0.5,True,267.95545000000016,True
CON3-0,2,0.2,False,101.75910000000003,False
CON3-0,2,0.2,True,267.95545000000016,True
CON3-0,2,0.1,False,101.75910000000003,False
CON3-0,2,0.1,True,226.63275000000002,True
CON3-0,2,0.05,False,101.75910000000003,False
CON3-0,2,0.05,True,226.63275000000002,True
CON3-0,2,0.02,False,101.75910000000003,False
CON3-0,2,0.02,True,201.69495999999998,True
CON3-0,2,0.005,False,101.75910000000003,False
CON3-0,2,0.005,True,201.69495999999998,True
CON3-0,2,0.001,False,101.75910000000003,False
CON3-0,2,0.001,True,201.69495999999998,True
CON3-0,2,0.0001,False,101.75910000000003,False
CON3-0,2,0.0001,True,278.14292,True
CON3-0,3,0.5,False,101.7591,False
CON3-0,3,0.5,True,227.81399000000002,True
CON3-0,3,0.2,False,101.7591,False
CON3-0,3,0.2,True,227.81399000000002,True
CON3-0,3,0.1,False,101.7591,False
CON3-0,3,0.1,True,227.81399000000002,True
CON3-0,3,0.05,False,101.7591,False
CON3-0,3,0.05,True,265.22267000000005,True
CON3-0,3,0.02,False,101.7591,False
CON3-0,3,0.02,True,309.00308,True
CON3-0,3,0.005,False,101.7591,False
CON3-0,3,0.005,True,288.5476200000002,True
CON3-0,3,0.001,False,101.7591,False
CON3-0,3,0.001,True,427.3513,True
CON3-0,3,0.0001,False,101.7591,False
CON3-0,3,0.0001,True,193.75996,True
CON3-0,4,0.5,False,101.75910000000003,False
CON3-0,4,0.5,True,271.12228000000005,True
CON3-0,4,0.2,False,101.75910000000003,False
CON3-0,4,0.2,True,269.69591,True
CON3-0,4,0.1,False,101.75910000000003,False
CON3-0,4,0.1,True,316.48834,True
CON3-0,4,0.05,False,101.75910000000003,False
CON3-0,4,0.05,True,311.37606999999997,True
CON3-0,4,0.02,False,101.75910000000003,False
CON3-0,4,0.02,True,311.37606999999997,True
CON3-0,4,0.005,False,101.75910000000003,False
CON3-0,4,0.005,True,323.52301,True
CON3-0,4,0.001,False,101.75910000000003,False
CON3-0,4,0.001,True,351.12028,True
CON3-0,4,0.0001,False,101.75910000000003,False
CON3-0,4,0.0001,True,200.28971000000004,True
CON3-0,5,0.5,False,101.75910000000003,False
CON3-0,5,0.5,True,192.16337,True
CON3-0,5,0.2,False,101.75910000000003,False
CON3-0,5,0.2,True,193.61018999999996,True
CON3-0,5,0.1,False,101.75910000000003,False
CON3-0,5,0.1,True,277.40108000000004,True
CON3-0,5,0.05,False,101.75910000000003,False
CON3-0,5,0.05,True,191.26851999999997,True
CON3-0,5,0.02,False,101.75910000000003,False
CON3-0,5,0.02,True,271.50604999999996,True
CON3-0,5,0.005,False,101.75910000000003,False
CON3-0,5,0.005,True,280.54053,True
CON3-0,5,0.001,False,101.75910000000003,False
CON3-0,5,0.001,True,238.20542,True
CON3-0,5,0.0001,False,101.75910000000003,False
CON3-0,5,0.0001,True,198.17824,True
CON3-0,6,0.5,False,101.75910000000002,False
CON3-0,6,0.5,True,310.0254900000001,True
CON3-0,6,0.2,False,101.75910000000002,False
CON3-0,6,0.2,True,186.57048999999998,True
CON3-0,6,0.1,False,101.75910000000002,False
CON3-0,6,0.1,True,234.86544000000004,True
CON3-0,6,0.05,False,101.75910000000002,False
CON3-0,6,0.05,True,199.02165000000002,True
CON3-0,6,0.02,False,101.75910000000002,False
CON3-0,6,0.02,True,229.88322999999994,True
CON3-0,6,0.005,False,101.75910000000002,False
CON3-0,6,0.005,True,229.27849999999998,True
CON3-0,6,0.001,False,101.75910000000002,False
CON3-0,6,0.001,True,245.30646999999996,True
CON3-0,6,0.0001,False,101.75910000000002,False
CON3-0,6,0.0001,True,103.68991,True
CON3-0,7,0.5,False,69.16480000000001,True
CON3-0,7,0.5,True,190.99250999999998,True
CON3-0,7,0.2,False,69.16480000000001,True
CON3-0,7,0.2,True,203.16610000000003,True
CON3-0,7,0.1,False,69.16480000000001,True
CON3-0,7,0.1,True,203.16610000000003,True
CON3-0,7,0.05,False,61.7591,False
CON3-0,7,0.05,True,193.78591,True
CON3-0,7,0.02,False,61.7591,False
CON3-0,7,0.02,True,233.99672999999996,True
CON3-0,7,0.005,False,61.7591,False
CON3-0,7,0.005,True,242.30009,True
CON3-0,7,0.001,False,61.7591,False
CON3-0,7,0.001,True,113.09003000000001,True
CON3-0,7,0.0001,False,61.7591,False
CON3-0,7,0.0001,True,158.46350999999999,True
CON3-0,8,0.5,False,181.75910000000005,False
CON3-0,8,0.5,True,194.90813000000006,True
CON3-0,8,0.2,False,181.75910000000005,False
CON3-0,8,0.2,True,236.33701000000002,True
CON3-0,8,0.1,False,181.75910000000005,False
CON3-0,8,0.1,True,189.53226,True
CON3-0,8,0.05,False,181.75910000000005,False
CON3-0,8,0.05,True,189.53226,True
CON3-0,8,0.02,False,181.75910000000005,False
CON3-0,8,0.02,True,150.29496,True
CON3-0,8,0.005,False,181.75910000000005,False
CON3-0,8,0.005,True,164.76912000000002,True
CON3-0,8,0.001,False,181.75910000000005,False
CON3-0,8,0.001,True,159.55499,True
CON3-0,8,0.0001,False,181.75910000000005,False
CON3-0,8,0.0001,True,103.93381,True
CON3-0,9,0.5,False,181.75910000000005,False
CON3-0,9,0.5,True,318.23249000000004,True
CON3-0,9,0.2,False,181.75910000000005,False
CON3-0,9,0.2,True,188.88620999999998,True
CON3-0,9,0.1,False,181.75910000000005,False
CON3-0,9,0.1,True,188.88620999999998,True
CON3-0,9,0.05,False,181.75910000000005,False
CON3-0,9,0.05,True,306.82412,True
CON3-0,9,0.02,False,181.75910000000005,False
CON3-0,9,0.02,True,198.93589999999998,True
CON3-0,9,0.005,False,181.75910000000005,False
CON3-0,9,0.005,True,229.96768999999998,True
CON3-0,9,0.001,False,181.75910000000005,False
CON3-0,9,0.001,True,118.53649000000001,True
CON3-0,9,0.0001,False,181.75910000000005,False
CON3-0,9,0.0001,True,121.45793,True
CON3-0,10,0.5,False,261.7591,False
CON3-0,10,0.5,True,190.02549,True
CON3-0,10,0.2,False,261.7591,False
CON3-0,10,0.2,True,192.94341999999997,True
CON3-0,10,0.1,False,261.7591,False
CON3-0,10,0.1,True,192.94341999999997,True
CON3-0,10,0.05,False,261.7591,False
CON3-0,10,0.05,True,154.15078,True
CON3-0,10,0.02,False,261.7591,False
CON3-0,10,0.02,True,189.24728,True
CON3-0,10,0.005,False,261.7591,False
CON3-0,10,0.005,True,204.31006000000002,True
CON3-0,10,0.001,False,261.7591,False
CON3-0,10,0.001,True,237.19573000000005,True
CON3-0,10,0.0001,False,261.7591,False
CON3-0,10,0.0001,True,237.70364,True
CON3-0,11,0.5,False,261.75910000000005,False
CON3-0,11,0.5,True,275.17591000000004,True
CON3-0,11,0.2,False,261.75910000000005,False
CON3-0,11,0.2,True,275.17591000000004,True
CON3-0,11,0.1,False,261.75910000000005,False
CON3-0,11,0.1,True,275.17591000000004,True
CON3-0,11,0.05,False,261.75910000000005,False
CON3-0,11,0.05,True,314.20716000000004,True
CON3-0,11,0.02,False,261.75910000000005,False
CON3-0,11,0.02,True,364.39567999999997,True
CON3-0,11,0.005,False,261.75910000000005,False
CON3-0,11,0.005,True,353.60711000000003,True
CON3-0,11,0.001,False,261.75910000000005,False
CON3-0,11,0.001,True,353.60711000000003,True
CON3-0,11,0.0001,False,261.75910000000005,False
CON3-0,11,0.0001,True,325.36059,True
CON3-0,12,0.5,False,101.75910000000002,False
CON3-0,12,0.5,True,199.02530000000002,True
CON3-0,12,0.2,False,101.75910000000002,False
CON3-0,12,0.2,True,199.02530000000002,True
CON3-0,12,0.1,False,101.75910000000002,False
CON3-0,12,0.1,True,231.51171999999997,True
CON3-0,12,0.05,False,101.75910000000002,False
CON3-0,12,0.05,True,112.80645999999999,True
CON3-0,12,0.02,False,101.75910000000002,False
CON3-0,12,0.02,True,273.66238,True
CON3-0,12,0.005,False,101.75910000000002,False
CON3-0,12,0.005,True,125.63344000000004,True
CON3-0,12,0.001,False,101.75910000000002,False
CON3-0,12,0.001,True,121.80291,True
CON3-0,12,0.0001,False,101.75910000000002,False
CON3-0,12,0.0001,True,121.63504,True
CON3-0,13,0.5,False,61.7591,False
CON3-0,13,0.5,True,237.85867,True
CON3-0,13,0.2,False,61.7591,False
CON3-0,13,0.2,True,154.72647000000003,True
CON3-0,13,0.1,False,61.7591,False
CON3-0,13,0.1,True,193.92282,True
CON3-0,13,0.05,False,61.7591,False
CON3-0,13,0.05,True,193.92282,True
CON3-0,13,0.02,False,61.7591,False
CON3-0,13,0.02,True,155.89221999999998,True
CON3-0,13,0.005,False,61.7591,False
CON3-0,13,0.005,True,158.33202999999997,True
CON3-0,13,0.001,False,61.7591,False
CON3-0,13,0.001,True,163.66394999999997,True
CON3-0,13,0.0001,False,61.7591,False
CON3-0,13,0.0001,True,119.79692,True
CON3-0,14,0.5,False,101.75910000000002,False
CON3-0,14,0.5,True,270.00040000000007,True
CON3-0,14,0.2,False,101.75910000000002,False
CON3-0,14,0.2,True,226.57048999999998,True
CON3-0,14,0.1,False,101.75910000000002,False
CON3-0,14,0.1,True,310.7279500000001,True
CON3-0,14,0.05,False,101.75910000000002,False
CON3-0,14,0.05,True,351.12318000000005,True
CON3-0,14,0.02,False,101.75910000000002,False
CON3-0,14,0.02,True,360.53954,True
CON3-0,14,0.005,False,101.75910000000002,False
CON3-0,14,0.005,True,361.0563399999999,True
CON3-0,14,0.001,False,101.75910000000002,False
CON3-0,14,0.001,True,361.0563399999999,True
CON3-0,14,0.0001,False,101.75910000000002,False
CON3-0,14,0.0001,True,119.31954999999999,True
CON3-1,0,0.5,False,55.44686,False
CON3-1,0,0.5,True,270.29879,True
CON3-1,0,0.2,False,55.44686,False
CON3-1,0,0.2,True,196.12732,True
CON3-1,0,0.1,False,55.44686,False
CON3-1,0,0.1,True,197.22598999999994,True
CON3-1,0,0.05,False,55.44686,False
CON3-1,0,0.05,True,190.57317,True
CON3-1,0,0.02,False,55.44686,False
CON3-1,0,0.02,True,190.57317,True
CON3-1,0,0.005,False,55.44686,False
CON3-1,0,0.005,True,190.84604000000002,True
CON3-1,0,0.001,False,55.44686,False
CON3-1,0,0.001,True,190.84604000000002,True
CON3-1,0,0.0001,False,55.44686,False
CON3-1,0,0.0001,True,191.18142000000003,True
CON3-1,1,0.5,False,135.44686000000004,False
CON3-1,1,0.5,True,98.41152000000001,True
CON3-1,1,0.2,False,135.44686000000004,False
CON3-1,1,0.2,True,139.7408,True
CON3-1,1,0.1,False,135.44686000000004,False
CON3-1,1,0.1,True,181.58567,True
CON3-1,1,0.05,False,135.44686000000004,False
CON3-1,1,0.05,True,181.58567,True
CON3-1,1,0.02,False,135.44686000000004,False
CON3-1,1,0.02,True,111.49956999999999,True
CON3-1,1,0.005,False,135.44686000000004,False
CON3-1,1,0.005,True,58.96433,True
CON3-1,1,0.001,False,135.44686000000004,False
CON3-1,1,0.001,True,59.016549999999995,True
CON3-1,1,0.0001,False,135.44686000000004,False
CON3-1,1,0.0001,True,655.44686,False
CON3-1,2,0.5,False,55.44686,False
CON3-1,2,0.5,True,261.11508000000003,True
CON3-1,2,0.2,False,55.44686,False
CON3-1,2,0.2,True,222.08765000000002,True
CON3-1,2,0.1,False,55.44686,False
CON3-1,2,0.1,True,222.08765000000002,True
CON3-1,2,0.05,False,55.44686,False
CON3-1,2,0.05,True,151.33347,True
CON3-1,2,0.02,False,55.44686,False
CON3-1,2,0.02,True,151.33347,True
CON3-1,2,0.005,False,55.44686,False
CON3-1,2,0.005,True,151.33346999999998,True
CON3-1,2,0.001,False,55.44686,False
CON3-1,2,0.001,True,199.4481,True
CON3-1,2,0.0001,False,55.44686,False
CON3-1,2,0.0001,True,72.47182999999998,True
CON3-1,3,0.5,False,175.44686000000004,False
CON3-1,3,0.5,True,341.98877999999996,True
CON3-1,3,0.2,False,175.44686000000004,False
CON3-1,3,0.2,True,341.98877999999996,True
CON3-1,3,0.1,False,175.44686000000004,False
CON3-1,3,0.1,True,309.89135999999996,True
CON3-1,3,0.05,False,175.44686000000004,False
CON3-1,3,0.05,True,161.49815999999998,True
CON3-1,3,0.02,False,175.44686000000004,False
CON3-1,3,0.02,True,161.49815999999998,True
CON3-1,3,0.005,False,175.44686000000004,False
CON3-1,3,0.005,True,163.18798,True
CON3-1,3,0.001,False,175.44686000000004,False
CON3-1,3,0.001,True,120.74241000000002,True
CON3-1,3,0.0001,False,175.44686000000004,False
CON3-1,3,0.0001,True,104.54881999999998,True
CON3-1,4,0.5,False,215.44686000000002,False
CON3-1,4,0.5,True,62.50568,True
CON3-1,4,0.2,False,215.44686000000002,False
CON3-1,4,0.2,True,57.913399999999996,True
CON3-1,4,0.1,False,215.44686000000002,False
CON3-1,4,0.1,True,57.913399999999996,True
CON3-1,4,0.05,False,215.44686000000002,False
CON3-1,4,0.05,True,55.446859999999994,True
CON3-1,4,0.02,False,215.44686000000002,False
CON3-1,4,0.02,True,415.44686,False
CON3-1,4,0.005,False,215.44686000000002,False
CON3-1,4,0.005,True,415.44686,False
CON3-1,4,0.001,False,215.44686000000002,False
CON3-1,4,0.001,True,415.44686,False
CON3-1,4,0.0001,False,215.44686000000002,False
CON3-1,4,0.0001,True,415.44686,False
CON3-1,5,0.5,False,135.44686000000002,False
CON3-1,5,0.5,True,201.02215000000007,True
CON3-1,5,0.2,False,135.44686000000002,False
CON3-1,5,0.2,True,117.36177,True
CON3-1,5,0.1,False,135.44686000000002,False
CON3-1,5,0.1,True,153.76255999999998,True
CON3-1,5,0.05,False,135.44686000000002,False
CON3-1,5,0.05,True,153.76255999999998,True
CON3-1,5,0.02,False,135.44686000000002,False
CON3-1,5,0.02,True,153.76255999999998,True
CON3-1,5,0.005,False,135.44686000000002,False
CON3-1,5,0.005,True,114.03152,True
CON3-1,5,0.001,False,135.44686000000002,False
CON3-1,5,0.001,True,65.48887999999998,True
CON3-1,5,0.0001,False,135.44686000000002,False
CON3-1,5,0.0001,True,69.76379,True
CON3-1,6,0.5,False,295.44686,False
CON3-1,6,0.5,True,201.72592999999995,True
CON3-1,6,0.2,False,295.44686,False
CON3-1,6,0.2,True,193.14149999999998,True
CON3-1,6,0.1,False,295.44686,False
CON3-1,6,0.1,True,114.93233999999998,True
CON3-1,6,0.05,False,295.44686,False
CON3-1,6,0.05,True,114.93233999999998,True
CON3-1,6,0.02,False,295.44686,False
CON3-1,6,0.02,True,106.07054999999998,True
CON3-1,6,0.005,False,295.44686,False
CON3-1,6,0.005,True,68.19104,True
CON3-1,6,0.001,False,295.44686,False
CON3-1,6,0.001,True,68.19104,True
CON3-1,6,0.0001,False,295.44686,False
CON3-1,6,0.0001,True,575.44686,False
CON3-1,7,0.5,False,135.44686000000002,False
CON3-1,7,0.5,True,220.77863000000005,True
CON3-1,7,0.2,False,135.44686000000002,False
CON3-1,7,0.2,True,191.33346999999998,True
CON3-1,7,0.1,False,135.44686000000002,False
CON3-1,7,0.1,True,148.98310999999998,True
CON3-1,7,0.05,False,135.44686000000002,False
CON3-1,7,0.05,True,148.98310999999998,True
CON3-1,7,0.02,False,135.44686000000002,False
CON3-1,7,0.02,True,151.1174,True
CON3-1,7,0.005,False,135.44686000000002,False
CON3-1,7,0.005,True,151.27901000000003,True
CON3-1,7,0.001,False,135.44686000000002,False
CON3-1,7,0.001,True,108.90187,True
CON3-1,7,0.0001,False,135.44686000000002,False
CON3-1,7,0.0001,True,105.10503,True
CON3-1,8,0.5,False,255.44686000000007,False
CON3-1,8,0.5,True,151.18142,True
CON3-1,8,0.2,False,255.44686000000007,False
CON3-1,8,0.2,True,111.27901,True
CON3-1,8,0.1,False,255.44686000000007,False
CON3-1,8,0.1,True,111.27901,True
CON3-1,8,0.05,False,255.44686000000007,False
CON3-1,8,0.05,True,111.27901,True
CON3-1,8,0.02,False,255.44686000000007,False
CON3-1,8,0.02,True,111.27901,True
CON3-1,8,0.005,False,255.44686000000007,False
CON3-1,8,0.005,True,106.45309999999999,True
CON3-1,8,0.001,False,255.44686000000007,False
CON3-1,8,0.001,True,98.9608,True
CON3-1,8,0.0001,False,255.44686000000007,False
CON3-1,8,0.0001,True,575.44686,False
CON3-1,9,0.5,False,335.4468599999999,False
CON3-1,9,0.5,True,301.70409,True
CON3-1,9,0.2,False,335.4468599999999,False
CON3-1,9,0.2,True,190.23170000000002,True
CON3-1,9,0.1,False,335.4468599999999,False
CON3-1,9,0.1,True,230.60587000000007,True
CON3-1,9,0.05,False,335.4468599999999,False
CON3-1,9,0.05,True,151.27901,True
CON3-1,9,0.02,False,335.4468599999999,False
CON3-1,9,0.02,True,151.27901,True
CON3-1,9,0.005,False,335.4468599999999,False
CON3-1,9,0.005,True,144.34848999999997,True
CON3-1,9,0.001,False,335.4468599999999,False
CON3-1,9,0.001,True,103.92241000000001,True
CON3-1,9,0.0001,False,335.4468599999999,False
CON3-1,9,0.0001,True,105.09213,True
CON3-1,10,0.5,False,135.44686000000002,False
CON3-1,10,0.5,True,178.41152000000002,True
CON3-1,10,0.2,False,135.44686000000002,False
CON3-1,10,0.2,True,178.41152000000002,True
CON3-1,10,0.1,False,135.44686000000002,False
CON3-1,10,0.1,True,220.29844000000006,True
CON3-1,10,0.05,False,135.44686000000002,False
CON3-1,10,0.05,True,220.29844000000006,True
CON3-1,10,0.02,False,135.44686000000002,False
CON3-1,10,0.02,True,205.59758999999997,True
CON3-1,10,0.005,False,135.44686000000002,False
CON3-1,10,0.005,True,163.56332999999998,True
CON3-1,10,0.001,False,135.44686000000002,False
CON3-1,10,0.001,True,157.52413000000004,True
CON3-1,10,0.0001,False,135.44686000000002,False
CON3-1,10,0.0001,True,71.18142,True
CON3-1,11,0.5,False,95.44686000000003,False
CON3-1,11,0.5,True,223.46033000000003,True
CON3-1,11,0.2,False,95.44686000000003,False
CON3-1,11,0.2,True,223.95243000000002,True
CON3-1,11,0.1,False,95.44686000000003,False
CON3-1,11,0.1,True,181.17194000000003,True
CON3-1,11,0.05,False,95.44686000000003,False
CON3-1,11,0.05,True,157.44666999999998,True
CON3-1,11,0.02,False,95.44686000000003,False
CON3-1,11,0.02,True,115.44432,True
CON3-1,11,0.005,False,95.44686000000003,False
CON3-1,11,0.005,True,111.51417,True
CON3-1,11,0.001,False,95.44686000000003,False
CON3-1,11,0.001,True,104.26872999999999,True
CON3-1,11,0.0001,False,95.44686000000003,False
CON3-1,11,0.0001,True,63.71311,True
CON3-1,12,0.5,False,215.44686000000002,False
CON3-1,12,0.5,True,264.92823999999996,True
CON3-1,12,0.2,False,215.44686000000002,False
CON3-1,12,0.2,True,225.41157,True
CON3-1,12,0.1,False,215.44686000000002,False
CON3-1,12,0.1,True,181.70261,True
CON3-1,12,0.05,False,215.44686000000002,False
CON3-1,12,0.05,True,192.24228,True
CON3-1,12,0.02,False,215.44686000000002,False
CON3-1,12,0.02,True,192.54316999999998,True
CON3-1,12,0.005,False,215.44686000000002,False
CON3-1,12,0.005,True,192.54316999999998,True
CON3-1,12,0.001,False,215.44686000000002,False
CON3-1,12,0.001,True,151.98123999999999,True
CON3-1,12,0.0001,False,215.44686000000002,False
CON3-1,12,0.0001,True,121.07031,True
CON3-1,13,0.5,False,175.44686000000004,False
CON3-1,13,0.5,True,184.01337000000004,True
CON3-1,13,0.2,False,175.44686000000004,False
CON3-1,13,0.2,True,183.46097,True
CON3-1,13,0.1,False,175.44686000000004,False
CON3-1,13,0.1,True,105.79910000000001,True
CON3-1,13,0.05,False,175.44686000000004,False
CON3-1,13,0.05,True,104.744,True
CON3-1,13,0.02,False,175.44686000000004,False
CON3-1,13,0.02,True,104.744,True
CON3-1,13,0.005,False,175.44686000000004,False
CON3-1,13,0.005,True,103.71311,True
CON3-1,13,0.001,False,175.44686000000004,False
CON3-1,13,0.001,True,147.1121,True
CON3-1,13,0.0001,False,175.44686000000004,False
CON3-1,13,0.0001,True,99.01655000000001,True
CON3-1,14,0.5,False,255.44686000000002,False
CON3-1,14,0.5,True,381.70409,True
CON3-1,14,0.2,False,255.44686000000002,False
CON3-1,14,0.2,True,381.70409,True
CON3-1,14,0.1,False,255.44686000000002,False
CON3-1,14,0.1,True,380.06331999999986,True
CON3-1,14,0.05,False,255.44686000000002,False
CON3-1,14,0.05,True,429.01797999999997,True
CON3-1,14,0.02,False,255.44686000000002,False
CON3-1,14,0.02,True,263.0897400000001,True
CON3-1,14,0.005,False,255.44686000000002,False
CON3-1,14,0.005,True,263.0897400000001,True
CON3-1,14,0.001,False,255.44686000000002,False
CON3-1,14,0.001,True,197.19761,True
CON3-1,14,0.0001,False,255.44686000000002,False
CON3-1,14,0.0001,True,149.98630999999997,True
CON3-2,0,0.5,False,92.34610999999995,False
CON3-2,0,0.5,True,97.67745,True
CON3-2,0,0.2,False,92.34610999999995,False
CON3-2,0,0.2,True,177.39017,True
CON3-2,0,0.1,False,92.34610999999995,False
CON3-2,0,0.1,True,219.78099,True
CON3-2,0,0.05,False,92.34610999999995,False
CON3-2,0,0.05,True,179.12949,True
CON3-2,0,0.02,False,92.34610999999995,False
CON3-2,0,0.02,True,180.46182,True
CON3-2,0,0.005,False,92.34610999999995,False
CON3-2,0,0.005,True,141.68269999999998,True
CON3-2,0,0.001,False,92.34610999999995,False
CON3-2,0,0.001,True,99.2202,True
CON3-2,0,0.0001,False,92.34610999999995,False
CON3-2,0,0.0001,True,52.34611,True
CON3-2,1,0.5,False,172.34611000000004,False
CON3-2,1,0.5,True,262.02955000000003,True
CON3-2,1,0.2,False,172.34611000000004,False
CON3-2,1,0.2,True,262.02955000000003,True
CON3-2,1,0.1,False,172.34611000000004,False
CON3-2,1,0.1,True,262.02955000000003,True
CON3-2,1,0.05,False,172.34611000000004,False
CON3-2,1,0.05,True,224.50599,True
CON3-2,1,0.02,False,172.34611000000004,False
CON3-2,1,0.02,True,224.50599,True
CON3-2,1,0.005,False,172.34611000000004,False
CON3-2,1,0.005,True,186.10485000000003,True
CON3-2,1,0.001,False,172.34611000000004,False
CON3-2,1,0.001,True,105.47369999999998,True
CON3-2,1,0.0001,False,172.34611000000004,False
CON3-2,1,0.0001,True,136.17231,True
CON3-2,2,0.5,False,52.346109999999975,False
CON3-2,2,0.5,True,192.81694000000002,True
CON3-2,2,0.2,False,52.346109999999975,False
CON3-2,2,0.2,True,227.81815,True
CON3-2,2,0.1,False,52.346109999999975,False
CON3-2,2,0.1,True,228.21091000000004,True
CON3-2,2,0.05,False,52.346109999999975,False
CON3-2,2,0.05,True,222.62222,True
CON3-2,2,0.02,False,52.346109999999975,False
CON3-2,2,0.02,True,141.32483,True
CON3-2,2,0.005,False,52.346109999999975,False
CON3-2,2,0.005,True,100.53194,True
CON3-2,2,0.001,False,52.346109999999975,False
CON3-2,2,0.001,True,58.780440000000006,True
CON3-2,2,0.0001,False,52.346109999999975,False
CON3-2,2,0.0001,True,59.304120000000005,True
CON3-2,3,0.5,False,92.34610999999995,False
CON3-2,3,0.5,True,137.6784,True
CON3-2,3,0.2,False,92.34610999999995,False
CON3-2,3,0.2,True,137.6784,True
CON3-2,3,0.1,False,92.34610999999995,False
CON3-2,3,0.1,True,142.95928999999998,True
CON3-2,3,0.05,False,92.34610999999995,False
CON3-2,3,0.05,True,142.95928999999998,True
CON3-2,3,0.02,False,92.34610999999995,False
CON3-2,3,0.02,True,142.95928999999998,True
CON3-2,3,0.005,False,92.34610999999995,False
CON3-2,3,0.005,True,140.03268000000003,True
CON3-2,3,0.001,False,92.34610999999995,False
CON3-2,3,0.001,True,98.14398000000001,True
CON3-2,3,0.0001,False,92.34610999999995,False
CON3-2,3,0.0001,True,55.3608,True
CON3-2,4,0.5,False,92.34610999999997,False
CON3-2,4,0.5,True,238.30329000000003,True
CON3-2,4,0.2,False,92.34610999999997,False
CON3-2,4,0.2,True,197.89863000000008,True
CON3-2,4,0.1,False,92.34610999999997,False
CON3-2,4,0.1,True,257.27454000000006,True
CON3-2,4,0.05,False,92.34610999999997,False
CON3-2,4,0.05,True,257.27454000000006,True
CON3-2,4,0.02,False,92.34610999999997,False
CON3-2,4,0.02,True,258.62361,True
CON3-2,4,0.005,False,92.34610999999997,False
CON3-2,4,0.005,True,137.57076999999998,True
CON3-2,4,0.001,False,92.34610999999997,False
CON3-2,4,0.001,True,55.98012999999999,True
CON3-2,4,0.0001,False,92.34610999999997,False
CON3-2,4,0.0001,True,55.98012999999999,True
CON3-2,5,0.5,False,172.34611,False
CON3-2,5,0.5,True,96.42189,True
CON3-2,5,0.2,False,172.34611,False
CON3-2,5,0.2,True,150.58220999999998,True
CON3-2,5,0.1,False,172.34611,False
CON3-2,5,0.1,True,101.25465000000003,True
CON3-2,5,0.05,False,172.34611,False
CON3-2,5,0.05,True,101.25465000000003,True
CON3-2,5,0.02,False,172.34611,False
CON3-2,5,0.02,True,105.73963,True
CON3-2,5,0.005,False,172.34611,False
CON3-2,5,0.005,True,66.94964,True
CON3-2,5,0.001,False,172.34611,False
CON3-2,5,0.001,True,99.72657000000001,True
CON3-2,5,0.0001,False,172.34611,False
CON3-2,5,0.0001,True,138.30711,True
CON3-2,6,0.5,False,52.346109999999975,False
CON3-2,6,0.5,True,299.06105,True
CON3-2,6,0.2,False,52.346109999999975,False
CON3-2,6,0.2,True,299.06105,True
CON3-2,6,0.1,False,52.346109999999975,False
CON3-2,6,0.1,True,223.86175999999995,True
CON3-2,6,0.05,False,52.346109999999975,False
CON3-2,6,0.05,True,223.86175999999995,True
CON3-2,6,0.02,False,52.346109999999975,False
CON3-2,6,0.02,True,223.86175999999995,True
CON3-2,6,0.005,False,52.346109999999975,False
CON3-2,6,0.005,True,136.53361999999998,True
CON3-2,6,0.001,False,52.346109999999975,False
CON3-2,6,0.001,True,137.33955999999998,True
CON3-2,6,0.0001,False,52.346109999999975,False
CON3-2,6,0.0001,True,65.50709999999998,True
CON3-2,7,0.5,False,92.34610999999998,False
CON3-2,7,0.5,True,96.89775,True
CON3-2,7,0.2,False,92.34610999999998,False
CON3-2,7,0.2,True,98.18695999999998,True
CON3-2,7,0.1,False,92.34610999999998,False
CON3-2,7,0.1,True,98.18695999999998,True
CON3-2,7,0.05,False,92.34610999999998,False
CON3-2,7,0.05,True,104.50864,True
CON3-2,7,0.02,False,92.34610999999998,False
CON3-2,7,0.02,True,104.50864,True
CON3-2,7,0.005,False,92.34610999999998,False
CON3-2,7,0.005,True,105.26558999999999,True
CON3-2,7,0.001,False,92.34610999999998,False
CON3-2,7,0.001,True,65.07047999999999,True
CON3-2,7,0.0001,False,92.34610999999998,False
CON3-2,7,0.0001,True,99.65453,True
CON3-2,8,0.5,False,132.34610999999998,False
CON3-2,8,0.5,True,256.47238,True
CON3-2,8,0.2,False,132.34610999999998,False
CON3-2,8,0.2,True,178.16053,True
CON3-2,8,0.1,False,132.34610999999998,False
CON3-2,8,0.1,True,178.16053,True
CON3-2,8,0.05,False,132.34610999999998,False
CON3-2,8,0.05,True,180.95934999999997,True
CON3-2,8,0.02,False,132.34610999999998,False
CON3-2,8,0.02,True,180.27637,True
CON3-2,8,0.005,False,132.34610999999998,False
CON3-2,8,0.005,True,138.58998,True
CON3-2,8,0.001,False,132.34610999999998,False
CON3-2,8,0.001,True,142.11525,True
CON3-2,8,0.0001,False,132.34610999999998,False
CON3-2,8,0.0001,True,137.68383,True
CON3-2,9,0.5,False,132.34610999999998,False
CON3-2,9,0.5,True,138.44918000000004,True
CON3-2,9,0.2,False,132.34610999999998,False
CON3-2,9,0.2,True,96.69499999999998,True
CON3-2,9,0.1,False,132.34610999999998,False
CON3-2,9,0.1,True,97.30187999999995,True
CON3-2,9,0.05,False,132.34610999999998,False
CON3-2,9,0.05,True,67.27373,True
CON3-2,9,0.02,False,132.34610999999998,False
CON3-2,9,0.02,True,67.64387,True
CON3-2,9,0.005,False,132.34610999999998,False
CON3-2,9,0.005,True,61.265100000000004,True
CON3-2,9,0.001,False,132.34610999999998,False
CON3-2,9,0.001,True,58.126870000000004,True
CON3-2,9,0.0001,False,132.34610999999998,False
CON3-2,9,0.0001,True,53.12444,True
CON3-2,10,0.5,False,172.34611000000004,False
CON3-2,10,0.5,True,60.57439,True
CON3-2,10,0.2,False,172.34611000000004,False
CON3-2,10,0.2,True,62.48555,True
CON3-2,10,0.1,False,172.34611000000004,False
CON3-2,10,0.1,True,62.48555,True
CON3-2,10,0.05,False,172.34611000000004,False
CON3-2,10,0.05,True,59.517570000000006,True
CON3-2,10,0.02,False,172.34611000000004,False
CON3-2,10,0.02,True,59.517570000000006,True
CON3-2,10,0.005,False,172.34611000000004,False
CON3-2,10,0.005,True,412.3461100000001,False
CON3-2,10,0.001,False,172.34611000000004,False
CON3-2,10,0.001,True,412.3461100000001,False
CON3-2,10,0.0001,False,172.34611000000004,False
CON3-2,10,0.0001,True,412.3461100000001,False
CON3-2,11,0.5,False,132.34611,False
CON3-2,11,0.5,True,69.50720999999999,True
CON3-2,11,0.2,False,132.34611,False
CON3-2,11,0.2,True,97.57063,True
CON3-2,11,0.1,False,132.34611,False
CON3-2,11,0.1,True,97.57063,True
CON3-2,11,0.05,False,132.34611,False
CON3-2,11,0.05,True,97.57063,True
CON3-2,11,0.02,False,132.34611,False
CON3-2,11,0.02,True,95.89165,True
CON3-2,11,0.005,False,132.34611,False
CON3-2,11,0.005,True,54.42371000000001,True
CON3-2,11,0.001,False,132.34611,False
CON3-2,11,0.001,True,292.3461100000001,False
CON3-2,11,0.0001,False,132.34611,False
CON3-2,11,0.0001,True,292.3461100000001,False
CON3-2,12,0.5,False,132.34610999999998,False
CON3-2,12,0.5,True,57.39017000000002,True
CON3-2,12,0.2,False,132.34610999999998,False
CON3-2,12,0.2,True,58.044169999999994,True
CON3-2,12,0.1,False,132.34610999999998,False
CON3-2,12,0.1,True,58.044169999999994,True
CON3-2,12,0.05,False,132.34610999999998,False
CON3-2,12,0.05,True,105.44615000000002,True
CON3-2,12,0.02,False,132.34610999999998,False
CON3-2,12,0.02,True,62.22277,True
CON3-2,12,0.005,False,132.34610999999998,False
CON3-2,12,0.005,True,292.34610999999995,False
CON3-2,12,0.001,False,132.34610999999998,False
CON3-2,12,0.001,True,292.34610999999995,False
CON3-2,12,0.0001,False,132.34610999999998,False
CON3-2,12,0.0001,True,292.34610999999995,False
CON3-2,13,0.5,False,94.04354000000001,True
CON3-2,13,0.5,True,218.15777,True
CON3-2,13,0.2,False,252.34611000000004,False
CON3-2,13,0.2,True,218.15777,True
CON3-2,13,0.1,False,252.34611000000004,False
CON3-2,13,0.1,True,214.58483999999996,True
CON3-2,13,0.05,False,252.34611000000004,False
CON3-2,13,0.05,True,214.58483999999996,True
CON3-2,13,0.02,False,252.34611000000004,False
CON3-2,13,0.02,True,215.92771000000002,True
CON3-2,13,0.005,False,252.34611000000004,False
CON3-2,13,0.005,True,136.08583,True
CON3-2,13,0.001,False,252.34611000000004,False
CON3-2,13,0.001,True,95.8331,True
CON3-2,13,0.0001,False,252.34611000000004,False
CON3-2,13,0.0001,True,97.47261,True
CON3-2,14,0.5,False,92.34610999999995,False
CON3-2,14,0.5,True,104.45415999999999,True
CON3-2,14,0.2,False,92.34610999999995,False
CON3-2,14,0.2,True,181.90745,True
CON3-2,14,0.1,False,92.34610999999995,False
CON3-2,14,0.1,True,95.90213,True
CON3-2,14,0.05,False,92.34610999999995,False
CON3-2,14,0.05,True,95.90213,True
CON3-2,14,0.02,False,92.34610999999995,False
CON3-2,14,0.02,True,95.66516000000001,True
CON3-2,14,0.005,False,92.34610999999995,False
CON3-2,14,0.005,True,93.96034,True
CON3-2,14,0.001,False,92.34610999999995,False
CON3-2,14,0.001,True,492.3461100000001,False
CON3-2,14,0.0001,False,92.34610999999995,False
CON3-2,14,0.0001,True,492.3461100000001,False
CON3-3,0,0.5,False,260.76715999999993,False
CON3-3,0,0.5,True,238.82268,True
CON3-3,0,0.2,False,260.76715999999993,False
CON3-3,0,0.2,True,272.73153,True
CON3-3,0,0.1,False,260.76715999999993,False
CON3-3,0,0.1,True,272.73153,True
CON3-3,0,0.05,False,260.76715999999993,False
CON3-3,0,0.05,True,272.73153,True
CON3-3,0,0.02,False,260.76715999999993,False
CON3-3,0,0.02,True,272.73153,True
CON3-3,0,0.005,False,260.76715999999993,False
CON3-3,0,0.005,True,271.65239,True
CON3-3,0,0.001,False,260.76715999999993,False
CON3-3,0,0.001,True,226.81456999999997,True
CON3-3,0,0.0001,False,260.76715999999993,False
CON3-3,0,0.0001,True,234.83124,True
CON3-3,1,0.5,False,140.76716000000002,False
CON3-3,1,0.5,True,346.97623000000004,True
CON3-3,1,0.2,False,140.76716000000002,False
CON3-3,1,0.2,True,346.97623000000004,True
CON3-3,1,0.1,False,140.76716000000002,False
CON3-3,1,0.1,True,350.11886999999996,True
CON3-3,1,0.05,False,140.76716000000002,False
CON3-3,1,0.05,True,350.11886999999996,True
CON3-3,1,0.02,False,140.76716000000002,False
CON3-3,1,0.02,True,355.14793999999995,True
CON3-3,1,0.005,False,140.76716000000002,False
CON3-3,1,0.005,True,318.2840299999999,True
CON3-3,1,0.001,False,140.76716000000002,False
CON3-3,1,0.001,True,312.69623000000007,True
CON3-3,1,0.0001,False,140.76716000000002,False
CON3-3,1,0.0001,True,275.07714,True
CON3-3,2,0.5,False,100.76716,False
CON3-3,2,0.5,True,83.40852000000001,True
CON3-3,2,0.2,False,100.76716,False
CON3-3,2,0.2,True,83.40852000000001,True
CON3-3,2,0.1,False,100.76716,False
CON3-3,2,0.1,True,70.10177999999999,True
CON3-3,2,0.05,False,100.76716,False
CON3-3,2,0.05,True,70.10177999999999,True
CON3-3,2,0.02,False,100.76716,False
CON3-3,2,0.02,True,102.39392999999998,True
CON3-3,2,0.005,False,100.76716,False
CON3-3,2,0.005,True,102.39392999999998,True
CON3-3,2,0.001,False,100.76716,False
CON3-3,2,0.001,True,340.76715999999993,False
CON3-3,2,0.0001,False,100.76716,False
CON3-3,2,0.0001,True,340.76715999999993,False
CON3-3,3,0.5,False,260.76715999999993,False
CON3-3,3,0.5,True,309.1144699999999,True
CON3-3,3,0.2,False,260.76715999999993,False
CON3-3,3,0.2,True,309.8871100000001,True
CON3-3,3,0.1,False,260.76715999999993,False
CON3-3,3,0.1,True,309.8871100000001,True
CON3-3,3,0.05,False,260.76715999999993,False
CON3-3,3,0.05,True,312.34153,True
CON3-3,3,0.02,False,260.76715999999993,False
CON3-3,3,0.02,True,312.34153,True
CON3-3,3,0.005,False,260.76715999999993,False
CON3-3,3,0.005,True,350.1721,True
CON3-3,3,0.001,False,260.76715999999993,False
CON3-3,3,0.001,True,353.78012,True
CON3-3,3,0.0001,False,260.76715999999993,False
CON3-3,3,0.0001,True,277.63649,True
CON3-3,4,0.5,False,140.76715999999996,False
CON3-3,4,0.5,True,348.75027999999986,True
CON3-3,4,0.2,False,140.76715999999996,False
CON3-3,4,0.2,True,390.5026099999999,True
CON3-3,4,0.1,False,140.76715999999996,False
CON3-3,4,0.1,True,274.19606999999996,True
CON3-3,4,0.05,False,140.76715999999996,False
CON3-3,4,0.05,True,388.60249000000005,True
CON3-3,4,0.02,False,140.76715999999996,False
CON3-3,4,0.02,True,344.71330000000006,True
CON3-3,4,0.005,False,140.76715999999996,False
CON3-3,4,0.005,True,308.4996300000001,True
CON3-3,4,0.001,False,140.76715999999996,False
CON3-3,4,0.001,True,232.2817,True
CON3-3,4,0.0001,False,140.76715999999996,False
CON3-3,4,0.0001,True,278.29798000000005,True
CON3-3,5,0.5,False,60.76716000000001,False
CON3-3,5,0.5,True,236.19438000000002,True
CON3-3,5,0.2,False,60.76716000000001,False
CON3-3,5,0.2,True,236.19438000000002,True
CON3-3,5,0.1,False,60.76716000000001,False
CON3-3,5,0.1,True,236.19438000000002,True
CON3-3,5,0.05,False,60.76716000000001,False
CON3-3,5,0.05,True,232.20361999999997,True
CON3-3,5,0.02,False,60.76716000000001,False
CON3-3,5,0.02,True,232.20361999999997,True
CON3-3,5,0.005,False,60.76716000000001,False
CON3-3,5,0.005,True,392.9436199999999,True
CON3-3,5,0.001,False,60.76716000000001,False
CON3-3,5,0.001,True,344.51409000000007,True
CON3-3,5,0.0001,False,60.76716000000001,False
CON3-3,5,0.0001,True,344.51409000000007,True
CON3-3,6,0.5,False,60.76716000000001,False
CON3-3,6,0.5,True,237.23228999999995,True
CON3-3,6,0.2,False,60.76716000000001,False
CON3-3,6,0.2,True,264.92719999999997,True
CON3-3,6,0.1,False,60.76716000000001,False
CON3-3,6,0.1,True,264.92719999999997,True
CON3-3,6,0.05,False,60.76716000000001,False
CON3-3,6,0.05,True,235.84164999999993,True
CON3-3,6,0.02,False,60.76716000000001,False
CON3-3,6,0.02,True,194.50693000000004,True
CON3-3,6,0.005,False,60.76716000000001,False
CON3-3,6,0.005,True,188.1876,True
CON3-3,6,0.001,False,60.76716000000001,False
CON3-3,6,0.001,True,148.19547,True
CON3-3,6,0.0001,False,60.76716000000001,False
CON3-3,6,0.0001,True,149.79745000000003,True
CON3-3,7,0.5,False,220.76716,False
CON3-3,7,0.5,True,203.96602,True
CON3-3,7,0.2,False,220.76716,False
CON3-3,7,0.2,True,311.26118,True
CON3-3,7,0.1,False,220.76716,False
CON3-3,7,0.1,True,311.26118,True
CON3-3,7,0.05,False,220.76716,False
CON3-3,7,0.05,True,277.78974,True
CON3-3,7,0.02,False,220.76716,False
CON3-3,7,0.02,True,269.7874900000001,True
CON3-3,7,0.005,False,220.76716,False
CON3-3,7,0.005,True,269.7874900000001,True
CON3-3,7,0.001,False,220.76716,False
CON3-3,7,0.001,True,228.54156999999998,True
CON3-3,7,0.0001,False,220.76716,False
CON3-3,7,0.0001,True,190.80502,True
CON3-3,8,0.5,False,105.22524000000003,True
CON3-3,8,0.5,True,310.39331000000004,True
CON3-3,8,0.2,False,220.76716000000002,False
CON3-3,8,0.2,True,310.39331000000004,True
CON3-3,8,0.1,False,220.76716000000002,False
CON3-3,8,0.1,True,308.0385,True
CON3-3,8,0.05,False,220.76716000000002,False
CON3-3,8,0.05,True,238.44871000000003,True
CON3-3,8,0.02,False,220.76716000000002,False
CON3-3,8,0.02,True,231.85476000000003,True
CON3-3,8,0.005,False,220.76716000000002,False
CON3-3,8,0.005,True,192.53493000000003,True
CON3-3,8,0.001,False,220.76716000000002,False
CON3-3,8,0.001,True,107.43221000000001,True
CON3-3,8,0.0001,False,220.76716000000002,False
CON3-3,8,0.0001,True,147.19997,True
CON3-3,9,0.5,False,100.76716,False
CON3-3,9,0.5,True,305.84226000000007,True
CON3-3,9,0.2,False,100.76716,False
CON3-3,9,0.2,True,312.2772499999999,True
CON3-3,9,0.1,False,100.76716,False
CON3-3,9,0.1,True,349.5059999999999,True
CON3-3,9,0.05,False,100.76716,False
CON3-3,9,0.05,True,349.5059999999999,True
CON3-3,9,0.02,False,100.76716,False
CON3-3,9,0.02,True,315.17242999999996,True
CON3-3,9,0.005,False,100.76716,False
CON3-3,9,0.005,True,357.91342999999995,True
CON3-3,9,0.001,False,100.76716,False
CON3-3,9,0.001,True,348.60249000000005,True
CON3-3,9,0.0001,False,100.76716,False
CON3-3,9,0.0001,True,307.86222000000004,True
CON3-3,10,0.5,False,100.76716,False
CON3-3,10,0.5,True,269.6483800000001,True
CON3-3,10,0.2,False,100.76716,False
CON3-3,10,0.2,True,230.75494000000006,True
CON3-3,10,0.1,False,100.76716,False
CON3-3,10,0.1,True,229.83546999999996,True
CON3-3,10,0.05,False,100.76716,False
CON3-3,10,0.05,True,103.48521,True
CON3-3,10,0.02,False,100.76716,False
CON3-3,10,0.02,True,108.43544,True
CON3-3,10,0.005,False,100.76716,False
CON3-3,10,0.005,True,103.25865999999999,True
CON3-3,10,0.001,False,100.76716,False
CON3-3,10,0.001,True,60.76716,True
CON3-3,10,0.0001,False,100.76716,False
CON3-3,10,0.0001,True,340.76715999999993,False
CON3-3,11,0.5,False,100.76716,False
CON3-3,11,0.5,True,189.84558,True
CON3-3,11,0.2,False,100.76716,False
CON3-3,11,0.2,True,156.64536999999999,True
CON3-3,11,0.1,False,100.76716,False
CON3-3,11,0.1,True,194.1438499999999,True
CON3-3,11,0.05,False,100.76716,False
CON3-3,11,0.05,True,153.13603,True
CON3-3,11,0.02,False,100.76716,False
CON3-3,11,0.02,True,235.07810000000006,True
CON3-3,11,0.005,False,100.76716,False
CON3-3,11,0.005,True,113.04894000000002,True
CON3-3,11,0.001,False,100.76716,False
CON3-3,11,0.001,True,64.18356999999999,True
CON3-3,11,0.0001,False,100.76716,False
CON3-3,11,0.0001,True,60.755999999999986,True
CON3-3,12,0.5,False,140.76716,False
CON3-3,12,0.5,True,273.99498,True
CON3-3,12,0.2,False,140.76716,False
CON3-3,12,0.2,True,270.31711,True
CON3-3,12,0.1,False,140.76716,False
CON3-3,12,0.1,True,227.14212999999998,True
CON3-3,12,0.05,False,140.76716,False
CON3-3,12,0.05,True,227.77839999999998,True
CON3-3,12,0.02,False,140.76716,False
CON3-3,12,0.02,True,227.77839999999998,True
CON3-3,12,0.005,False,140.76716,False
CON3-3,12,0.005,True,227.26146000000006,True
CON3-3,12,0.001,False,140.76716,False
CON3-3,12,0.001,True,158.06342,True
CON3-3,12,0.0001,False,140.76716,False
CON3-3,12,0.0001,True,67.5564,True
CON3-3,13,0.5,False,220.76715999999996,False
CON3-3,13,0.5,True,237.57632,True
CON3-3,13,0.2,False,220.76715999999996,False
CON3-3,13,0.2,True,273.07826,True
CON3-3,13,0.1,False,220.76715999999996,False
CON3-3,13,0.1,True,189.12036,True
CON3-3,13,0.05,False,220.76715999999996,False
CON3-3,13,0.05,True,113.08697000000001,True
CON3-3,13,0.02,False,220.76715999999996,False
CON3-3,13,0.02,True,112.55133000000002,True
CON3-3,13,0.005,False,220.76715999999996,False
CON3-3,13,0.005,True,420.76715999999993,False
CON3-3,13,0.001,False,220.76715999999996,False
CON3-3,13,0.001,True,420.76715999999993,False
CON3-3,13,0.0001,False,220.76715999999996,False
CON3-3,13,0.0001,True,420.76715999999993,False
CON3-3,14,0.5,False,140.76716,False
CON3-3,14,0.5,True,352.02680000000004,True
CON3-3,14,0.2,False,140.76716,False
CON3-3,14,0.2,True,355.14839,True
CON3-3,14,0.1,False,140.76716,False
CON3-3,14,0.1,True,431.06143000000003,True
CON3-3,14,0.05,False,140.76716,False
CON3-3,14,0.05,True,431.06143000000003,True
CON3-3,14,0.02,False,140.76716,False
CON3-3,14,0.02,True,392.38233,True
CON3-3,14,0.005,False,140.76716,False
CON3-3,14,0.005,True,354.49150000000003,True
CON3-3,14,0.001,False,140.76716,False
CON3-3,14,0.001,True,392.38872,True
CON3-3,14,0.0001,False,140.76716,False
CON3-3,14,0.0001,True,307.85617,True
CON3-4,0,0.5,False,179.97288,False
CON3-4,0,0.5,True,246.60912000000002,True
CON3-4,0,0.2,False,179.97288,False
CON3-4,0,0.2,True,158.88975,True
CON3-4,0,0.1,False,179.97288,False
CON3-4,0,0.1,True,155.38915000000003,True
CON3-4,0,0.05,False,179.97288,False
CON3-4,0,0.05,True,113.13365000000002,True
CON3-4,0,0.02,False,179.97288,False
CON3-4,0,0.02,True,160.62190999999999,True
CON3-4,0,0.005,False,179.97288,False
CON3-4,0,0.005,True,108.17275000000002,True
CON3-4,0,0.001,False,179.97288,False
CON3-4,0,0.001,True,106.73192000000003,True
CON3-4,0,0.0001,False,179.97288,False
CON3-4,0,0.0001,True,105.47101,True
CON3-4,1,0.5,False,179.97288,False
CON3-4,1,0.5,True,108.48268,True
CON3-4,1,0.2,False,179.97288,False
CON3-4,1,0.2,True,65.55611999999999,True
CON3-4,1,0.1,False,179.97288,False
CON3-4,1,0.1,True,65.55611999999999,True
CON3-4,1,0.05,False,179.97288,False
CON3-4,1,0.05,True,106.08208000000002,True
CON3-4,1,0.02,False,179.97288,False
CON3-4,1,0.02,True,106.08208000000002,True
CON3-4,1,0.005,False,179.97288,False
CON3-4,1,0.005,True,106.08208000000002,True
CON3-4,1,0.001,False,179.97288,False
CON3-4,1,0.001,True,70.94587,True
CON3-4,1,0.0001,False,179.97288,False
CON3-4,1,0.0001,True,499.97288000000003,False
CON3-4,2,0.5,False,259.9728799999999,False
CON3-4,2,0.5,True,199.16489,True
CON3-4,2,0.2,False,259.9728799999999,False
CON3-4,2,0.2,True,199.16489,True
CON3-4,2,0.1,False,259.9728799999999,False
CON3-4,2,0.1,True,250.74157999999994,True
CON3-4,2,0.05,False,259.9728799999999,False
CON3-4,2,0.05,True,152.00817,True
CON3-4,2,0.02,False,259.9728799999999,False
CON3-4,2,0.02,True,106.73192,True
CON3-4,2,0.005,False,259.9728799999999,False
CON3-4,2,0.005,True,107.13737,True
CON3-4,2,0.001,False,259.9728799999999,False
CON3-4,2,0.001,True,147.82127000000003,True
CON3-4,2,0.0001,False,259.9728799999999,False
CON3-4,2,0.0001,True,150.84282000000002,True
CON3-4,3,0.5,False,179.97288,False
CON3-4,3,0.5,True,104.51718000000001,True
CON3-4,3,0.2,False,179.97288,False
CON3-4,3,0.2,True,104.51718000000001,True
CON3-4,3,0.1,False,179.97288,False
CON3-4,3,0.1,True,108.72096,True
CON3-4,3,0.05,False,179.97288,False
CON3-4,3,0.05,True,71.28379,True
CON3-4,3,0.02,False,179.97288,False
CON3-4,3,0.02,True,151.23080000000002,True
CON3-4,3,0.005,False,179.97288,False
CON3-4,3,0.005,True,150.79298,True
CON3-4,3,0.001,False,179.97288,False
CON3-4,3,0.001,True,68.19422,True
CON3-4,3,0.0001,False,179.97288,False
CON3-4,3,0.0001,True,66.69774000000001,True
CON3-4,4,0.5,False,139.97288000000006,False
CON3-4,4,0.5,True,229.88081000000003,True
CON3-4,4,0.2,False,139.97288000000006,False
CON3-4,4,0.2,True,142.14341000000005,True
CON3-4,4,0.1,False,139.97288000000006,False
CON3-4,4,0.1,True,161.03298,True
CON3-4,4,0.05,False,139.97288000000006,False
CON3-4,4,0.05,True,200.69419999999997,True
CON3-4,4,0.02,False,139.97288000000006,False
CON3-4,4,0.02,True,151.52139000000003,True
CON3-4,4,0.005,False,139.97288000000006,False
CON3-4,4,0.005,True,183.81221999999997,True
CON3-4,4,0.001,False,139.97288000000006,False
CON3-4,4,0.001,True,143.81222,True
CON3-4,4,0.0001,False,139.97288000000006,False
CON3-4,4,0.0001,True,66.69774,True
CON3-4,5,0.5,False,184.38473,True
CON3-4,5,0.5,True,153.0858,True
CON3-4,5,0.2,False,219.97288,False
CON3-4,5,0.2,True,119.46963999999997,True
CON3-4,5,0.1,False,219.97288,False
CON3-4,5,0.1,True,118.37749999999997,True
CON3-4,5,0.05,False,219.97288,False
CON3-4,5,0.05,True,118.37749999999997,True
CON3-4,5,0.02,False,219.97288,False
CON3-4,5,0.02,True,84.08690999999997,True
CON3-4,5,0.005,False,219.97288,False
CON3-4,5,0.005,True,122.37885999999997,True
CON3-4,5,0.001,False,219.97288,False
CON3-4,5,0.001,True,109.66740000000001,True
CON3-4,5,0.0001,False,219.97288,False
CON3-4,5,0.0001,True,539.97288,False
CON3-4,6,0.5,False,179.97288,False
CON3-4,6,0.5,True,228.80959000000007,True
CON3-4,6,0.2,False,179.97288,False
CON3-4,6,0.2,True,259.88442,True
CON3-4,6,0.1,False,179.97288,False
CON3-4,6,0.1,True,261.50962,True
CON3-4,6,0.05,False,179.97288,False
CON3-4,6,0.05,True,261.50962,True
CON3-4,6,0.02,False,179.97288,False
CON3-4,6,0.02,True,267.01066,True
CON3-4,6,0.005,False,179.97288,False
CON3-4,6,0.005,True,112.34930000000003,True
CON3-4,6,0.001,False,179.97288,False
CON3-4,6,0.001,True,151.21524000000002,True
CON3-4,6,0.0001,False,179.97288,False
CON3-4,6,0.0001,True,146.69773999999998,True
CON3-4,7,0.5,False,259.97288,False
CON3-4,7,0.5,True,120.11274,True
CON3-4,7,0.2,False,259.97288,False
CON3-4,7,0.2,True,109.85455999999999,True
CON3-4,7,0.1,False,259.97288,False
CON3-4,7,0.1,True,109.85455999999999,True
CON3-4,7,0.05,False,259.97288,False
CON3-4,7,0.05,True,109.85455999999999,True
CON3-4,7,0.02,False,259.97288,False
CON3-4,7,0.02,True,114.66118999999999,True
CON3-4,7,0.005,False,259.97288,False
CON3-4,7,0.005,True,72.14623000000002,True
CON3-4,7,0.001,False,259.97288,False
CON3-4,7,0.001,True,149.17667000000003,True
CON3-4,7,0.0001,False,259.97288,False
CON3-4,7,0.0001,True,63.484190000000005,True
CON3-4,8,0.5,False,99.97288,False
CON3-4,8,0.5,True,163.46752999999998,True
CON3-4,8,0.2,False,99.97288,False
CON3-4,8,0.2,True,107.33453999999999,True
CON3-4,8,0.1,False,99.97288,False
CON3-4,8,0.1,True,114.18891,True
CON3-4,8,0.05,False,99.97288,False
CON3-4,8,0.05,True,72.36158,True
CON3-4,8,0.02,False,99.97288,False
CON3-4,8,0.02,True,72.36158,True
CON3-4,8,0.005,False,99.97288,False
CON3-4,8,0.005,True,65.47101,True
CON3-4,8,0.001,False,99.97288,False
CON3-4,8,0.001,True,65.47100999999999,True
CON3-4,8,0.0001,False,99.97288,False
CON3-4,8,0.0001,True,60.054280000000006,True
CON3-4,9,0.5,False,139.97288000000003,False
CON3-4,9,0.5,True,69.54731,True
CON3-4,9,0.2,False,139.97288000000003,False
CON3-4,9,0.2,True,69.64238,True
CON3-4,9,0.1,False,139.97288000000003,False
CON3-4,9,0.1,True,69.64238,True
CON3-4,9,0.05,False,139.97288000000003,False
CON3-4,9,0.05,True,70.75619000000002,True
CON3-4,9,0.02,False,139.97288000000003,False
CON3-4,9,0.02,True,106.27193000000001,True
CON3-4,9,0.005,False,139.97288000000003,False
CON3-4,9,0.005,True,105.53368,True
CON3-4,9,0.001,False,139.97288000000003,False
CON3-4,9,0.001,True,70.46429,True
CON3-4,9,0.0001,False,139.97288000000003,False
CON3-4,9,0.0001,True,66.69774000000001,True
CON3-4,10,0.5,False,419.9728799999999,False
CON3-4,10,0.5,True,190.88508000000002,True
CON3-4,10,0.2,False,419.9728799999999,False
CON3-4,10,0.2,True,152.76269,True
CON3-4,10,0.1,False,419.9728799999999,False
CON3-4,10,0.1,True,152.76269,True
CON3-4,10,0.05,False,419.9728799999999,False
CON3-4,10,0.05,True,107.0335,True
CON3-4,10,0.02,False,419.9728799999999,False
CON3-4,10,0.02,True,107.0335,True
CON3-4,10,0.005,False,419.9728799999999,False
CON3-4,10,0.005,True,151.94840000000002,True
CON3-4,10,0.001,False,419.9728799999999,False
CON3-4,10,0.001,True,151.42105,True
CON3-4,10,0.0001,False,419.9728799999999,False
CON3-4,10,0.0001,True,184.34822000000003,True
CON3-4,11,0.5,False,179.97288000000006,False
CON3-4,11,0.5,True,165.02982,True
CON3-4,11,0.2,False,179.97288000000006,False
CON3-4,11,0.2,True,168.85093,True
CON3-4,11,0.1,False,179.97288000000006,False
CON3-4,11,0.1,True,119.10462000000004,True
CON3-4,11,0.05,False,179.97288000000006,False
CON3-4,11,0.05,True,149.33711000000002,True
CON3-4,11,0.02,False,179.97288000000006,False
CON3-4,11,0.02,True,146.96574999999999,True
CON3-4,11,0.005,False,179.97288000000006,False
CON3-4,11,0.005,True,141.98065,True
CON3-4,11,0.001,False,179.97288000000006,False
CON3-4,11,0.001,True,104.79632000000001,True
CON3-4,11,0.0001,False,179.97288000000006,False
CON3-4,11,0.0001,True,106.7216,True
CON3-4,12,0.5,False,139.97288000000003,False
CON3-4,12,0.5,True,267.78630999999996,True
CON3-4,12,0.2,False,139.97288000000003,False
CON3-4,12,0.2,True,267.78630999999996,True
CON3-4,12,0.1,False,139.97288000000003,False
CON3-4,12,0.1,True,267.78630999999996,True
CON3-4,12,0.05,False,139.97288000000003,False
CON3-4,12,0.05,True,267.02464,True
CON3-4,12,0.02,False,139.97288000000003,False
CON3-4,12,0.02,True,267.02464,True
CON3-4,12,0.005,False,139.97288000000003,False
CON3-4,12,0.005,True,244.39800999999997,True
CON3-4,12,0.001,False,139.97288000000003,False
CON3-4,12,0.001,True,148.10205999999997,True
CON3-4,12,0.0001,False,139.97288000000003,False
CON3-4,12,0.0001,True,148.10205999999997,True
CON3-4,13,0.5,False,139.97288,False
CON3-4,13,0.5,True,207.51202,True
CON3-4,13,0.2,False,139.97288,False
CON3-4,13,0.2,True,106.25702000000001,True
CON3-4,13,0.1,False,139.97288,False
CON3-4,13,0.1,True,109.54731,True
CON3-4,13,0.05,False,139.97288,False
CON3-4,13,0.05,True,68.46346,True
CON3-4,13,0.02,False,139.97288,False
CON3-4,13,0.02,True,103.36576,True
CON3-4,13,0.005,False,139.97288,False
CON3-4,13,0.005,True,108.86940999999999,True
CON3-4,13,0.001,False,139.97288,False
CON3-4,13,0.001,True,145.49734,True
CON3-4,13,0.0001,False,139.97288,False
CON3-4,13,0.0001,True,100.05428,True
CON3-4,14,0.5,False,139.97288000000003,False
CON3-4,14,0.5,True,157.01727,True
CON3-4,14,0.2,False,139.97288000000003,False
CON3-4,14,0.2,True,115.25853000000002,True
CON3-4,14,0.1,False,139.97288000000003,False
CON3-4,14,0.1,True,73.30512,True
CON3-4,14,0.05,False,139.97288000000003,False
CON3-4,14,0.05,True,73.30512,True
CON3-4,14,0.02,False,139.97288000000003,False
CON3-4,14,0.02,True,73.30512000000002,True
CON3-4,14,0.005,False,139.97288000000003,False
CON3-4,14,0.005,True,72.79446000000002,True
CON3-4,14,0.001,False,139.97288000000003,False
CON3-4,14,0.001,True,108.6788,True
CON3-4,14,0.0001,False,139.97288000000003,False
CON3-4,14,0.0001,True,110.46428999999999,True
CON3-5,0,0.5,False,179.38442000000003,False
CON3-5,0,0.5,True,238.34158000000002,True
CON3-5,0,0.2,False,179.38442000000003,False
CON3-5,0,0.2,True,238.34158000000002,True
CON3-5,0,0.1,False,179.38442000000003,False
CON3-5,0,0.1,True,238.34158000000002,True
CON3-5,0,0.05,False,179.38442000000003,False
CON3-5,0,0.05,True,238.68217999999996,True
CON3-5,0,0.02,False,179.38442000000003,False
CON3-5,0,0.02,True,194.76521,True
CON3-5,0,0.005,False,179.38442000000003,False
CON3-5,0,0.005,True,149.03411,True
CON3-5,0,0.001,False,179.38442000000003,False
CON3-5,0,0.001,True,64.32534000000001,True
CON3-5,0,0.0001,False,179.38442000000003,False
CON3-5,0,0.0001,True,109.82564000000005,True
CON3-5,1,0.5,False,99.38441999999999,False
CON3-5,1,0.5,True,113.23726000000002,True
CON3-5,1,0.2,False,99.38441999999999,False
CON3-5,1,0.2,True,64.71302000000001,True
CON3-5,1,0.1,False,99.38441999999999,False
CON3-5,1,0.1,True,64.71302000000001,True
CON3-5,1,0.05,False,99.38441999999999,False
CON3-5,1,0.05,True,100.34192000000002,True
CON3-5,1,0.02,False,99.38441999999999,False
CON3-5,1,0.02,True,104.14041,True
CON3-5,1,0.005,False,99.38441999999999,False
CON3-5,1,0.005,True,104.14041,True
CON3-5,1,0.001,False,99.38441999999999,False
CON3-5,1,0.001,True,379.38442,False
CON3-5,1,0.0001,False,99.38441999999999,False
CON3-5,1,0.0001,True,379.38442,False
CON3-5,2,0.5,False,59.38442,False
CON3-5,2,0.5,True,154.17043,True
CON3-5,2,0.2,False,59.38442,False
CON3-5,2,0.2,True,154.17043,True
CON3-5,2,0.1,False,59.38442,False
CON3-5,2,0.1,True,202.21027,True
CON3-5,2,0.05,False,59.38442,False
CON3-5,2,0.05,True,66.29495000000001,True
CON3-5,2,0.02,False,59.38442,False
CON3-5,2,0.02,True,108.99284000000003,True
CON3-5,2,0.005,False,59.38442,False
CON3-5,2,0.005,True,68.03536,True
CON3-5,2,0.001,False,59.38442,False
CON3-5,2,0.001,True,64.84449000000001,True
CON3-5,2,0.0001,False,59.38442,False
CON3-5,2,0.0001,True,65.58185000000002,True
CON3-5,3,0.5,False,299.38442000000003,False
CON3-5,3,0.5,True,108.74863,True
CON3-5,3,0.2,False,299.38442000000003,False
CON3-5,3,0.2,True,158.41276,True
CON3-5,3,0.1,False,299.38442000000003,False
CON3-5,3,0.1,True,105.91554000000001,True
CON3-5,3,0.05,False,299.38442000000003,False
CON3-5,3,0.05,True,109.46965,True
CON3-5,3,0.02,False,299.38442000000003,False
CON3-5,3,0.02,True,67.96045000000001,True
CON3-5,3,0.005,False,299.38442000000003,False
CON3-5,3,0.005,True,108.16145,True
CON3-5,3,0.001,False,299.38442000000003,False
CON3-5,3,0.001,True,104.56320000000001,True
CON3-5,3,0.0001,False,299.38442000000003,False
CON3-5,3,0.0001,True,64.56320000000002,True
CON3-5,4,0.5,False,99.38441999999999,False
CON3-5,4,0.5,True,189.49544000000003,True
CON3-5,4,0.2,False,99.38441999999999,False
CON3-5,4,0.2,True,189.49544000000003,True
CON3-5,4,0.1,False,99.38441999999999,False
CON3-5,4,0.1,True,189.49544000000003,True
CON3-5,4,0.05,False,99.38441999999999,False
CON3-5,4,0.05,True,189.49544000000003,True
CON3-5,4,0.02,False,99.38441999999999,False
CON3-5,4,0.02,True,189.49544000000003,True
CON3-5,4,0.005,False,99.38441999999999,False
CON3-5,4,0.005,True,112.51402000000004,True
CON3-5,4,0.001,False,99.38441999999999,False
CON3-5,4,0.001,True,69.52499,True
CON3-5,4,0.0001,False,99.38441999999999,False
CON3-5,4,0.0001,True,108.03536,True
CON3-5,5,0.5,False,146.55337999999998,True
CON3-5,5,0.5,True,154.54635000000002,True
CON3-5,5,0.2,False,142.33326,True
CON3-5,5,0.2,True,156.38008000000002,True
CON3-5,5,0.1,False,103.10682000000001,True
CON3-5,5,0.1,True,156.38008000000002,True
CON3-5,5,0.05,False,102.76517,True
CON3-5,5,0.05,True,105.05719000000002,True
CON3-5,5,0.02,False,259.38442,False
CON3-5,5,0.02,True,105.05719000000002,True
CON3-5,5,0.005,False,259.38442,False
CON3-5,5,0.005,True,104.16085000000002,True
CON3-5,5,0.001,False,259.38442,False
CON3-5,5,0.001,True,104.03865000000002,True
CON3-5,5,0.0001,False,259.38442,False
CON3-5,5,0.0001,True,108.49854000000002,True
CON3-5,6,0.5,False,99.38442000000002,False
CON3-5,6,0.5,True,108.22406000000005,True
CON3-5,6,0.2,False,99.38442000000002,False
CON3-5,6,0.2,True,114.81873000000003,True
CON3-5,6,0.1,False,99.38442000000002,False
CON3-5,6,0.1,True,114.81873000000003,True
CON3-5,6,0.05,False,99.38442000000002,False
CON3-5,6,0.05,True,118.59354000000002,True
CON3-5,6,0.02,False,99.38442000000002,False
CON3-5,6,0.02,True,81.29480000000001,True
CON3-5,6,0.005,False,99.38442000000002,False
CON3-5,6,0.005,True,68.74862999999999,True
CON3-5,6,0.001,False,99.38442000000002,False
CON3-5,6,0.001,True,379.38442,False
CON3-5,6,0.0001,False,99.38442000000002,False
CON3-5,6,0.0001,True,379.38442,False
CON3-5,7,0.5,False,147.79103,True
CON3-5,7,0.5,True,110.38553000000003,True
CON3-5,7,0.2,False,259.38442,False
CON3-5,7,0.2,True,145.63165,True
CON3-5,7,0.1,False,259.38442,False
CON3-5,7,0.1,True,145.63165,True
CON3-5,7,0.05,False,259.38442,False
CON3-5,7,0.05,True,145.63165,True
CON3-5,7,0.02,False,259.38442,False
CON3-5,7,0.02,True,104.84449000000002,True
CON3-5,7,0.005,False,259.38442,False
CON3-5,7,0.005,True,64.56320000000002,True
CON3-5,7,0.001,False,259.38442,False
CON3-5,7,0.001,True,64.14041000000002,True
CON3-5,7,0.0001,False,259.38442,False
CON3-5,7,0.0001,True,579.38442,False
CON3-5,8,0.5,False,219.38442000000006,False
CON3-5,8,0.5,True,196.33244999999997,True
CON3-5,8,0.2,False,219.38442000000006,False
CON3-5,8,0.2,True,148.49104,True
CON3-5,8,0.1,False,219.38442000000006,False
CON3-5,8,0.1,True,128.01129000000003,True
CON3-5,8,0.05,False,219.38442000000006,False
CON3-5,8,0.05,True,208.11199000000005,True
CON3-5,8,0.02,False,219.38442000000006,False
CON3-5,8,0.02,True,73.65864,True
CON3-5,8,0.005,False,219.38442000000006,False
CON3-5,8,0.005,True,73.65864,True
CON3-5,8,0.001,False,219.38442000000006,False
CON3-5,8,0.001,True,103.72942000000003,True
CON3-5,8,0.0001,False,219.38442000000006,False
CON3-5,8,0.0001,True,67.63407000000001,True
CON3-5,9,0.5,False,259.38442,False
CON3-5,9,0.5,True,158.2139,True
CON3-5,9,0.2,False,259.38442,False
CON3-5,9,0.2,True,114.80292,True
CON3-5,9,0.1,False,259.38442,False
CON3-5,9,0.1,True,69.47257,True
CON3-5,9,0.05,False,259.38442,False
CON3-5,9,0.05,True,150.55922000000004,True
CON3-5,9,0.02,False,259.38442,False
CON3-5,9,0.02,True,150.55922000000004,True
CON3-5,9,0.005,False,259.38442,False
CON3-5,9,0.005,True,106.26135,True
CON3-5,9,0.001,False,259.38442,False
CON3-5,9,0.001,True,105.91499000000002,True
CON3-5,9,0.0001,False,259.38442,False
CON3-5,9,0.0001,True,105.94844000000002,True
CON3-5,10,0.5,False,259.38442,False
CON3-5,10,0.5,True,316.60846000000004,True
CON3-5,10,0.2,False,259.38442,False
CON3-5,10,0.2,True,316.60846000000004,True
CON3-5,10,0.1,False,259.38442,False
CON3-5,10,0.1,True,274.7045100000001,True
CON3-5,10,0.05,False,259.38442,False
CON3-5,10,0.05,True,234.70451000000003,True
CON3-5,10,0.02,False,259.38442,False
CON3-5,10,0.02,True,234.70451000000003,True
CON3-5,10,0.005,False,259.38442,False
CON3-5,10,0.005,True,234.80291999999997,True
CON3-5,10,0.001,False,259.38442,False
CON3-5,10,0.001,True,231.60037,True
CON3-5,10,0.0001,False,259.38442,False
CON3-5,10,0.0001,True,188.03898999999998,True
CON3-5,11,0.5,False,179.38442000000003,False
CON3-5,11,0.5,True,110.33030999999995,True
CON3-5,11,0.2,False,179.38442000000003,False
CON3-5,11,0.2,True,231.33754000000002,True
CON3-5,11,0.1,False,179.38442000000003,False
CON3-5,11,0.1,True,231.33754000000002,True
CON3-5,11,0.05,False,179.38442000000003,False
CON3-5,11,0.05,True,231.33754000000002,True
CON3-5,11,0.02,False,179.38442000000003,False
CON3-5,11,0.02,True,72.77100000000002,True
CON3-5,11,0.005,False,179.38442000000003,False
CON3-5,11,0.005,True,111.83081,True
CON3-5,11,0.001,False,179.38442000000003,False
CON3-5,11,0.001,True,67.96511000000001,True
CON3-5,11,0.0001,False,179.38442000000003,False
CON3-5,11,0.0001,True,104.84449000000002,True
CON3-5,12,0.5,False,179.38442000000003,False
CON3-5,12,0.5,True,143.82651,True
CON3-5,12,0.2,False,179.38442000000003,False
CON3-5,12,0.2,True,230.15440000000004,True
CON3-5,12,0.1,False,179.38442000000003,False
CON3-5,12,0.1,True,191.62598,True
CON3-5,12,0.05,False,179.38442000000003,False
CON3-5,12,0.05,True,191.62598,True
CON3-5,12,0.02,False,179.38442000000003,False
CON3-5,12,0.02,True,191.62598,True
CON3-5,12,0.005,False,179.38442000000003,False
CON3-5,12,0.005,True,191.62598,True
CON3-5,12,0.001,False,179.38442000000003,False
CON3-5,12,0.001,True,198.34158,True
CON3-5,12,0.0001,False,179.38442000000003,False
CON3-5,12,0.0001,True,231.33754000000002,True
CON3-5,13,0.5,False,139.38442000000003,False
CON3-5,13,0.5,True,156.42451,True
CON3-5,13,0.2,False,139.38442000000003,False
CON3-5,13,0.2,True,74.70450999999998,True
CON3-5,13,0.1,False,139.38442000000003,False
CON3-5,13,0.1,True,74.70450999999998,True
CON3-5,13,0.05,False,139.38442000000003,False
CON3-5,13,0.05,True,151.48227999999997,True
CON3-5,13,0.02,False,139.38442000000003,False
CON3-5,13,0.02,True,110.00655,True
CON3-5,13,0.005,False,139.38442000000003,False
CON3-5,13,0.005,True,70.24055,True
CON3-5,13,0.001,False,139.38442000000003,False
CON3-5,13,0.001,True,110.55010000000001,True
CON3-5,13,0.0001,False,139.38442000000003,False
CON3-5,13,0.0001,True,63.53889999999999,True
CON3-5,14,0.5,False,259.38442,False
CON3-5,14,0.5,True,128.51876000000001,True
CON3-5,14,0.2,False,259.38442,False
CON3-5,14,0.2,True,128.51876000000001,True
CON3-5,14,0.1,False,259.38442,False
CON3-5,14,0.1,True,128.51876000000001,True
CON3-5,14,0.05,False,259.38442,False
CON3-5,14,0.05,True,128.51876000000001,True
CON3-5,14,0.02,False,259.38442,False
CON3-5,14,0.02,True,151.53377,True
CON3-5,14,0.005,False,259.38442,False
CON3-5,14,0.005,True,158.31071999999995,True
CON3-5,14,0.001,False,259.38442,False
CON3-5,14,0.001,True,63.48987000000001,True
CON3-5,14,0.0001,False,259.38442,False
CON3-5,14,0.0001,True,108.81048000000003,True
CON3-6,0,0.5,False,251.55859999999996,False
CON3-6,0,0.5,True,104.45974,True
CON3-6,0,0.2,False,251.55859999999996,False
CON3-6,0,0.2,True,94.55526,True
CON3-6,0,0.1,False,251.55859999999996,False
CON3-6,0,0.1,True,94.55526,True
CON3-6,0,0.05,False,251.55859999999996,False
CON3-6,0,0.05,True,94.55526,True
CON3-6,0,0.02,False,251.55859999999996,False
CON3-6,0,0.02,True,59.888500000000015,True
CON3-6,0,0.005,False,251.55859999999996,False
CON3-6,0,0.005,True,95.96417,True
CON3-6,0,0.001,False,251.55859999999996,False
CON3-6,0,0.001,True,98.57746,True
CON3-6,0,0.0001,False,251.55859999999996,False
CON3-6,0,0.0001,True,106.65155999999999,True
CON3-6,1,0.5,False,91.55859999999998,False
CON3-6,1,0.5,True,226.81277,True
CON3-6,1,0.2,False,91.55859999999998,False
CON3-6,1,0.2,True,226.81277,True
CON3-6,1,0.1,False,91.55859999999998,False
CON3-6,1,0.1,True,154.21958000000004,True
CON3-6,1,0.05,False,91.55859999999998,False
CON3-6,1,0.05,True,219.35824,True
CON3-6,1,0.02,False,91.55859999999998,False
CON3-6,1,0.02,True,174.63476999999997,True
CON3-6,1,0.005,False,91.55859999999998,False
CON3-6,1,0.005,True,133.95881000000003,True
CON3-6,1,0.001,False,91.55859999999998,False
CON3-6,1,0.001,True,133.22473000000002,True
CON3-6,1,0.0001,False,91.55859999999998,False
CON3-6,1,0.0001,True,93.78820000000002,True
CON3-6,2,0.5,False,91.55859999999997,False
CON3-6,2,0.5,True,141.61048000000005,True
CON3-6,2,0.2,False,91.55859999999997,False
CON3-6,2,0.2,True,112.54537000000002,True
CON3-6,2,0.1,False,91.55859999999997,False
CON3-6,2,0.1,True,112.54537000000002,True
CON3-6,2,0.05,False,91.55859999999997,False
CON3-6,2,0.05,True,106.89305999999999,True
CON3-6,2,0.02,False,91.55859999999997,False
CON3-6,2,0.02,True,177.31689,True
CON3-6,2,0.005,False,91.55859999999997,False
CON3-6,2,0.005,True,58.09942,True
CON3-6,2,0.001,False,91.55859999999997,False
CON3-6,2,0.001,True,51.558599999999984,True
CON3-6,2,0.0001,False,91.55859999999997,False
CON3-6,2,0.0001,True,451.55860000000007,False
CON3-6,3,0.5,False,91.55859999999997,False
CON3-6,3,0.5,True,102.96332,True
CON3-6,3,0.2,False,91.55859999999997,False
CON3-6,3,0.2,True,143.83664,True
CON3-6,3,0.1,False,91.55859999999997,False
CON3-6,3,0.1,True,96.86616000000001,True
CON3-6,3,0.05,False,91.55859999999997,False
CON3-6,3,0.05,True,105.87634000000001,True
CON3-6,3,0.02,False,91.55859999999997,False
CON3-6,3,0.02,True,145.72803999999996,True
CON3-6,3,0.005,False,91.55859999999997,False
CON3-6,3,0.005,True,98.30672000000001,True
CON3-6,3,0.001,False,91.55859999999997,False
CON3-6,3,0.001,True,98.57746,True
CON3-6,3,0.0001,False,91.55859999999997,False
CON3-6,3,0.0001,True,98.75587000000002,True
CON3-6,4,0.5,False,251.55859999999998,False
CON3-6,4,0.5,True,141.80199999999996,True
CON3-6,4,0.2,False,251.55859999999998,False
CON3-6,4,0.2,True,95.91323999999997,True
CON3-6,4,0.1,False,251.55859999999998,False
CON3-6,4,0.1,True,95.91323999999997,True
CON3-6,4,0.05,False,251.55859999999998,False
CON3-6,4,0.05,True,96.14477999999997,True
CON3-6,4,0.02,False,251.55859999999998,False
CON3-6,4,0.02,True,93.10458000000001,True
CON3-6,4,0.005,False,251.55859999999998,False
CON3-6,4,0.005,True,53.224729999999994,True
CON3-6,4,0.001,False,251.55859999999998,False
CON3-6,4,0.001,True,53.82462000000001,True
CON3-6,4,0.0001,False,251.55859999999998,False
CON3-6,4,0.0001,True,143.93617999999998,True
CON3-6,5,0.5,False,171.55859999999996,False
CON3-6,5,0.5,True,275.38807999999995,True
CON3-6,5,0.2,False,171.55859999999996,False
CON3-6,5,0.2,True,268.36395,True
CON3-6,5,0.1,False,171.55859999999996,False
CON3-6,5,0.1,True,268.36395,True
CON3-6,5,0.05,False,171.55859999999996,False
CON3-6,5,0.05,True,268.36395,True
CON3-6,5,0.02,False,171.55859999999996,False
CON3-6,5,0.02,True,192.38878999999997,True
CON3-6,5,0.005,False,171.55859999999996,False
CON3-6,5,0.005,True,192.29858,True
CON3-6,5,0.001,False,171.55859999999996,False
CON3-6,5,0.001,True,192.29858,True
CON3-6,5,0.0001,False,171.55859999999996,False
CON3-6,5,0.0001,True,186.04345999999995,True
CON3-6,6,0.5,False,171.55859999999996,False
CON3-6,6,0.5,True,56.831379999999996,True
CON3-6,6,0.2,False,171.55859999999996,False
CON3-6,6,0.2,True,51.558599999999984,True
CON3-6,6,0.1,False,171.55859999999996,False
CON3-6,6,0.1,True,411.55860000000007,False
CON3-6,6,0.05,False,171.55859999999996,False
CON3-6,6,0.05,True,411.55860000000007,False
CON3-6,6,0.02,False,171.55859999999996,False
CON3-6,6,0.02,True,411.55860000000007,False
CON3-6,6,0.005,False,171.55859999999996,False
CON3-6,6,0.005,True,411.55860000000007,False
CON3-6,6,0.001,False,171.55859999999996,False
CON3-6,6,0.001,True,411.55860000000007,False
CON3-6,6,0.0001,False,171.55859999999996,False
CON3-6,6,0.0001,True,411.55860000000007,False
CON3-6,7,0.5,False,91.55859999999997,False
CON3-6,7,0.5,True,221.12018000000006,True
CON3-6,7,0.2,False,91.55859999999997,False
CON3-6,7,0.2,True,136.83583,True
CON3-6,7,0.1,False,91.55859999999997,False
CON3-6,7,0.1,True,100.46803000000001,True
CON3-6,7,0.05,False,91.55859999999997,False
CON3-6,7,0.05,True,100.46803000000001,True
CON3-6,7,0.02,False,91.55859999999997,False
CON3-6,7,0.02,True,100.46803000000001,True
CON3-6,7,0.005,False,91.55859999999997,False
CON3-6,7,0.005,True,100.46803000000001,True
CON3-6,7,0.001,False,91.55859999999997,False
CON3-6,7,0.001,True,100.46803000000001,True
CON3-6,7,0.0001,False,91.55859999999997,False
CON3-6,7,0.0001,True,101.24285999999998,True
CON3-6,8,0.5,False,131.55859999999996,False
CON3-6,8,0.5,True,268.5295,True
CON3-6,8,0.2,False,131.55859999999996,False
CON3-6,8,0.2,True,314.75491000000005,True
CON3-6,8,0.1,False,131.55859999999996,False
CON3-6,8,0.1,True,142.29010999999994,True
CON3-6,8,0.05,False,131.55859999999996,False
CON3-6,8,0.05,True,191.52233999999999,True
CON3-6,8,0.02,False,131.55859999999996,False
CON3-6,8,0.02,True,191.52233999999999,True
CON3-6,8,0.005,False,131.55859999999996,False
CON3-6,8,0.005,True,189.44274999999996,True
CON3-6,8,0.001,False,131.55859999999996,False
CON3-6,8,0.001,True,190.10259999999997,True
CON3-6,8,0.0001,False,131.55859999999996,False
CON3-6,8,0.0001,True,145.87634,True
CON3-6,9,0.5,False,91.55859999999997,False
CON3-6,9,0.5,True,188.87447000000006,True
CON3-6,9,0.2,False,91.55859999999997,False
CON3-6,9,0.2,True,218.46424,True
CON3-6,9,0.1,False,91.55859999999997,False
CON3-6,9,0.1,True,252.17256999999998,True
CON3-6,9,0.05,False,91.55859999999997,False
CON3-6,9,0.05,True,211.87411000000006,True
CON3-6,9,0.02,False,91.55859999999997,False
CON3-6,9,0.02,True,211.87411000000006,True
CON3-6,9,0.005,False,91.55859999999997,False
CON3-6,9,0.005,True,184.49478,True
CON3-6,9,0.001,False,91.55859999999997,False
CON3-6,9,0.001,True,97.82322,True
CON3-6,9,0.0001,False,91.55859999999997,False
CON3-6,9,0.0001,True,98.93355,True
CON3-6,10,0.5,False,91.55859999999997,False
CON3-6,10,0.5,True,193.93241000000006,True
CON3-6,10,0.2,False,91.55859999999997,False
CON3-6,10,0.2,True,223.3813900000001,True
CON3-6,10,0.1,False,91.55859999999997,False
CON3-6,10,0.1,True,143.80897000000002,True
CON3-6,10,0.05,False,91.55859999999997,False
CON3-6,10,0.05,True,96.29396000000003,True
CON3-6,10,0.02,False,91.55859999999997,False
CON3-6,10,0.02,True,59.218720000000005,True
CON3-6,10,0.005,False,91.55859999999997,False
CON3-6,10,0.005,True,63.717569999999995,True
CON3-6,10,0.001,False,91.55859999999997,False
CON3-6,10,0.001,True,56.5323,True
CON3-6,10,0.0001,False,91.55859999999997,False
CON3-6,10,0.0001,True,56.5323,True
CON3-6,11,0.5,False,211.55859999999998,False
CON3-6,11,0.5,True,271.53836999999993,True
CON3-6,11,0.2,False,211.55859999999998,False
CON3-6,11,0.2,True,271.53836999999993,True
CON3-6,11,0.1,False,211.55859999999998,False
CON3-6,11,0.1,True,271.53836999999993,True
CON3-6,11,0.05,False,211.55859999999998,False
CON3-6,11,0.05,True,271.53836999999993,True
CON3-6,11,0.02,False,211.55859999999998,False
CON3-6,11,0.02,True,155.71357999999998,True
CON3-6,11,0.005,False,211.55859999999998,False
CON3-6,11,0.005,True,178.457,True
CON3-6,11,0.001,False,211.55859999999998,False
CON3-6,11,0.001,True,138.55783,True
CON3-6,11,0.0001,False,211.55859999999998,False
CON3-6,11,0.0001,True,139.21872000000002,True
CON3-6,12,0.5,False,371.5586,False
CON3-6,12,0.5,True,147.06683000000004,True
CON3-6,12,0.2,False,371.5586,False
CON3-6,12,0.2,True,142.25202000000002,True
CON3-6,12,0.1,False,371.5586,False
CON3-6,12,0.1,True,142.25202000000002,True
CON3-6,12,0.05,False,371.5586,False
CON3-6,12,0.05,True,142.25202000000002,True
CON3-6,12,0.02,False,371.5586,False
CON3-6,12,0.02,True,143.04319999999996,True
CON3-6,12,0.005,False,371.5586,False
CON3-6,12,0.005,True,100.49600999999998,True
CON3-6,12,0.001,False,371.5586,False
CON3-6,12,0.001,True,103.08494999999999,True
CON3-6,12,0.0001,False,371.5586,False
CON3-6,12,0.0001,True,61.831129999999995,True
CON3-6,13,0.5,False,58.43642000000001,True
CON3-6,13,0.5,True,236.56201000000001,True
CON3-6,13,0.2,False,251.55859999999998,False
CON3-6,13,0.2,True,273.51084,True
CON3-6,13,0.1,False,251.55859999999998,False
CON3-6,13,0.1,True,215.76101000000003,True
CON3-6,13,0.05,False,251.55859999999998,False
CON3-6,13,0.05,True,215.76101000000003,True
CON3-6,13,0.02,False,251.55859999999998,False
CON3-6,13,0.02,True,215.76101000000003,True
CON3-6,13,0.005,False,251.55859999999998,False
CON3-6,13,0.005,True,215.76101000000003,True
CON3-6,13,0.001,False,251.55859999999998,False
CON3-6,13,0.001,True,136.31491,True
CON3-6,13,0.0001,False,251.55859999999998,False
CON3-6,13,0.0001,True,97.05429000000001,True
CON3-6,14,0.5,False,91.55859999999997,False
CON3-6,14,0.5,True,139.2191,True
CON3-6,14,0.2,False,91.55859999999997,False
CON3-6,14,0.2,True,139.2191,True
CON3-6,14,0.1,False,91.55859999999997,False
CON3-6,14,0.1,True,175.22155000000004,True
CON3-6,14,0.05,False,91.55859999999997,False
CON3-6,14,0.05,True,175.22155000000004,True
CON3-6,14,0.02,False,91.55859999999997,False
CON3-6,14,0.02,True,175.22155000000004,True
CON3-6,14,0.005,False,91.55859999999997,False
CON3-6,14,0.005,True,95.89717000000002,True
CON3-6,14,0.001,False,91.55859999999997,False
CON3-6,14,0.001,True,136.56985999999995,True
CON3-6,14,0.0001,False,91.55859999999997,False
CON3-6,14,0.0001,True,53.95880999999999,True
CON3-7,0,0.5,False,178.67082000000008,False
CON3-7,0,0.5,True,186.53796000000003,True
CON3-7,0,0.2,False,178.67082000000008,False
CON3-7,0,0.2,True,148.53995000000003,True
CON3-7,0,0.1,False,178.67082000000008,False
CON3-7,0,0.1,True,148.53995000000003,True
CON3-7,0,0.05,False,178.67082000000008,False
CON3-7,0,0.05,True,148.53995000000003,True
CON3-7,0,0.02,False,178.67082000000008,False
CON3-7,0,0.02,True,195.91485000000003,True
CON3-7,0,0.005,False,178.67082000000008,False
CON3-7,0,0.005,True,272.59903,True
CON3-7,0,0.001,False,178.67082000000008,False
CON3-7,0,0.001,True,108.22306,True
CON3-7,0,0.0001,False,178.67082000000008,False
CON3-7,0,0.0001,True,149.74669,True
CON3-7,1,0.5,False,178.67082000000005,False
CON3-7,1,0.5,True,109.57840000000004,True
CON3-7,1,0.2,False,178.67082000000005,False
CON3-7,1,0.2,True,66.89511999999999,True
CON3-7,1,0.1,False,178.67082000000005,False
CON3-7,1,0.1,True,67.61204,True
CON3-7,1,0.05,False,178.67082000000005,False
CON3-7,1,0.05,True,67.61204,True
CON3-7,1,0.02,False,178.67082000000005,False
CON3-7,1,0.02,True,66.42553999999998,True
CON3-7,1,0.005,False,178.67082000000005,False
CON3-7,1,0.005,True,66.42553999999998,True
CON3-7,1,0.001,False,178.67082000000005,False
CON3-7,1,0.001,True,67.02726999999999,True
CON3-7,1,0.0001,False,178.67082000000005,False
CON3-7,1,0.0001,True,107.47689,True
CON3-7,2,0.5,False,178.67081999999994,False
CON3-7,2,0.5,True,186.61720000000003,True
CON3-7,2,0.2,False,178.67081999999994,False
CON3-7,2,0.2,True,72.94240999999998,True
CON3-7,2,0.1,False,178.67081999999994,False
CON3-7,2,0.1,True,72.94240999999998,True
CON3-7,2,0.05,False,178.67081999999994,False
CON3-7,2,0.05,True,67.6996,True
CON3-7,2,0.02,False,178.67081999999994,False
CON3-7,2,0.02,True,64.26889999999999,True
CON3-7,2,0.005,False,178.67081999999994,False
CON3-7,2,0.005,True,65.21445,True
CON3-7,2,0.001,False,178.67081999999994,False
CON3-7,2,0.001,True,58.67082,True
CON3-7,2,0.0001,False,178.67081999999994,False
CON3-7,2,0.0001,True,418.67082,False
CON3-7,3,0.5,False,98.67082000000005,False
CON3-7,3,0.5,True,237.25541000000013,True
CON3-7,3,0.2,False,98.67082000000005,False
CON3-7,3,0.2,True,115.12082000000001,True
CON3-7,3,0.1,False,98.67082000000005,False
CON3-7,3,0.1,True,149.79621000000003,True
CON3-7,3,0.05,False,98.67082000000005,False
CON3-7,3,0.05,True,149.79621000000003,True
CON3-7,3,0.02,False,98.67082000000005,False
CON3-7,3,0.02,True,160.32765,True
CON3-7,3,0.005,False,98.67082000000005,False
CON3-7,3,0.005,True,66.36577,True
CON3-7,3,0.001,False,98.67082000000005,False
CON3-7,3,0.001,True,98.67081999999999,True
CON3-7,3,0.0001,False,98.67082000000005,False
CON3-7,3,0.0001,True,58.67082,True
CON3-7,4,0.5,False,98.67081999999996,False
CON3-7,4,0.5,True,244.41325000000003,True
CON3-7,4,0.2,False,98.67081999999996,False
CON3-7,4,0.2,True,244.41325000000003,True
CON3-7,4,0.1,False,98.67081999999996,False
CON3-7,4,0.1,True,244.41325000000003,True
CON3-7,4,0.05,False,98.67081999999996,False
CON3-7,4,0.05,True,244.41325000000003,True
CON3-7,4,0.02,False,98.67081999999996,False
CON3-7,4,0.02,True,145.86782000000005,True
CON3-7,4,0.005,False,98.67081999999996,False
CON3-7,4,0.005,True,146.42541000000003,True
CON3-7,4,0.001,False,98.67081999999996,False
CON3-7,4,0.001,True,71.03098,True
CON3-7,4,0.0001,False,98.67081999999996,False
CON3-7,4,0.0001,True,107.18511000000001,True
CON3-7,5,0.5,False,218.67082000000005,False
CON3-7,5,0.5,True,141.42082000000005,True
CON3-7,5,0.2,False,218.67082000000005,False
CON3-7,5,0.2,True,152.66387,True
CON3-7,5,0.1,False,218.67082000000005,False
CON3-7,5,0.1,True,126.97415999999998,True
CON3-7,5,0.05,False,218.67082000000005,False
CON3-7,5,0.05,True,126.97415999999998,True
CON3-7,5,0.02,False,218.67082000000005,False
CON3-7,5,0.02,True,107.19909000000003,True
CON3-7,5,0.005,False,218.67082000000005,False
CON3-7,5,0.005,True,111.33094000000001,True
CON3-7,5,0.001,False,218.67082000000005,False
CON3-7,5,0.001,True,65.21445,True
CON3-7,5,0.0001,False,218.67082000000005,False
CON3-7,5,0.0001,True,63.87539,True
CON3-7,6,0.5,False,138.67082000000005,False
CON3-7,6,0.5,True,106.66613000000001,True
CON3-7,6,0.2,False,138.67082000000005,False
CON3-7,6,0.2,True,108.67408000000002,True
CON3-7,6,0.1,False,138.67082000000005,False
CON3-7,6,0.1,True,108.67408000000002,True
CON3-7,6,0.05,False,138.67082000000005,False
CON3-7,6,0.05,True,108.67408000000002,True
CON3-7,6,0.02,False,138.67082000000005,False
CON3-7,6,0.02,True,108.67408000000002,True
CON3-7,6,0.005,False,138.67082000000005,False
CON3-7,6,0.005,True,67.21442,True
CON3-7,6,0.001,False,138.67082000000005,False
CON3-7,6,0.001,True,113.65039000000003,True
CON3-7,6,0.0001,False,138.67082000000005,False
CON3-7,6,0.0001,True,112.94124000000002,True
CON3-7,7,0.5,False,98.67082,False
CON3-7,7,0.5,True,67.89963999999999,True
CON3-7,7,0.2,False,98.67082,False
CON3-7,7,0.2,True,68.77582999999998,True
CON3-7,7,0.1,False,98.67082,False
CON3-7,7,0.1,True,68.77582999999998,True
CON3-7,7,0.05,False,98.67082,False
CON3-7,7,0.05,True,68.77582999999998,True
CON3-7,7,0.02,False,98.67082,False
CON3-7,7,0.02,True,68.77582999999998,True
CON3-7,7,0.005,False,98.67082,False
CON3-7,7,0.005,True,78.79934,True
CON3-7,7,0.001,False,98.67082,False
CON3-7,7,0.001,True,75.45241999999999,True
CON3-7,7,0.0001,False,98.67082,False
CON3-7,7,0.0001,True,58.67082,True
CON3-7,8,0.5,False,218.67082000000008,False
CON3-7,8,0.5,True,108.4424,True
CON3-7,8,0.2,False,218.67082000000008,False
CON3-7,8,0.2,True,108.11021,True
CON3-7,8,0.1,False,218.67082000000008,False
CON3-7,8,0.1,True,108.78441,True
CON3-7,8,0.05,False,218.67082000000008,False
CON3-7,8,0.05,True,115.07384000000003,True
CON3-7,8,0.02,False,218.67082000000008,False
CON3-7,8,0.02,True,115.07384000000003,True
CON3-7,8,0.005,False,218.67082000000008,False
CON3-7,8,0.005,True,145.21445,True
CON3-7,8,0.001,False,218.67082000000008,False
CON3-7,8,0.001,True,145.21445,True
CON3-7,8,0.0001,False,218.67082000000008,False
CON3-7,8,0.0001,True,105.21445,True
CON3-7,9,0.5,False,138.67082000000005,False
CON3-7,9,0.5,True,198.46179000000004,True
CON3-7,9,0.2,False,138.67082000000005,False
CON3-7,9,0.2,True,158.53269,True
CON3-7,9,0.1,False,138.67082000000005,False
CON3-7,9,0.1,True,158.53269,True
CON3-7,9,0.05,False,138.67082000000005,False
CON3-7,9,0.05,True,158.53269,True
CON3-7,9,0.02,False,138.67082000000005,False
CON3-7,9,0.02,True,196.47172999999998,True
CON3-7,9,0.005,False,138.67082000000005,False
CON3-7,9,0.005,True,112.45030999999999,True
CON3-7,9,0.001,False,138.67082000000005,False
CON3-7,9,0.001,True,110.88961000000003,True
CON3-7,9,0.0001,False,138.67082000000005,False
CON3-7,9,0.0001,True,110.88961000000003,True
CON3-7,10,0.5,False,58.67082,False
CON3-7,10,0.5,True,66.45903,True
CON3-7,10,0.2,False,58.67082,False
CON3-7,10,0.2,True,63.18664999999999,True
CON3-7,10,0.1,False,58.67082,False
CON3-7,10,0.1,True,63.18664999999999,True
CON3-7,10,0.05,False,58.67082,False
CON3-7,10,0.05,True,63.18664999999999,True
CON3-7,10,0.02,False,58.67082,False
CON3-7,10,0.02,True,60.36869999999999,True
CON3-7,10,0.005,False,58.67082,False
CON3-7,10,0.005,True,59.98301,True
CON3-7,10,0.001,False,58.67082,False
CON3-7,10,0.001,True,59.98301,True
CON3-7,10,0.0001,False,58.67082,False
CON3-7,10,0.0001,True,418.67082,False
CON3-7,11,0.5,False,178.67082,False
CON3-7,11,0.5,True,181.42082000000005,True
CON3-7,11,0.2,False,178.67082,False
CON3-7,11,0.2,True,146.39273,True
CON3-7,11,0.1,False,178.67082,False
CON3-7,11,0.1,True,106.04984999999999,True
CON3-7,11,0.05,False,178.67082,False
CON3-7,11,0.05,True,233.48422999999997,True
CON3-7,11,0.02,False,178.67082,False
CON3-7,11,0.02,True,152.45031000000003,True
CON3-7,11,0.005,False,178.67082,False
CON3-7,11,0.005,True,69.82683,True
CON3-7,11,0.001,False,178.67082,False
CON3-7,11,0.001,True,70.60648,True
CON3-7,11,0.0001,False,178.67082,False
CON3-7,11,0.0001,True,69.71925999999999,True
CON3-7,12,0.5,False,138.67082,False
CON3-7,12,0.5,True,147.47926000000004,True
CON3-7,12,0.2,False,138.67082,False
CON3-7,12,0.2,True,147.47926000000004,True
CON3-7,12,0.1,False,138.67082,False
CON3-7,12,0.1,True,160.64439000000002,True
CON3-7,12,0.05,False,138.67082,False
CON3-7,12,0.05,True,160.64439000000002,True
CON3-7,12,0.02,False,138.67082,False
CON3-7,12,0.02,True,65.87469000000002,True
CON3-7,12,0.005,False,138.67082,False
CON3-7,12,0.005,True,65.87469000000002,True
CON3-7,12,0.001,False,138.67082,False
CON3-7,12,0.001,True,68.993,True
CON3-7,12,0.0001,False,138.67082,False
CON3-7,12,0.0001,True,110.29185000000003,True
CON3-7,13,0.5,False,178.67082,False
CON3-7,13,0.5,True,158.80775,True
CON3-7,13,0.2,False,178.67082,False
CON3-7,13,0.2,True,146.04511,True
CON3-7,13,0.1,False,178.67082,False
CON3-7,13,0.1,True,146.04511,True
CON3-7,13,0.05,False,178.67082,False
CON3-7,13,0.05,True,146.88326999999998,True
CON3-7,13,0.02,False,178.67082,False
CON3-7,13,0.02,True,70.97370000000001,True
CON3-7,13,0.005,False,178.67082,False
CON3-7,13,0.005,True,58.67082,True
CON3-7,13,0.001,False,178.67082,False
CON3-7,13,0.001,True,498.67081999999994,False
CON3-7,13,0.0001,False,178.67082,False
CON3-7,13,0.0001,True,498.67081999999994,False
CON3-7,14,0.5,False,218.67082000000008,False
CON3-7,14,0.5,True,151.56792000000007,True
CON3-7,14,0.2,False,218.67082000000008,False
CON3-7,14,0.2,True,153.69644000000005,True
CON3-7,14,0.1,False,218.67082000000008,False
CON3-7,14,0.1,True,196.12232000000003,True
CON3-7,14,0.05,False,218.67082000000008,False
CON3-7,14,0.05,True,196.12232000000003,True
CON3-7,14,0.02,False,218.67082000000008,False
CON3-7,14,0.02,True,188.9082,True
CON3-7,14,0.005,False,218.67082000000008,False
CON3-7,14,0.005,True,151.48332000000005,True
CON3-7,14,0.001,False,218.67082000000008,False
CON3-7,14,0.001,True,191.09246000000007,True
CON3-7,14,0.0001,False,218.67082000000008,False
CON3-7,14,0.0001,True,191.09246000000007,True
CON3-8,0,0.5,False,172.30474000000004,False
CON3-8,0,0.5,True,263.55518000000006,True
CON3-8,0,0.2,False,172.30474000000004,False
CON3-8,0,0.2,True,230.78266000000002,True
CON3-8,0,0.1,False,172.30474000000004,False
CON3-8,0,0.1,True,226.89893999999993,True
CON3-8,0,0.05,False,172.30474000000004,False
CON3-8,0,0.05,True,226.89893999999993,True
CON3-8,0,0.02,False,172.30474000000004,False
CON3-8,0,0.02,True,185.01692,True
CON3-8,0,0.005,False,172.30474000000004,False
CON3-8,0,0.005,True,184.42387000000005,True
CON3-8,0,0.001,False,172.30474000000004,False
CON3-8,0,0.001,True,103.57071000000002,True
CON3-8,0,0.0001,False,172.30474000000004,False
CON3-8,0,0.0001,True,179.55862,True
CON3-8,1,0.5,False,95.84083000000001,True
CON3-8,1,0.5,True,196.79956,True
CON3-8,1,0.2,False,137.43933,True
CON3-8,1,0.2,True,184.85457000000002,True
CON3-8,1,0.1,False,132.30474000000004,False
CON3-8,1,0.1,True,183.23621000000003,True
CON3-8,1,0.05,False,132.30474000000004,False
CON3-8,1,0.05,True,183.23621000000003,True
CON3-8,1,0.02,False,132.30474000000004,False
CON3-8,1,0.02,True,143.69329000000002,True
CON3-8,1,0.005,False,132.30474000000004,False
CON3-8,1,0.005,True,229.05429,True
CON3-8,1,0.001,False,132.30474000000004,False
CON3-8,1,0.001,True,185.07581,True
CON3-8,1,0.0001,False,132.30474000000004,False
CON3-8,1,0.0001,True,184.72980000000007,True
CON3-8,2,0.5,False,212.30474000000004,False
CON3-8,2,0.5,True,62.77929,True
CON3-8,2,0.2,False,212.30474000000004,False
CON3-8,2,0.2,True,107.45761000000002,True
CON3-8,2,0.1,False,212.30474000000004,False
CON3-8,2,0.1,True,107.45761000000002,True
CON3-8,2,0.05,False,212.30474000000004,False
CON3-8,2,0.05,True,107.45761000000002,True
CON3-8,2,0.02,False,212.30474000000004,False
CON3-8,2,0.02,True,64.09076999999999,True
CON3-8,2,0.005,False,212.30474000000004,False
CON3-8,2,0.005,True,61.83356,True
CON3-8,2,0.001,False,212.30474000000004,False
CON3-8,2,0.001,True,52.30474000000001,True
CON3-8,2,0.0001,False,212.30474000000004,False
CON3-8,2,0.0001,True,212.3047400000001,False
CON3-8,3,0.5,False,92.30474000000002,False
CON3-8,3,0.5,True,160.7358,True
CON3-8,3,0.2,False,92.30474000000002,False
CON3-8,3,0.2,True,160.7358,True
CON3-8,3,0.1,False,92.30474000000002,False
CON3-8,3,0.1,True,151.03308000000004,True
CON3-8,3,0.05,False,92.30474000000002,False
CON3-8,3,0.05,True,109.6842,True
CON3-8,3,0.02,False,92.30474000000002,False
CON3-8,3,0.02,True,155.21913999999998,True
CON3-8,3,0.005,False,92.30474000000002,False
CON3-8,3,0.005,True,98.48069000000001,True
CON3-8,3,0.001,False,92.30474000000002,False
CON3-8,3,0.001,True,60.40202000000001,True
CON3-8,3,0.0001,False,92.30474000000002,False
CON3-8,3,0.0001,True,372.30474,False
CON3-8,4,0.5,False,52.30473999999998,False
CON3-8,4,0.5,True,264.99556999999993,True
CON3-8,4,0.2,False,52.30473999999998,False
CON3-8,4,0.2,True,272.17113000000006,True
CON3-8,4,0.1,False,52.30473999999998,False
CON3-8,4,0.1,True,267.19529000000006,True
CON3-8,4,0.05,False,52.30473999999998,False
CON3-8,4,0.05,True,267.19529000000006,True
CON3-8,4,0.02,False,52.30473999999998,False
CON3-8,4,0.02,True,267.19529000000006,True
CON3-8,4,0.005,False,52.30473999999998,False
CON3-8,4,0.005,True,152.38787000000002,True
CON3-8,4,0.001,False,52.30473999999998,False
CON3-8,4,0.001,True,237.90589000000003,True
CON3-8,4,0.0001,False,52.30473999999998,False
CON3-8,4,0.0001,True,229.74844,True
CON3-8,5,0.5,False,92.30474000000002,False
CON3-8,5,0.5,True,53.199160000000006,True
CON3-8,5,0.2,False,92.30474000000002,False
CON3-8,5,0.2,True,53.199160000000006,True
CON3-8,5,0.1,False,92.30474000000002,False
CON3-8,5,0.1,True,53.199160000000006,True
CON3-8,5,0.05,False,92.30474000000002,False
CON3-8,5,0.05,True,52.30474000000001,True
CON3-8,5,0.02,False,92.30474000000002,False
CON3-8,5,0.02,True,52.30474000000001,True
CON3-8,5,0.005,False,92.30474000000002,False
CON3-8,5,0.005,True,292.3047399999999,False
CON3-8,5,0.001,False,92.30474000000002,False
CON3-8,5,0.001,True,292.3047399999999,False
CON3-8,5,0.0001,False,92.30474000000002,False
CON3-8,5,0.0001,True,292.3047399999999,False
CON3-8,6,0.5,False,92.30474000000002,False
CON3-8,6,0.5,True,193.65335,True
CON3-8,6,0.2,False,92.30474000000002,False
CON3-8,6,0.2,True,225.48435,True
CON3-8,6,0.1,False,92.30474000000002,False
CON3-8,6,0.1,True,225.48435,True
CON3-8,6,0.05,False,92.30474000000002,False
CON3-8,6,0.05,True,225.48435,True
CON3-8,6,0.02,False,92.30474000000002,False
CON3-8,6,0.02,True,192.22417,True
CON3-8,6,0.005,False,92.30474000000002,False
CON3-8,6,0.005,True,146.38136000000003,True
CON3-8,6,0.001,False,92.30474000000002,False
CON3-8,6,0.001,True,191.91408999999996,True
CON3-8,6,0.0001,False,92.30474000000002,False
CON3-8,6,0.0001,True,188.67111999999997,True
CON3-8,7,0.5,False,132.30474,False
CON3-8,7,0.5,True,108.93828000000002,True
CON3-8,7,0.2,False,132.30474,False
CON3-8,7,0.2,True,187.88012000000003,True
CON3-8,7,0.1,False,132.30474,False
CON3-8,7,0.1,True,64.60387,True
CON3-8,7,0.05,False,132.30474,False
CON3-8,7,0.05,True,64.60387,True
CON3-8,7,0.02,False,132.30474,False
CON3-8,7,0.02,True,134.51579,True
CON3-8,7,0.005,False,132.30474,False
CON3-8,7,0.005,True,134.51579,True
CON3-8,7,0.001,False,132.30474,False
CON3-8,7,0.001,True,93.19916,True
CON3-8,7,0.0001,False,132.30474,False
CON3-8,7,0.0001,True,53.199160000000006,True
CON3-8,8,0.5,False,52.30473999999998,False
CON3-8,8,0.5,True,266.1071600000001,True
CON3-8,8,0.2,False,52.30473999999998,False
CON3-8,8,0.2,True,193.19170000000005,True
CON3-8,8,0.1,False,52.30473999999998,False
CON3-8,8,0.1,True,148.36649,True
CON3-8,8,0.05,False,52.30473999999998,False
CON3-8,8,0.05,True,108.25975000000005,True
CON3-8,8,0.02,False,52.30473999999998,False
CON3-8,8,0.02,True,108.25975000000005,True
CON3-8,8,0.005,False,52.30473999999998,False
CON3-8,8,0.005,True,111.01097000000004,True
CON3-8,8,0.001,False,52.30473999999998,False
CON3-8,8,0.001,True,116.62012000000003,True
CON3-8,8,0.0001,False,52.30473999999998,False
CON3-8,8,0.0001,True,110.17146,True
CON3-8,9,0.5,False,92.30474000000002,False
CON3-8,9,0.5,True,109.34134000000003,True
CON3-8,9,0.2,False,92.30474000000002,False
CON3-8,9,0.2,True,108.59281000000003,True
CON3-8,9,0.1,False,92.30474000000002,False
CON3-8,9,0.1,True,148.42459,True
CON3-8,9,0.05,False,92.30474000000002,False
CON3-8,9,0.05,True,148.42459,True
CON3-8,9,0.02,False,92.30474000000002,False
CON3-8,9,0.02,True,105.68392,True
CON3-8,9,0.005,False,92.30474000000002,False
CON3-8,9,0.005,True,66.38792999999998,True
CON3-8,9,0.001,False,92.30474000000002,False
CON3-8,9,0.001,True,58.46374000000001,True
CON3-8,9,0.0001,False,92.30474000000002,False
CON3-8,9,0.0001,True,212.3047400000001,False
CON3-8,10,0.5,False,132.30474000000004,False
CON3-8,10,0.5,True,195.99021000000005,True
CON3-8,10,0.2,False,132.30474000000004,False
CON3-8,10,0.2,True,225.49106999999998,True
CON3-8,10,0.1,False,132.30474000000004,False
CON3-8,10,0.1,True,225.49106999999998,True
CON3-8,10,0.05,False,132.30474000000004,False
CON3-8,10,0.05,True,225.49106999999998,True
CON3-8,10,0.02,False,132.30474000000004,False
CON3-8,10,0.02,True,269.37796000000003,True
CON3-8,10,0.005,False,132.30474000000004,False
CON3-8,10,0.005,True,192.12782999999996,True
CON3-8,10,0.001,False,132.30474000000004,False
CON3-8,10,0.001,True,194.57379000000006,True
CON3-8,10,0.0001,False,132.30474000000004,False
CON3-8,10,0.0001,True,149.76528000000002,True
CON3-8,11,0.5,False,100.30502999999999,True
CON3-8,11,0.5,True,229.01464000000004,True
CON3-8,11,0.2,False,100.30502999999999,True
CON3-8,11,0.2,True,150.50459,True
CON3-8,11,0.1,False,132.30474000000004,False
CON3-8,11,0.1,True,150.50459,True
CON3-8,11,0.05,False,132.30474000000004,False
CON3-8,11,0.05,True,180.08605000000003,True
CON3-8,11,0.02,False,132.30474000000004,False
CON3-8,11,0.02,True,180.08605000000003,True
CON3-8,11,0.005,False,132.30474000000004,False
CON3-8,11,0.005,True,93.19916,True
CON3-8,11,0.001,False,132.30474000000004,False
CON3-8,11,0.001,True,93.19916,True
CON3-8,11,0.0001,False,132.30474000000004,False
CON3-8,11,0.0001,True,53.199160000000006,True
CON3-8,12,0.5,False,132.30474000000004,False
CON3-8,12,0.5,True,231.18787999999995,True
CON3-8,12,0.2,False,132.30474000000004,False
CON3-8,12,0.2,True,226.78073999999995,True
CON3-8,12,0.1,False,132.30474000000004,False
CON3-8,12,0.1,True,221.65357,True
CON3-8,12,0.05,False,132.30474000000004,False
CON3-8,12,0.05,True,221.65357,True
CON3-8,12,0.02,False,132.30474000000004,False
CON3-8,12,0.02,True,221.65357,True
CON3-8,12,0.005,False,132.30474000000004,False
CON3-8,12,0.005,True,221.65357,True
CON3-8,12,0.001,False,132.30474000000004,False
CON3-8,12,0.001,True,224.70562,True
CON3-8,12,0.0001,False,132.30474000000004,False
CON3-8,12,0.0001,True,143.79675,True
CON3-8,13,0.5,False,172.30473999999998,False
CON3-8,13,0.5,True,152.89928999999998,True
CON3-8,13,0.2,False,172.30473999999998,False
CON3-8,13,0.2,True,152.89928999999998,True
CON3-8,13,0.1,False,172.30473999999998,False
CON3-8,13,0.1,True,193.99084,True
CON3-8,13,0.05,False,172.30473999999998,False
CON3-8,13,0.05,True,152.17236999999997,True
CON3-8,13,0.02,False,172.30473999999998,False
CON3-8,13,0.02,True,152.17236999999997,True
CON3-8,13,0.005,False,172.30473999999998,False
CON3-8,13,0.005,True,54.832660000000004,True
CON3-8,13,0.001,False,172.30473999999998,False
CON3-8,13,0.001,True,54.832660000000004,True
CON3-8,13,0.0001,False,172.30473999999998,False
CON3-8,13,0.0001,True,54.832660000000004,True
CON3-8,14,0.5,False,212.30474,False
CON3-8,14,0.5,True,181.98138000000003,True
CON3-8,14,0.2,False,212.30474,False
CON3-8,14,0.2,True,181.98138000000003,True
CON3-8,14,0.1,False,212.30474,False
CON3-8,14,0.1,True,225.96483,True
CON3-8,14,0.05,False,212.30474,False
CON3-8,14,0.05,True,269.44631000000004,True
CON3-8,14,0.02,False,212.30474,False
CON3-8,14,0.02,True,269.44631000000004,True
CON3-8,14,0.005,False,212.30474,False
CON3-8,14,0.005,True,268.22008000000005,True
CON3-8,14,0.001,False,212.30474,False
CON3-8,14,0.001,True,268.22008000000005,True
CON3-8,14,0.0001,False,212.30474,False
CON3-8,14,0.0001,True,267.5383700000001,True
CON3-9,0,0.5,False,59.063739999999996,False
CON3-9,0,0.5,True,195.95862000000005,True
CON3-9,0,0.2,False,59.063739999999996,False
CON3-9,0,0.2,True,194.67770000000002,True
CON3-9,0,0.1,False,59.063739999999996,False
CON3-9,0,0.1,True,196.03395000000003,True
CON3-9,0,0.05,False,59.063739999999996,False
CON3-9,0,0.05,True,196.03395000000003,True
CON3-9,0,0.02,False,59.063739999999996,False
CON3-9,0,0.02,True,148.96894,True
CON3-9,0,0.005,False,59.063739999999996,False
CON3-9,0,0.005,True,155.33267000000004,True
CON3-9,0,0.001,False,59.063739999999996,False
CON3-9,0,0.001,True,61.991789999999995,True
CON3-9,0,0.0001,False,59.063739999999996,False
CON3-9,0,0.0001,True,61.991789999999995,True
CON3-9,1,0.5,False,59.063739999999996,False
CON3-9,1,0.5,True,157.54217,True
CON3-9,1,0.2,False,59.063739999999996,False
CON3-9,1,0.2,True,190.23284,True
CON3-9,1,0.1,False,59.063739999999996,False
CON3-9,1,0.1,True,191.74625,True
CON3-9,1,0.05,False,59.063739999999996,False
CON3-9,1,0.05,True,153.83758,True
CON3-9,1,0.02,False,59.063739999999996,False
CON3-9,1,0.02,True,59.06374,True
CON3-9,1,0.005,False,59.063739999999996,False
CON3-9,1,0.005,True,59.06374,True
CON3-9,1,0.001,False,59.063739999999996,False
CON3-9,1,0.001,True,59.06374,True
CON3-9,1,0.0001,False,59.063739999999996,False
CON3-9,1,0.0001,True,179.06374000000008,False
CON3-9,2,0.5,False,99.06374,False
CON3-9,2,0.5,True,159.32784,True
CON3-9,2,0.2,False,99.06374,False
CON3-9,2,0.2,True,157.15062000000003,True
CON3-9,2,0.1,False,99.06374,False
CON3-9,2,0.1,True,157.15062000000003,True
CON3-9,2,0.05,False,99.06374,False
CON3-9,2,0.05,True,157.15062000000003,True
CON3-9,2,0.02,False,99.06374,False
CON3-9,2,0.02,True,156.39570000000003,True
CON3-9,2,0.005,False,99.06374,False
CON3-9,2,0.005,True,69.69393,True
CON3-9,2,0.001,False,99.06374,False
CON3-9,2,0.001,True,69.69393,True
CON3-9,2,0.0001,False,99.06374,False
CON3-9,2,0.0001,True,59.645489999999995,True
CON3-9,3,0.5,False,59.063739999999996,False
CON3-9,3,0.5,True,201.98901000000006,True
CON3-9,3,0.2,False,59.063739999999996,False
CON3-9,3,0.2,True,82.16984999999998,True
CON3-9,3,0.1,False,59.063739999999996,False
CON3-9,3,0.1,True,119.46868,True
CON3-9,3,0.05,False,59.063739999999996,False
CON3-9,3,0.05,True,116.46687999999999,True
CON3-9,3,0.02,False,59.063739999999996,False
CON3-9,3,0.02,True,156.29198000000002,True
CON3-9,3,0.005,False,59.063739999999996,False
CON3-9,3,0.005,True,156.29198000000002,True
CON3-9,3,0.001,False,59.063739999999996,False
CON3-9,3,0.001,True,62.03147,True
CON3-9,3,0.0001,False,59.063739999999996,False
CON3-9,3,0.0001,True,59.06374000000001,True
CON3-9,4,0.5,False,59.063739999999996,False
CON3-9,4,0.5,True,156.57332999999997,True
CON3-9,4,0.2,False,59.063739999999996,False
CON3-9,4,0.2,True,148.70998,True
CON3-9,4,0.1,False,59.063739999999996,False
CON3-9,4,0.1,True,148.70998,True
CON3-9,4,0.05,False,59.063739999999996,False
CON3-9,4,0.05,True,154.22087,True
CON3-9,4,0.02,False,59.063739999999996,False
CON3-9,4,0.02,True,151.37792000000007,True
CON3-9,4,0.005,False,59.063739999999996,False
CON3-9,4,0.005,True,151.37792000000007,True
CON3-9,4,0.001,False,59.063739999999996,False
CON3-9,4,0.001,True,149.72425000000004,True
CON3-9,4,0.0001,False,59.063739999999996,False
CON3-9,4,0.0001,True,147.11934000000005,True
CON3-9,5,0.5,False,59.063739999999996,False
CON3-9,5,0.5,True,201.42578,True
CON3-9,5,0.2,False,59.063739999999996,False
CON3-9,5,0.2,True,160.68015999999997,True
CON3-9,5,0.1,False,59.063739999999996,False
CON3-9,5,0.1,True,160.68015999999997,True
CON3-9,5,0.05,False,59.063739999999996,False
CON3-9,5,0.05,True,235.67755000000005,True
CON3-9,5,0.02,False,59.063739999999996,False
CON3-9,5,0.02,True,235.67755000000005,True
CON3-9,5,0.005,False,59.063739999999996,False
CON3-9,5,0.005,True,279.8210200000001,True
CON3-9,5,0.001,False,59.063739999999996,False
CON3-9,5,0.001,True,154.79339000000002,True
CON3-9,5,0.0001,False,59.063739999999996,False
CON3-9,5,0.0001,True,61.35684000000001,True
CON3-9,6,0.5,False,59.063739999999996,False
CON3-9,6,0.5,True,237.83083000000002,True
CON3-9,6,0.2,False,59.063739999999996,False
CON3-9,6,0.2,True,234.34918999999996,True
CON3-9,6,0.1,False,59.063739999999996,False
CON3-9,6,0.1,True,230.00042000000008,True
CON3-9,6,0.05,False,59.063739999999996,False
CON3-9,6,0.05,True,245.30942000000002,True
CON3-9,6,0.02,False,59.063739999999996,False
CON3-9,6,0.02,True,281.8701200000001,True
CON3-9,6,0.005,False,59.063739999999996,False
CON3-9,6,0.005,True,244.30157000000005,True
CON3-9,6,0.001,False,59.063739999999996,False
CON3-9,6,0.001,True,147.15681,True
CON3-9,6,0.0001,False,59.063739999999996,False
CON3-9,6,0.0001,True,189.13365000000005,True
CON3-9,7,0.5,False,102.82596999999998,True
CON3-9,7,0.5,True,191.59770000000003,True
CON3-9,7,0.2,False,102.82596999999998,True
CON3-9,7,0.2,True,191.59770000000003,True
CON3-9,7,0.1,False,99.06374,False
CON3-9,7,0.1,True,158.91845,True
CON3-9,7,0.05,False,99.06374,False
CON3-9,7,0.05,True,158.91845,True
CON3-9,7,0.02,False,99.06374,False
CON3-9,7,0.02,True,181.78305000000003,True
CON3-9,7,0.005,False,99.06374,False
CON3-9,7,0.005,True,99.38737,True
CON3-9,7,0.001,False,99.06374,False
CON3-9,7,0.001,True,59.387370000000004,True
CON3-9,7,0.0001,False,99.06374,False
CON3-9,7,0.0001,True,59.51932000000001,True
CON3-9,8,0.5,False,99.06374,False
CON3-9,8,0.5,True,118.93395999999998,True
CON3-9,8,0.2,False,99.06374,False
CON3-9,8,0.2,True,199.8471000000001,True
CON3-9,8,0.1,False,99.06374,False
CON3-9,8,0.1,True,157.72698000000008,True
CON3-9,8,0.05,False,99.06374,False
CON3-9,8,0.05,True,157.72698000000008,True
CON3-9,8,0.02,False,99.06374,False
CON3-9,8,0.02,True,165.22730000000004,True
CON3-9,8,0.005,False,99.06374,False
CON3-9,8,0.005,True,59.51932000000001,True
CON3-9,8,0.001,False,99.06374,False
CON3-9,8,0.001,True,179.06374000000008,False
CON3-9,8,0.0001,False,99.06374,False
CON3-9,8,0.0001,True,179.06374000000008,False
CON3-9,9,0.5,False,99.06374,False
CON3-9,9,0.5,True,113.87857000000001,True
CON3-9,9,0.2,False,99.06374,False
CON3-9,9,0.2,True,242.05856,True
CON3-9,9,0.1,False,99.06374,False
CON3-9,9,0.1,True,169.74952000000002,True
CON3-9,9,0.05,False,99.06374,False
CON3-9,9,0.05,True,208.21029000000004,True
CON3-9,9,0.02,False,99.06374,False
CON3-9,9,0.02,True,154.74156000000002,True
CON3-9,9,0.005,False,99.06374,False
CON3-9,9,0.005,True,152.15167000000002,True
CON3-9,9,0.001,False,99.06374,False
CON3-9,9,0.001,True,151.96167000000003,True
CON3-9,9,0.0001,False,99.06374,False
CON3-9,9,0.0001,True,108.59063,True
CON3-9,10,0.5,False,99.06374,False
CON3-9,10,0.5,True,194.30536,True
CON3-9,10,0.2,False,99.06374,False
CON3-9,10,0.2,True,154.74954,True
CON3-9,10,0.1,False,99.06374,False
CON3-9,10,0.1,True,154.74954,True
CON3-9,10,0.05,False,99.06374,False
CON3-9,10,0.05,True,195.24496000000002,True
CON3-9,10,0.02,False,99.06374,False
CON3-9,10,0.02,True,112.02114,True
CON3-9,10,0.005,False,99.06374,False
CON3-9,10,0.005,True,159.25332999999998,True
CON3-9,10,0.001,False,99.06374,False
CON3-9,10,0.001,True,99.66319000000001,True
CON3-9,10,0.0001,False,99.06374,False
CON3-9,10,0.0001,True,99.51932000000001,True
CON3-9,11,0.5,False,60.80066,True
CON3-9,11,0.5,True,200.88815,True
CON3-9,11,0.2,False,59.063739999999996,False
CON3-9,11,0.2,True,200.88815,True
CON3-9,11,0.1,False,59.063739999999996,False
CON3-9,11,0.1,True,191.38155,True
CON3-9,11,0.05,False,59.063739999999996,False
CON3-9,11,0.05,True,237.94213000000002,True
CON3-9,11,0.02,False,59.063739999999996,False
CON3-9,11,0.02,True,193.47811000000002,True
CON3-9,11,0.005,False,59.063739999999996,False
CON3-9,11,0.005,True,193.47811000000002,True
CON3-9,11,0.001,False,59.063739999999996,False
CON3-9,11,0.001,True,59.387370000000004,True
CON3-9,11,0.0001,False,59.063739999999996,False
CON3-9,11,0.0001,True,59.537020000000005,True
CON3-9,12,0.5,False,99.06374,False
CON3-9,12,0.5,True,227.98329999999999,True
CON3-9,12,0.2,False,99.06374,False
CON3-9,12,0.2,True,191.48575,True
CON3-9,12,0.1,False,99.06374,False
CON3-9,12,0.1,True,146.31052,True
CON3-9,12,0.05,False,99.06374,False
CON3-9,12,0.05,True,146.31052,True
CON3-9,12,0.02,False,99.06374,False
CON3-9,12,0.02,True,158.15435000000002,True
CON3-9,12,0.005,False,99.06374,False
CON3-9,12,0.005,True,158.09065999999999,True
CON3-9,12,0.001,False,99.06374,False
CON3-9,12,0.001,True,158.09065999999999,True
CON3-9,12,0.0001,False,99.06374,False
CON3-9,12,0.0001,True,155.86693,True
CON3-9,13,0.5,False,59.063739999999996,False
CON3-9,13,0.5,True,196.66394,True
CON3-9,13,0.2,False,59.063739999999996,False
CON3-9,13,0.2,True,155.88149000000007,True
CON3-9,13,0.1,False,59.063739999999996,False
CON3-9,13,0.1,True,155.88149000000007,True
CON3-9,13,0.05,False,59.063739999999996,False
CON3-9,13,0.05,True,155.88149000000007,True
CON3-9,13,0.02,False,59.063739999999996,False
CON3-9,13,0.02,True,115.84364000000001,True
CON3-9,13,0.005,False,59.063739999999996,False
CON3-9,13,0.005,True,157.16315,True
CON3-9,13,0.001,False,59.063739999999996,False
CON3-9,13,0.001,True,151.21712,True
CON3-9,13,0.0001,False,59.063739999999996,False
CON3-9,13,0.0001,True,99.83264,True
CON3-9,14,0.5,False,59.063739999999996,False
CON3-9,14,0.5,True,235.88359000000003,True
CON3-9,14,0.2,False,59.063739999999996,False
CON3-9,14,0.2,True,196.30263999999997,True
CON3-9,14,0.1,False,59.063739999999996,False
CON3-9,14,0.1,True,154.26576999999997,True
CON3-9,14,0.05,False,59.063739999999996,False
CON3-9,14,0.05,True,193.75087000000002,True
CON3-9,14,0.02,False,59.063739999999996,False
CON3-9,14,0.02,True,102.19109999999999,True
CON3-9,14,0.005,False,59.063739999999996,False
CON3-9,14,0.005,True,67.80589,True
CON3-9,14,0.001,False,59.063739999999996,False
CON3-9,14,0.001,True,59.64074000000001,True
CON3-9,14,0.0001,False,59.063739999999996,False
CON3-9,14,0.0001,True,59.62820000000001,True
