sweep,scenario,x,seed,none_cost,none_fail,none_ho,v1_myo_cost,v1_myo_fail,v1_myo_ho,v1_myo_saving,v1_myo_gap,v1_tun_cost,v1_tun_fail,v1_tun_ho,v1_tun_saving,v1_tun_gap,fb_tun_cost,fb_tun_fail,fb_tun_ho,fb_tun_saving,fb_tun_gap,v2_lsm_cost,v2_lsm_fail,v2_lsm_ho,v2_lsm_saving,v2_lsm_gap,oracle_cost,oracle_fail,oracle_ho,oracle_saving
cost_ratio,ctd,2.0,0,0.203,0.1015,0.0,0.203,0.1015,0.0,0.0,100.0,0.203,0.1015,0.0,0.0,100.0,0.15908333333333333,0.04158333333333333,0.07591666666666666,21.633825944170777,56.73234811165844,0.15675,0.04033333333333333,0.07608333333333334,22.7832512315271,54.4334975369458,0.1015,0.0,0.1015,50.0
cost_ratio,ctd,2.0,1,0.20983333333333334,0.10491666666666667,0.0,0.20983333333333334,0.10491666666666667,0.0,0.0,100.0,0.20983333333333334,0.10491666666666667,0.0,0.0,100.0,0.16441666666666666,0.03858333333333333,0.08725,21.64416203335982,56.71167593328036,0.16075,0.038,0.08475,23.39158061953932,53.21683876092136,0.10491666666666667,0.0,0.10491666666666667,50.0
cost_ratio,ctd,2.0,2,0.2025,0.10125,0.0,0.2025,0.10125,0.0,0.0,100.0,0.2025,0.10125,0.0,0.0,100.0,0.16008333333333333,0.04075,0.07858333333333334,20.946502057613177,58.106995884773646,0.15616666666666668,0.04133333333333333,0.0735,22.88065843621399,54.23868312757202,0.10125,0.0,0.10125,50.0
cost_ratio,ctd,2.0,3,0.20483333333333334,0.10241666666666667,0.0,0.20483333333333334,0.10241666666666667,0.0,0.0,100.0,0.20483333333333334,0.10241666666666667,0.0,0.0,100.0,0.16266666666666665,0.04725,0.06816666666666667,20.585842148087885,58.82831570382423,0.15833333333333333,0.03841666666666667,0.0815,22.701383238405214,54.59723352318957,0.10241666666666667,0.0,0.10241666666666667,50.0
cost_ratio,ctd,2.0,4,0.20316666666666666,0.10158333333333333,0.0,0.20316666666666666,0.10158333333333333,0.0,0.0,100.0,0.20316666666666666,0.10158333333333333,0.0,0.0,100.0,0.16266666666666665,0.04858333333333333,0.0655,19.934372436423303,60.131255127153395,0.16216666666666665,0.04583333333333333,0.0705,20.180475799835936,59.63904840032812,0.10158333333333333,0.0,0.10158333333333333,50.0
cost_ratio,ctd,5.0,0,0.5075,0.1015,0.0,0.5075,0.1015,0.0,0.0,100.0,0.5075,0.1015,0.0,0.0,100.0,0.25816666666666666,0.02075,0.15441666666666667,49.129720853858785,38.58784893267652,0.24283333333333335,0.021,0.13783333333333334,52.15106732348111,34.81116584564862,0.1015,0.0,0.1015,80.0
cost_ratio,ctd,5.0,1,0.5245833333333333,0.10491666666666667,0.0,0.5245833333333333,0.10491666666666667,0.0,0.0,100.0,0.5245833333333333,0.10491666666666667,0.0,0.0,100.0,0.2615,0.02225,0.15025,50.15091342335186,37.31135822081017,0.24408333333333335,0.020083333333333335,0.14366666666666666,53.47100873709293,33.16123907863384,0.10491666666666667,0.0,0.10491666666666667,80.0
cost_ratio,ctd,5.0,2,0.50625,0.10125,0.0,0.50625,0.10125,0.0,0.0,100.00000000000001,0.50625,0.10125,0.0,0.0,100.00000000000001,0.2604166666666667,0.024416666666666666,0.13833333333333334,48.559670781893,39.30041152263375,0.23716666666666666,0.01875,0.14341666666666666,53.1522633744856,33.559670781893004,0.10125,0.0,0.10125,80.0
cost_ratio,ctd,5.0,3,0.5120833333333333,0.10241666666666667,0.0,0.5120833333333333,0.10241666666666667,0.0,0.0,100.0,0.5120833333333333,0.10241666666666667,0.0,0.0,100.0,0.25883333333333336,0.027,0.12383333333333334,49.45484133441822,38.18144833197723,0.23916666666666667,0.018333333333333333,0.1475,53.295362082994316,33.380797396257115,0.10241666666666667,0.0,0.10241666666666667,80.0
cost_ratio,ctd,5.0,4,0.5079166666666667,0.10158333333333333,0.0,0.5079166666666667,0.10158333333333333,0.0,0.0,100.0,0.5079166666666667,0.10158333333333333,0.0,0.0,100.0,0.26766666666666666,0.025833333333333333,0.1385,47.30106644790813,40.87366694011485,0.2514166666666667,0.025833333333333333,0.12225,50.50041017227236,36.87448728465956,0.10158333333333333,0.0,0.10158333333333333,80.0
cost_ratio,ctd,10.0,0,1.015,0.1015,0.0,1.015,0.1015,0.0,0.0,99.99999999999999,1.015,0.1015,0.0,0.0,99.99999999999999,0.35591666666666666,0.015666666666666666,0.19925,64.93431855500822,27.85075716110199,0.31175,0.0125,0.18675,69.28571428571428,23.015873015873023,0.1015,0.0,0.1015,89.99999999999999
cost_ratio,ctd,10.0,1,1.0491666666666666,0.10491666666666667,0.0,1.0491666666666666,0.10491666666666667,0.0,0.0,100.0,1.0491666666666666,0.10491666666666667,0.0,0.0,100.0,0.35408333333333336,0.012916666666666667,0.22491666666666665,66.25099285146942,26.38778572058954,0.3145833333333333,0.009916666666666667,0.21541666666666667,70.01588562351073,22.204571529432535,0.10491666666666667,0.0,0.10491666666666667,90.0
cost_ratio,ctd,10.0,2,1.0125,0.10125,0.0,1.0125,0.10125,0.0,0.0,100.0,1.0125,0.10125,0.0,0.0,100.0,0.3516666666666667,0.0155,0.19666666666666666,65.26748971193416,27.48056698673983,0.3075,0.008833333333333334,0.21916666666666668,69.62962962962963,22.63374485596708,0.10125,0.0,0.10125,89.99999999999999
cost_ratio,ctd,10.0,3,1.0241666666666667,0.10241666666666667,0.0,1.0241666666666667,0.10241666666666667,0.0,0.0,100.0,1.0241666666666667,0.10241666666666667,0.0,0.0,100.0,0.3475,0.016083333333333335,0.18666666666666668,66.0699755899105,26.58891601121056,0.3140833333333333,0.014166666666666666,0.17241666666666666,69.33279088689993,22.963565681222313,0.10241666666666667,0.0,0.10241666666666667,90.0
cost_ratio,ctd,10.0,4,1.0158333333333334,0.10158333333333333,0.0,1.0158333333333334,0.10158333333333333,0.0,0.0,100.0,1.0158333333333334,0.10158333333333333,0.0,0.0,100.0,0.37533333333333335,0.01925,0.18283333333333332,63.051681706316664,29.94257588187039,0.32358333333333333,0.012333333333333333,0.20025,68.14602132895817,24.28219852337982,0.10158333333333333,0.0,0.10158333333333333,90.0
cost_ratio,ctd,20.0,0,2.03,0.1015,0.0,2.03,0.1015,0.0,0.0,100.0,2.03,0.1015,0.0,0.0,100.0,0.49441666666666667,0.0135,0.22441666666666665,75.64449917898193,20.374211390545334,0.4126666666666667,0.006083333333333333,0.291,79.67159277504105,16.13516549995679,0.1015,0.0,0.1015,95.0
cost_ratio,ctd,20.0,1,2.098333333333333,0.10491666666666667,0.0,2.098333333333333,0.10491666666666667,0.0,0.0,100.0,2.098333333333333,0.10491666666666667,0.0,0.0,100.0,0.47775,0.010583333333333333,0.26608333333333334,77.23193010325656,18.703231470256263,0.4101666666666667,0.00625,0.2851666666666667,80.4527402700556,15.312904978888845,0.10491666666666667,0.0,0.10491666666666667,95.0
cost_ratio,ctd,20.0,2,2.025,0.10125,0.0,2.025,0.10125,0.0,0.0,100.0,2.025,0.10125,0.0,0.0,100.0,0.48725,0.0105,0.27725,75.93827160493828,20.064977257959715,0.40041666666666664,0.004833333333333334,0.30375,80.22633744855966,15.55122373835824,0.10125,0.0,0.10125,94.99999999999999
cost_ratio,ctd,20.0,3,2.0483333333333333,0.10241666666666667,0.0,2.0483333333333333,0.10241666666666667,0.0,0.0,100.0,2.0483333333333333,0.10241666666666667,0.0,0.0,100.0,0.4555,0.008416666666666666,0.2871666666666667,77.76240846216436,18.144833197721727,0.37975,0.005166666666666667,0.27641666666666664,81.46053702196907,14.252066292664123,0.10241666666666667,0.0,0.10241666666666667,95.0
cost_ratio,ctd,20.0,4,2.0316666666666667,0.10158333333333333,0.0,2.0316666666666667,0.10158333333333333,0.0,0.0,100.0,2.0316666666666667,0.10158333333333333,0.0,0.0,100.0,0.5678333333333333,0.01925,0.18283333333333332,72.05086136177195,24.156988040240055,0.43091666666666667,0.00925,0.24591666666666667,78.78999179655456,17.063166529942578,0.10158333333333333,0.0,0.10158333333333333,95.0
cost_ratio,milk_run,2.0,0,0.20583333333333334,0.10291666666666667,0.0,0.17716666666666667,0.014833333333333334,0.1475,13.927125506072876,72.14574898785425,0.15058333333333335,0.03908333333333333,0.07241666666666667,26.84210526315789,46.31578947368422,0.15058333333333335,0.03908333333333333,0.07241666666666667,26.84210526315789,46.31578947368422,0.145,0.02525,0.0945,29.55465587044535,40.8906882591093,0.10291666666666667,0.0,0.10291666666666667,50.00000000000001
cost_ratio,milk_run,2.0,1,0.202,0.101,0.0,0.1725,0.011083333333333334,0.15033333333333335,14.603960396039618,70.79207920792076,0.15116666666666667,0.028,0.09516666666666666,25.165016501650165,49.669966996699664,0.15116666666666667,0.028,0.09516666666666666,25.165016501650165,49.669966996699664,0.14408333333333334,0.026083333333333333,0.09191666666666666,28.67161716171617,42.65676567656766,0.101,0.0,0.101,50.00000000000001
cost_ratio,milk_run,2.0,2,0.1995,0.09975,0.0,0.1645,0.01,0.1445,17.54385964912281,64.91228070175438,0.14425,0.023,0.09825,27.69423558897244,44.61152882205512,0.14425,0.023,0.09825,27.69423558897244,44.61152882205512,0.13716666666666666,0.018583333333333334,0.1,31.244778613199674,37.51044277360065,0.09975,0.0,0.09975,50.00000000000001
cost_ratio,milk_run,2.0,3,0.2025,0.10125,0.0,0.16975,0.012916666666666667,0.14391666666666666,16.17283950617284,67.65432098765432,0.14625,0.029916666666666668,0.08641666666666667,27.777777777777786,44.44444444444442,0.14625,0.029916666666666668,0.08641666666666667,27.777777777777786,44.44444444444442,0.14275,0.030416666666666668,0.08191666666666667,29.50617283950618,40.98765432098764,0.10125,0.0,0.10125,50.0
cost_ratio,milk_run,2.0,4,0.20383333333333334,0.10191666666666667,0.0,0.18075,0.011833333333333333,0.15708333333333332,11.324611610793136,77.35077677841373,0.14775,0.03375,0.08025,27.514309076042522,44.97138184791495,0.14775,0.03375,0.08025,27.514309076042522,44.97138184791495,0.14433333333333334,0.02475,0.09483333333333334,29.190515126737527,41.61896974652494,0.10191666666666667,0.0,0.10191666666666667,50.0
cost_ratio,milk_run,5.0,0,0.5145833333333333,0.10291666666666667,0.0,0.33366666666666667,0.0004166666666666667,0.33158333333333334,35.157894736842096,56.052631578947384,0.21875,0.017916666666666668,0.12916666666666668,57.48987854251012,28.13765182186235,0.21875,0.017916666666666668,0.12916666666666668,57.48987854251012,28.13765182186235,0.18841666666666668,0.007916666666666667,0.14883333333333335,63.38461538461538,20.769230769230774,0.10291666666666667,0.0,0.10291666666666667,80.0
cost_ratio,milk_run,5.0,1,0.505,0.101,0.0,0.3248333333333333,0.0003333333333333333,0.32316666666666666,35.676567656765684,55.40429042904289,0.2045,0.013083333333333334,0.13908333333333334,59.5049504950495,25.618811881188112,0.2045,0.013083333333333334,0.13908333333333334,59.5049504950495,25.618811881188112,0.18308333333333332,0.00825,0.14183333333333334,63.74587458745875,20.317656765676563,0.101,0.0,0.101,80.00000000000001
cost_ratio,milk_run,5.0,2,0.49875,0.09975,0.0,0.32375,0.0004166666666666667,0.32166666666666666,35.08771929824562,56.14035087719298,0.1945,0.01,0.1445,61.00250626566416,23.7468671679198,0.1945,0.01,0.1445,61.00250626566416,23.7468671679198,0.17591666666666667,0.008583333333333333,0.133,64.72848788638262,19.08939014202172,0.09975,0.0,0.09975,80.00000000000001
cost_ratio,milk_run,5.0,3,0.50625,0.10125,0.0,0.31225,8.333333333333333e-05,0.31183333333333335,38.32098765432098,52.09876543209877,0.20683333333333334,0.015583333333333333,0.12891666666666668,59.144032921810705,26.06995884773663,0.20683333333333334,0.015583333333333333,0.12891666666666668,59.144032921810705,26.06995884773663,0.17833333333333334,0.00875,0.13458333333333333,64.77366255144032,19.03292181069959,0.10125,0.0,0.10125,80.0
cost_ratio,milk_run,5.0,4,0.5095833333333334,0.10191666666666667,0.0,0.34608333333333335,0.00016666666666666666,0.34525,32.08503679476697,59.89370400654129,0.20858333333333334,0.014083333333333333,0.13816666666666666,59.06786590351595,26.165167620605068,0.20858333333333334,0.014083333333333333,0.13816666666666666,59.06786590351595,26.165167620605068,0.18508333333333332,0.008,0.14508333333333334,63.6794766966476,20.400654129190507,0.10191666666666667,0.0,0.10191666666666667,80.0
cost_ratio,milk_run,10.0,0,1.0291666666666666,0.10291666666666667,0.0,0.4290833333333333,8.333333333333333e-05,0.42825,58.307692307692314,35.21367521367522,0.26908333333333334,0.007416666666666667,0.19491666666666665,73.85425101214575,17.939721097615838,0.26908333333333334,0.007416666666666667,0.19491666666666665,73.85425101214575,17.939721097615838,0.22066666666666668,0.004583333333333333,0.17483333333333334,78.5587044534413,12.71255060728745,0.10291666666666667,0.0,0.10291666666666667,90.0
cost_ratio,milk_run,10.0,1,1.01,0.101,0.0,0.45208333333333334,0.0,0.45208333333333334,55.23927392739274,38.62302896956361,0.24158333333333334,0.006333333333333333,0.17825,76.08085808580859,15.465713237990466,0.24158333333333334,0.006333333333333333,0.17825,76.08085808580859,15.465713237990466,0.20941666666666667,0.0035833333333333333,0.17358333333333334,79.26567656765677,11.927026035936926,0.101,0.0,0.101,90.0
cost_ratio,milk_run,10.0,2,0.9975,0.09975,0.0,0.4018333333333333,0.0,0.4018333333333333,59.715956558061826,33.648937157709085,0.24441666666666667,0.004,0.20441666666666666,75.49707602339181,16.114359974009098,0.24441666666666667,0.004,0.20441666666666666,75.49707602339181,16.114359974009098,0.20841666666666667,0.0036666666666666666,0.17175,79.10609857978278,12.104334911352453,0.09975,0.0,0.09975,90.0
cost_ratio,milk_run,10.0,3,1.0125,0.10125,0.0,0.4305833333333333,0.0,0.4305833333333333,57.47325102880658,36.14083219021491,0.2505833333333333,0.00575,0.19308333333333333,75.25102880658436,16.38774577046182,0.2505833333333333,0.00575,0.19308333333333333,75.25102880658436,16.38774577046182,0.21708333333333332,0.0035,0.18208333333333335,78.55967078189302,12.711476909007773,0.10125,0.0,0.10125,89.99999999999999
cost_ratio,milk_run,10.0,4,1.0191666666666668,0.10191666666666667,0.0,0.4419166666666667,8.333333333333333e-05,0.4410833333333333,56.639411283728535,37.06732079585718,0.248,0.004416666666666667,0.20383333333333334,75.66639411283728,15.926228763514127,0.248,0.004416666666666667,0.20383333333333334,75.66639411283728,15.926228763514127,0.21608333333333332,0.003,0.18608333333333332,78.79803761242846,12.446624875079493,0.10191666666666667,0.0,0.10191666666666667,90.0
cost_ratio,milk_run,20.0,0,2.058333333333333,0.10291666666666667,0.0,0.52475,0.0,0.52475,74.50607287449392,21.572554868953766,0.29375,0.002916666666666667,0.23541666666666666,85.72874493927125,9.75921585339868,0.29375,0.002916666666666667,0.23541666666666666,85.72874493927125,9.75921585339868,0.23883333333333334,0.0013333333333333333,0.21216666666666667,88.39676113360323,6.950777754101856,0.10291666666666667,0.0,0.10291666666666667,94.99999999999999
cost_ratio,milk_run,20.0,1,2.02,0.101,0.0,0.5574166666666667,0.0,0.5574166666666667,72.40511551155114,23.784088935209308,0.2805,0.003916666666666666,0.20216666666666666,86.11386138613862,9.353830119854091,0.2805,0.003916666666666666,0.20216666666666666,86.11386138613862,9.353830119854091,0.22258333333333333,0.0011666666666666668,0.19925,88.98102310231023,6.335765155462914,0.101,0.0,0.101,95.0
cost_ratio,milk_run,20.0,2,1.995,0.09975,0.0,0.5798333333333333,0.0,0.5798333333333333,70.93567251461988,25.330871037242225,0.28441666666666665,0.004,0.20441666666666666,85.7435254803676,9.743657389086751,0.28441666666666665,0.004,0.20441666666666666,85.7435254803676,9.743657389086751,0.236,0.002,0.196,88.1704260651629,7.189025194565359,0.09975,0.0,0.09975,95.0
cost_ratio,milk_run,20.0,3,2.025,0.10125,0.0,0.51925,0.0,0.51925,74.35802469135803,21.728395061728396,0.28441666666666665,0.0015,0.2544166666666667,85.95473251028807,9.521334199696772,0.28441666666666665,0.0015,0.2544166666666667,85.95473251028807,9.521334199696772,0.23941666666666667,0.0013333333333333333,0.21275,88.1769547325103,7.182152913147066,0.10125,0.0,0.10125,94.99999999999999
cost_ratio,milk_run,20.0,4,2.0383333333333336,0.10191666666666667,0.0,0.58975,0.0,0.58975,71.0670482420278,25.192580797865467,0.2801666666666667,0.0015833333333333333,0.2485,86.2551103843009,9.20514696389379,0.2801666666666667,0.0015833333333333333,0.2485,86.2551103843009,9.20514696389379,0.22858333333333333,0.0015,0.19858333333333333,88.7857726901063,6.541291905151265,0.10191666666666667,0.0,0.10191666666666667,95.0
n_train,ctd,200,0,0.5795833333333333,0.11591666666666667,0.0,0.5795833333333333,0.11591666666666667,0.0,0.0,100.0,0.5795833333333333,0.11591666666666667,0.0,0.0,100.0,0.28925,0.030833333333333334,0.13508333333333333,50.09345794392523,37.383177570093466,0.28525,0.03166666666666667,0.12691666666666668,50.783608914450035,36.520488856937455,0.11591666666666667,0.0,0.11591666666666667,80.0
n_train,ctd,200,1,0.6145833333333334,0.12291666666666666,0.0,0.6145833333333334,0.12291666666666666,0.0,0.0,100.0,0.6145833333333334,0.12291666666666666,0.0,0.0,100.0,0.3428333333333333,0.04733333333333333,0.10616666666666667,44.21694915254238,44.72881355932203,0.28275,0.02666666666666667,0.14941666666666667,53.99322033898305,32.50847457627118,0.12291666666666666,0.0,0.12291666666666666,80.0
n_train,ctd,200,2,0.6191666666666666,0.12383333333333334,0.0,0.6191666666666666,0.12383333333333334,0.0,0.0,100.0,0.6191666666666666,0.12383333333333334,0.0,0.0,100.0,0.3383333333333333,0.04766666666666667,0.1,45.356662180349936,43.30417227456258,0.3478333333333333,0.043833333333333335,0.12866666666666668,43.822341857335125,45.22207267833109,0.12383333333333334,0.0,0.12383333333333334,80.0
n_train,ctd,200,3,0.4875,0.0975,0.0,0.4875,0.0975,0.0,0.0,100.0,0.4875,0.0975,0.0,0.0,100.0,0.29383333333333334,0.033,0.12883333333333333,39.72649572649573,50.34188034188034,0.248,0.017666666666666667,0.15966666666666668,49.12820512820513,38.589743589743584,0.0975,0.0,0.0975,80.0
n_train,ctd,200,4,0.55375,0.11075,0.0,0.55375,0.11075,0.0,0.0,100.0,0.55375,0.11075,0.0,0.0,100.0,0.286,0.029083333333333333,0.14058333333333334,48.35214446952596,39.55981941309254,0.29675,0.03783333333333333,0.10758333333333334,46.41083521444695,41.98645598194132,0.11075,0.0,0.11075,80.0
n_train,ctd,500,0,0.60875,0.12175,0.0,0.60875,0.12175,0.0,0.0,100.0,0.60875,0.12175,0.0,0.0,100.0,0.30175,0.031083333333333334,0.14633333333333334,50.431211498973305,36.960985626283374,0.288,0.026583333333333334,0.15508333333333332,52.68993839835729,34.13757700205338,0.12175,0.0,0.12175,79.99999999999999
n_train,ctd,500,1,0.6245833333333334,0.12491666666666666,0.0,0.6245833333333334,0.12491666666666666,0.0,0.0,100.0,0.6245833333333334,0.12491666666666666,0.0,0.0,100.0,0.314,0.03825,0.12275,49.72648432288192,37.841894596397594,0.283,0.023583333333333335,0.16508333333333333,54.68979319546364,31.637758505670437,0.12491666666666666,0.0,0.12491666666666666,80.0
n_train,ctd,500,2,0.49416666666666664,0.09883333333333333,0.0,0.49416666666666664,0.09883333333333333,0.0,0.0,100.0,0.49416666666666664,0.09883333333333333,0.0,0.0,100.0,0.2485,0.025833333333333333,0.11933333333333333,49.71332209106239,37.85834738617201,0.24583333333333332,0.020666666666666667,0.1425,50.252951096121414,37.18381112984823,0.09883333333333333,0.0,0.09883333333333333,80.0
n_train,ctd,500,3,0.57625,0.11525,0.0,0.57625,0.11525,0.0,0.0,100.0,0.57625,0.11525,0.0,0.0,100.0,0.27858333333333335,0.017666666666666667,0.19025,51.65582067968185,35.430224150397684,0.282,0.024666666666666667,0.15866666666666668,51.06290672451194,36.17136659436008,0.11525,0.0,0.11525,80.0
n_train,ctd,500,4,0.5208333333333334,0.10416666666666667,0.0,0.5208333333333334,0.10416666666666667,0.0,0.0,100.0,0.5208333333333334,0.10416666666666667,0.0,0.0,100.0,0.26908333333333334,0.025833333333333333,0.13991666666666666,48.336000000000006,39.58,0.2664166666666667,0.03141666666666667,0.10933333333333334,48.848,38.940000000000005,0.10416666666666667,0.0,0.10416666666666667,80.0
n_train,ctd,1000,0,0.58125,0.11625,0.0,0.58125,0.11625,0.0,0.0,100.0,0.58125,0.11625,0.0,0.0,100.0,0.2828333333333333,0.022916666666666665,0.16825,51.3405017921147,35.82437275985662,0.27141666666666664,0.023083333333333334,0.156,53.3046594982079,33.36917562724013,0.11625,0.0,0.11625,80.0
n_train,ctd,1000,1,0.5533333333333333,0.11066666666666666,0.0,0.5533333333333333,0.11066666666666666,0.0,0.0,100.0,0.5533333333333333,0.11066666666666666,0.0,0.0,100.0,0.28791666666666665,0.0315,0.13041666666666665,47.96686746987952,40.0414156626506,0.27208333333333334,0.0315,0.11458333333333333,50.82831325301205,36.464608433734945,0.11066666666666666,0.0,0.11066666666666666,80.0
n_train,ctd,1000,2,0.4816666666666667,0.09633333333333334,0.0,0.4816666666666667,0.09633333333333334,0.0,0.0,100.0,0.4816666666666667,0.09633333333333334,0.0,0.0,100.0,0.25166666666666665,0.020583333333333332,0.14875,47.75086505190312,40.3114186851211,0.22841666666666666,0.014416666666666666,0.15633333333333332,52.57785467128028,34.277681660899646,0.09633333333333334,0.0,0.09633333333333334,80.00000000000001
n_train,ctd,1000,3,0.49875,0.09975,0.0,0.49875,0.09975,0.0,0.0,100.00000000000001,0.49875,0.09975,0.0,0.0,100.00000000000001,0.25683333333333336,0.031,0.10183333333333333,48.50459482038429,39.36925647451964,0.23358333333333334,0.015916666666666666,0.154,53.16624895572264,33.5421888053467,0.09975,0.0,0.09975,80.00000000000001
n_train,ctd,1000,4,0.45416666666666666,0.09083333333333334,0.0,0.45416666666666666,0.09083333333333334,0.0,0.0,100.0,0.45416666666666666,0.09083333333333334,0.0,0.0,100.0,0.25316666666666665,0.030083333333333333,0.10275,44.25688073394496,44.67889908256881,0.231,0.024666666666666667,0.10766666666666666,49.137614678899084,38.57798165137614,0.09083333333333334,0.0,0.09083333333333334,80.0
n_train,ctd,5000,0,0.5416666666666666,0.10833333333333334,0.0,0.5416666666666666,0.10833333333333334,0.0,0.0,100.0,0.5416666666666666,0.10833333333333334,0.0,0.0,100.0,0.2688333333333333,0.022166666666666668,0.158,50.36923076923077,37.03846153846153,0.2584166666666667,0.021166666666666667,0.15258333333333332,52.29230769230769,34.634615384615394,0.10833333333333334,0.0,0.10833333333333334,80.0
n_train,ctd,5000,1,0.5141666666666667,0.10283333333333333,0.0,0.5141666666666667,0.10283333333333333,0.0,0.0,100.0,0.5141666666666667,0.10283333333333333,0.0,0.0,100.0,0.2535833333333333,0.022583333333333334,0.14066666666666666,50.680713128038896,36.649108589951375,0.23991666666666667,0.019083333333333334,0.1445,53.3387358184765,33.326580226904376,0.10283333333333333,0.0,0.10283333333333333,80.0
n_train,ctd,5000,2,0.4995833333333333,0.09991666666666667,0.0,0.4995833333333333,0.09991666666666667,0.0,0.0,100.0,0.4995833333333333,0.09991666666666667,0.0,0.0,100.0,0.2500833333333333,0.021916666666666668,0.1405,49.94161801501251,37.57297748123436,0.23483333333333334,0.019083333333333334,0.13941666666666666,52.99416180150125,33.75729774812344,0.09991666666666667,0.0,0.09991666666666667,80.0
n_train,ctd,5000,3,0.49583333333333335,0.09916666666666667,0.0,0.49583333333333335,0.09916666666666667,0.0,0.0,100.0,0.49583333333333335,0.09916666666666667,0.0,0.0,100.0,0.24266666666666667,0.01825,0.15141666666666667,51.05882352941176,36.1764705882353,0.23316666666666666,0.01633333333333333,0.1515,52.9747899159664,33.78151260504202,0.09916666666666667,0.0,0.09916666666666667,79.99999999999999
n_train,ctd,5000,4,0.5120833333333333,0.10241666666666667,0.0,0.5120833333333333,0.10241666666666667,0.0,0.0,100.0,0.5120833333333333,0.10241666666666667,0.0,0.0,100.0,0.2698333333333333,0.027333333333333334,0.13316666666666666,47.30675345809602,40.866558177379986,0.2510833333333333,0.024416666666666666,0.129,50.96826688364524,36.28966639544345,0.10241666666666667,0.0,0.10241666666666667,80.0
n_train,ctd,20000,0,0.505,0.101,0.0,0.505,0.101,0.0,0.0,100.00000000000001,0.505,0.101,0.0,0.0,100.00000000000001,0.25808333333333333,0.020916666666666667,0.1535,48.8943894389439,38.88201320132013,0.24066666666666667,0.020416666666666666,0.13858333333333334,52.343234323432334,34.570957095709566,0.101,0.0,0.101,80.00000000000001
n_train,ctd,20000,1,0.515,0.103,0.0,0.515,0.103,0.0,0.0,100.0,0.515,0.103,0.0,0.0,100.0,0.25475,0.02725,0.1185,50.53398058252427,36.832524271844655,0.241,0.019833333333333335,0.14183333333333334,53.20388349514563,33.49514563106796,0.103,0.0,0.103,80.0
n_train,ctd,20000,2,0.5083333333333333,0.10166666666666667,0.0,0.5083333333333333,0.10166666666666667,0.0,0.0,100.0,0.5083333333333333,0.10166666666666667,0.0,0.0,100.0,0.2614166666666667,0.023333333333333334,0.14475,48.57377049180327,39.282786885245905,0.23841666666666667,0.021916666666666668,0.12883333333333333,53.0983606557377,33.62704918032787,0.10166666666666667,0.0,0.10166666666666667,80.0
n_train,ctd,20000,3,0.4995833333333333,0.09991666666666667,0.0,0.4995833333333333,0.09991666666666667,0.0,0.0,100.0,0.4995833333333333,0.09991666666666667,0.0,0.0,100.0,0.2500833333333333,0.028583333333333332,0.10716666666666666,49.94161801501251,37.57297748123436,0.23316666666666666,0.01633333333333333,0.1515,53.3277731442869,33.340283569641365,0.09991666666666667,0.0,0.09991666666666667,80.0
n_train,ctd,20000,4,0.5041666666666667,0.10083333333333333,0.0,0.5041666666666667,0.10083333333333333,0.0,0.0,99.99999999999999,0.5041666666666667,0.10083333333333333,0.0,0.0,99.99999999999999,0.26508333333333334,0.02625,0.13383333333333333,47.421487603305785,40.723140495867774,0.24783333333333332,0.022916666666666665,0.13325,50.84297520661156,36.446280991735534,0.10083333333333333,0.0,0.10083333333333333,80.0
n_train,milk_run,200,0,0.5879166666666666,0.11758333333333333,0.0,0.3770833333333333,8.333333333333333e-05,0.37666666666666665,35.86109142452162,55.17363571934798,0.27891666666666665,0.027333333333333334,0.14225,52.55846917080085,34.30191353649894,0.27891666666666665,0.027333333333333334,0.14225,52.55846917080085,34.30191353649894,0.21883333333333332,0.007166666666666667,0.183,62.778171509567684,21.527285613040398,0.11758333333333333,0.0,0.11758333333333333,80.0
n_train,milk_run,200,1,0.51875,0.10375,0.0,0.36666666666666664,8.333333333333333e-05,0.36625,29.317269076305234,63.353413654618464,0.2395,0.02075,0.13575,53.83132530120482,32.710843373493965,0.2395,0.02075,0.13575,53.83132530120482,32.710843373493965,0.25558333333333333,0.007583333333333333,0.21766666666666667,50.73092369477912,36.5863453815261,0.10375,0.0,0.10375,80.0
n_train,milk_run,200,2,0.53375,0.10675,0.0,0.2985,0.0006666666666666666,0.2951666666666667,44.074941451990625,44.90632318501171,0.21116666666666667,0.0175,0.12366666666666666,60.437158469945345,24.453551912568308,0.21116666666666667,0.0175,0.12366666666666666,60.437158469945345,24.453551912568308,0.21008333333333334,0.005333333333333333,0.18341666666666667,60.64012490241998,24.199843871975023,0.10675,0.0,0.10675,80.0
n_train,milk_run,200,3,0.5029166666666667,0.10058333333333333,0.0,0.3030833333333333,0.0004166666666666667,0.301,39.73487986743994,50.33140016570008,0.19966666666666666,0.01575,0.12091666666666667,60.29826014913008,24.627174813587406,0.19966666666666666,0.01575,0.12091666666666667,60.29826014913008,24.627174813587406,0.19491666666666665,0.015083333333333334,0.1195,61.242750621375315,23.44656172328086,0.10058333333333333,0.0,0.10058333333333333,80.0
n_train,milk_run,200,4,0.42375,0.08475,0.0,0.29133333333333333,0.0003333333333333333,0.2896666666666667,31.2487708947886,60.939036381514256,0.19525,0.008166666666666666,0.15441666666666667,53.92330383480826,32.59587020648968,0.19525,0.008166666666666666,0.15441666666666667,53.92330383480826,32.59587020648968,0.19091666666666668,0.009916666666666667,0.14133333333333334,54.945919370698135,31.317600786627334,0.08475,0.0,0.08475,80.00000000000001
n_train,milk_run,500,0,0.58625,0.11725,0.0,0.31783333333333336,0.0006666666666666666,0.3145,45.785358919687276,42.76830135039091,0.248,0.015583333333333333,0.17008333333333334,57.69722814498934,27.878464818763323,0.248,0.015583333333333333,0.17008333333333334,57.69722814498934,27.878464818763323,0.21358333333333332,0.01025,0.16233333333333333,63.5678749111585,20.540156361051878,0.11725,0.0,0.11725,80.0
n_train,milk_run,500,1,0.7170833333333333,0.14341666666666666,0.0,0.33716666666666667,8.333333333333333e-05,0.33675,52.98082510168506,33.77396862289367,0.24541666666666667,0.01325,0.17916666666666667,65.77571179546776,17.780360255665315,0.24541666666666667,0.01325,0.17916666666666667,65.77571179546776,17.780360255665315,0.24708333333333332,0.013833333333333333,0.17791666666666667,65.54328878558978,18.07088901801278,0.14341666666666666,0.0,0.14341666666666666,80.0
n_train,milk_run,500,2,0.4395833333333333,0.08791666666666667,0.0,0.31708333333333333,0.00025,0.31583333333333335,27.86729857819905,65.16587677725117,0.19775,0.007083333333333333,0.16233333333333333,55.01421800947867,31.23222748815166,0.19775,0.007083333333333333,0.16233333333333333,55.01421800947867,31.23222748815166,0.18741666666666668,0.007166666666666667,0.15158333333333332,57.3649289099526,28.293838862559245,0.08791666666666667,0.0,0.08791666666666667,80.00000000000001
n_train,milk_run,500,3,0.5633333333333334,0.11266666666666666,0.0,0.35383333333333333,0.0003333333333333333,0.3521666666666667,37.18934911242604,53.51331360946746,0.22266666666666668,0.017833333333333333,0.1335,60.473372781065095,24.408284023668642,0.22266666666666668,0.017833333333333333,0.1335,60.473372781065095,24.408284023668642,0.21208333333333335,0.01625,0.13083333333333333,62.35207100591716,22.059911242603555,0.11266666666666666,0.0,0.11266666666666666,79.99999999999999
n_train,milk_run,500,4,0.49875,0.09975,0.0,0.345,0.00016666666666666666,0.3441666666666667,30.82706766917294,61.46616541353383,0.21266666666666667,0.012083333333333333,0.15225,57.36006683375104,28.299916457811193,0.21266666666666667,0.012083333333333333,0.15225,57.36006683375104,28.299916457811193,0.1995,0.012166666666666666,0.13866666666666666,60.0,25.000000000000004,0.09975,0.0,0.09975,80.00000000000001
n_train,milk_run,1000,0,0.48083333333333333,0.09616666666666666,0.0,0.3279166666666667,0.00025,0.32666666666666666,31.80242634315424,60.2469670710572,0.20841666666666667,0.0155,0.13091666666666665,56.65511265164644,29.18110918544194,0.20841666666666667,0.0155,0.13091666666666665,56.65511265164644,29.18110918544194,0.18491666666666667,0.00575,0.15616666666666668,61.5424610051993,23.07192374350087,0.09616666666666666,0.0,0.09616666666666666,80.0
n_train,milk_run,1000,1,0.5591666666666667,0.11183333333333334,0.0,0.334,0.0003333333333333333,0.3323333333333333,40.26825633383011,49.664679582712374,0.22291666666666668,0.01125,0.16666666666666666,60.13412816691506,24.832339791356187,0.22291666666666668,0.01125,0.16666666666666666,60.13412816691506,24.832339791356187,0.20466666666666666,0.009,0.15966666666666668,63.397913561847986,20.75260804769001,0.11183333333333334,0.0,0.11183333333333334,80.0
n_train,milk_run,1000,2,0.5629166666666666,0.11258333333333333,0.0,0.3284166666666667,0.0003333333333333333,0.32675,41.65803108808289,47.92746113989639,0.22175,0.012583333333333334,0.15883333333333333,60.60695780903034,24.24130273871207,0.22175,0.012583333333333334,0.15883333333333333,60.60695780903034,24.24130273871207,0.20425,0.00625,0.173,63.715766099185785,20.355292376017765,0.11258333333333333,0.0,0.11258333333333333,80.0
n_train,milk_run,1000,3,0.48791666666666667,0.09758333333333333,0.0,0.306,8.333333333333333e-05,0.3055833333333333,37.284372331340734,53.39453458582408,0.19641666666666666,0.0065,0.16391666666666665,59.74380871050384,25.320239111870197,0.19641666666666666,0.0065,0.16391666666666665,59.74380871050384,25.320239111870197,0.20175,0.002916666666666667,0.18716666666666668,58.65072587532024,26.686592655849704,0.09758333333333333,0.0,0.09758333333333333,80.0
n_train,milk_run,1000,4,0.44958333333333333,0.08991666666666667,0.0,0.3298333333333333,0.0003333333333333333,0.32816666666666666,26.63577386468953,66.70528266913807,0.19258333333333333,0.016,0.11258333333333333,57.16404077849861,28.544949026876733,0.19258333333333333,0.016,0.11258333333333333,57.16404077849861,28.544949026876733,0.17258333333333334,0.006333333333333333,0.14091666666666666,61.61260426320668,22.984244670991654,0.08991666666666667,0.0,0.08991666666666667,80.0
n_train,milk_run,5000,0,0.5191666666666667,0.10383333333333333,0.0,0.3263333333333333,0.0004166666666666667,0.32425,37.142857142857146,53.57142857142856,0.22191666666666668,0.014666666666666666,0.14858333333333335,57.255216693418944,28.43097913322633,0.22191666666666668,0.014666666666666666,0.14858333333333335,57.255216693418944,28.43097913322633,0.19183333333333333,0.01025,0.14058333333333334,63.049759229534516,21.18780096308186,0.10383333333333333,0.0,0.10383333333333333,80.0
n_train,milk_run,5000,1,0.5625,0.1125,0.0,0.32608333333333334,0.00016666666666666666,0.32525,42.029629629629625,47.46296296296296,0.21775,0.0095,0.17025,61.28888888888889,23.38888888888889,0.21775,0.0095,0.17025,61.28888888888889,23.38888888888889,0.19558333333333333,0.006833333333333334,0.16141666666666668,65.22962962962964,18.462962962962962,0.1125,0.0,0.1125,80.0
n_train,milk_run,5000,2,0.4920833333333333,0.09841666666666667,0.0,0.34058333333333335,0.00025,0.3393333333333333,30.78746824724809,61.515664690939886,0.18991666666666668,0.011416666666666667,0.13283333333333333,61.40558848433531,23.243014394580864,0.18991666666666668,0.011416666666666667,0.13283333333333333,61.40558848433531,23.243014394580864,0.17841666666666667,0.0065,0.14591666666666667,63.74259102455546,20.321761219305674,0.09841666666666667,0.0,0.09841666666666667,80.0
n_train,milk_run,5000,3,0.5066666666666667,0.10133333333333333,0.0,0.33408333333333334,0.0003333333333333333,0.3324166666666667,34.0625,57.421875,0.19733333333333333,0.011583333333333333,0.13941666666666666,61.05263157894736,23.684210526315788,0.19733333333333333,0.011583333333333333,0.13941666666666666,61.05263157894736,23.684210526315788,0.18158333333333335,0.009416666666666667,0.1345,64.16118421052633,19.79851973684211,0.10133333333333333,0.0,0.10133333333333333,80.0
n_train,milk_run,5000,4,0.5329166666666667,0.10658333333333334,0.0,0.32058333333333333,0.0005,0.31808333333333333,39.84362783424551,50.195465207193116,0.21775,0.01175,0.159,59.139953088350275,26.075058639562158,0.21775,0.01175,0.159,59.139953088350275,26.075058639562158,0.19191666666666668,0.007666666666666666,0.15358333333333332,63.98749022673964,20.015637216575453,0.10658333333333334,0.0,0.10658333333333334,80.0
n_train,milk_run,20000,0,0.50375,0.10075,0.0,0.32475,0.0004166666666666667,0.32266666666666666,35.53349875930522,55.58312655086848,0.21433333333333332,0.016833333333333332,0.13016666666666668,57.452440033085196,28.184449958643498,0.21433333333333332,0.016833333333333332,0.13016666666666668,57.452440033085196,28.184449958643498,0.18441666666666667,0.008583333333333333,0.1415,63.39123242349049,20.76095947063689,0.10075,0.0,0.10075,80.0
n_train,milk_run,20000,1,0.505,0.101,0.0,0.31683333333333336,8.333333333333333e-05,0.3164166666666667,37.26072607260726,53.42409240924093,0.20758333333333334,0.014583333333333334,0.13466666666666666,58.8943894389439,26.38201320132013,0.20758333333333334,0.014583333333333334,0.13466666666666666,58.8943894389439,26.38201320132013,0.18316666666666667,0.007,0.14816666666666667,63.729372937293725,20.33828382838284,0.101,0.0,0.101,80.00000000000001
n_train,milk_run,20000,2,0.49333333333333335,0.09866666666666667,0.0,0.32558333333333334,0.0003333333333333333,0.3239166666666667,34.00337837837838,57.495777027027025,0.19541666666666666,0.01225,0.13416666666666666,60.38851351351352,24.514358108108105,0.19541666666666666,0.01225,0.13416666666666666,60.38851351351352,24.514358108108105,0.17541666666666667,0.007916666666666667,0.13583333333333333,64.44256756756756,19.44679054054054,0.09866666666666667,0.0,0.09866666666666667,80.0
n_train,milk_run,20000,3,0.49541666666666667,0.09908333333333333,0.0,0.31708333333333333,0.00016666666666666666,0.31625,35.99663582842725,55.00420521446594,0.19675,0.013916666666666667,0.12716666666666668,60.28595458368376,24.642556770395295,0.19675,0.013916666666666667,0.12716666666666668,60.28595458368376,24.642556770395295,0.17725,0.009,0.13225,64.22203532380152,19.722455845248106,0.09908333333333333,0.0,0.09908333333333333,80.0
n_train,milk_run,20000,4,0.49375,0.09875,0.0,0.3274166666666667,0.0003333333333333333,0.32575,33.687763713080166,57.89029535864979,0.20191666666666666,0.012083333333333333,0.1415,59.105485232067515,26.11814345991561,0.20191666666666666,0.012083333333333333,0.1415,59.105485232067515,26.11814345991561,0.183,0.008,0.143,62.936708860759495,21.329113924050628,0.09875,0.0,0.09875,80.0
route_len,ctd,6,0,0.51625,0.10325,0.0,0.51625,0.10325,0.0,0.0,100.0,0.51625,0.10325,0.0,0.0,100.0,0.31016666666666665,0.03691666666666667,0.12558333333333332,39.919289749798224,50.02021018593371,0.30575,0.03275,0.142,40.77481840193704,48.94907033144706,0.10391666666666667,0.00016666666666666666,0.10308333333333333,79.87086359967716
route_len,ctd,6,1,0.53625,0.10725,0.0,0.53625,0.10725,0.0,0.0,100.0,0.53625,0.10725,0.0,0.0,100.0,0.3254166666666667,0.043833333333333335,0.10625,39.31623931623931,50.85470085470085,0.31216666666666665,0.035333333333333335,0.1355,41.78710178710179,47.76612276612276,0.10725,0.0,0.10725,80.0
route_len,ctd,6,2,0.50625,0.10125,0.0,0.50625,0.10125,0.0,0.0,100.0,0.50625,0.10125,0.0,0.0,100.0,0.31666666666666665,0.0375,0.12916666666666668,37.44855967078189,53.112118713932404,0.31533333333333335,0.027416666666666666,0.17825,37.71193415637859,52.78235779060182,0.10191666666666667,0.00016666666666666666,0.10108333333333333,79.86831275720164
route_len,ctd,6,3,0.525,0.105,0.0,0.525,0.105,0.0,0.0,100.0,0.525,0.105,0.0,0.0,100.0,0.331,0.03766666666666667,0.14266666666666666,36.952380952380956,53.699284009546545,0.31575,0.037,0.13075,39.85714285714286,50.05966587112171,0.106,0.00025,0.10475,79.80952380952381
route_len,ctd,6,4,0.4891666666666667,0.09783333333333333,0.0,0.4891666666666667,0.09783333333333333,0.0,0.0,100.0,0.4891666666666667,0.09783333333333333,0.0,0.0,100.0,0.31166666666666665,0.03741666666666667,0.12458333333333334,36.286201022146514,54.56484641638224,0.30541666666666667,0.03758333333333334,0.1175,37.56388415672914,52.96501706484641,0.0985,0.00016666666666666666,0.09766666666666667,79.86371379897786
route_len,ctd,12,0,0.5075,0.1015,0.0,0.5075,0.1015,0.0,0.0,100.0,0.5075,0.1015,0.0,0.0,100.0,0.25816666666666666,0.02075,0.15441666666666667,49.129720853858785,38.58784893267652,0.24283333333333335,0.021,0.13783333333333334,52.15106732348111,34.81116584564862,0.1015,0.0,0.1015,80.0
route_len,ctd,12,1,0.5245833333333333,0.10491666666666667,0.0,0.5245833333333333,0.10491666666666667,0.0,0.0,100.0,0.5245833333333333,0.10491666666666667,0.0,0.0,100.0,0.2615,0.02225,0.15025,50.15091342335186,37.31135822081017,0.24408333333333335,0.020083333333333335,0.14366666666666666,53.47100873709293,33.16123907863384,0.10491666666666667,0.0,0.10491666666666667,80.0
route_len,ctd,12,2,0.50625,0.10125,0.0,0.50625,0.10125,0.0,0.0,100.00000000000001,0.50625,0.10125,0.0,0.0,100.00000000000001,0.2604166666666667,0.024416666666666666,0.13833333333333334,48.559670781893,39.30041152263375,0.23716666666666666,0.01875,0.14341666666666666,53.1522633744856,33.559670781893004,0.10125,0.0,0.10125,80.0
route_len,ctd,12,3,0.5120833333333333,0.10241666666666667,0.0,0.5120833333333333,0.10241666666666667,0.0,0.0,100.0,0.5120833333333333,0.10241666666666667,0.0,0.0,100.0,0.25883333333333336,0.027,0.12383333333333334,49.45484133441822,38.18144833197723,0.23916666666666667,0.018333333333333333,0.1475,53.295362082994316,33.380797396257115,0.10241666666666667,0.0,0.10241666666666667,80.0
route_len,ctd,12,4,0.5079166666666667,0.10158333333333333,0.0,0.5079166666666667,0.10158333333333333,0.0,0.0,100.0,0.5079166666666667,0.10158333333333333,0.0,0.0,100.0,0.26766666666666666,0.025833333333333333,0.1385,47.30106644790813,40.87366694011485,0.2514166666666667,0.025833333333333333,0.12225,50.50041017227236,36.87448728465956,0.10158333333333333,0.0,0.10158333333333333,80.0
route_len,ctd,24,0,0.5329166666666667,0.10658333333333334,0.0,0.5329166666666667,0.10658333333333334,0.0,0.0,100.0,0.5329166666666667,0.10658333333333334,0.0,0.0,100.0,0.23333333333333334,0.023916666666666666,0.11375,56.21579358874121,29.730258014073495,0.20691666666666667,0.012666666666666666,0.14358333333333334,61.17279124315873,23.534010946051602,0.10658333333333334,0.0,0.10658333333333334,80.0
route_len,ctd,24,1,0.5275,0.1055,0.0,0.5275,0.1055,0.0,0.0,100.0,0.5275,0.1055,0.0,0.0,100.0,0.22875,0.018416666666666668,0.13666666666666666,56.63507109004739,29.206161137440763,0.19966666666666666,0.012333333333333333,0.138,62.148499210110586,22.314375987361768,0.1055,0.0,0.1055,80.0
route_len,ctd,24,2,0.48791666666666667,0.09758333333333333,0.0,0.48791666666666667,0.09758333333333333,0.0,0.0,100.0,0.48791666666666667,0.09758333333333333,0.0,0.0,100.0,0.21683333333333332,0.021583333333333333,0.10891666666666666,55.55935098206661,30.550811272416738,0.18816666666666668,0.011833333333333333,0.129,61.43467122117847,23.20666097352691,0.09758333333333333,0.0,0.09758333333333333,80.0
route_len,ctd,24,3,0.5154166666666666,0.10308333333333333,0.0,0.5154166666666666,0.10308333333333333,0.0,0.0,100.0,0.5154166666666666,0.10308333333333333,0.0,0.0,100.0,0.24108333333333334,0.02725,0.10483333333333333,53.22554567502021,33.46806790622474,0.20983333333333334,0.01633333333333333,0.12816666666666668,59.28860145513338,25.889248181083268,0.10308333333333333,0.0,0.10308333333333333,80.0
route_len,ctd,24,4,0.4945833333333333,0.09891666666666667,0.0,0.4945833333333333,0.09891666666666667,0.0,0.0,100.00000000000001,0.4945833333333333,0.09891666666666667,0.0,0.0,100.00000000000001,0.2255,0.021916666666666668,0.11591666666666667,54.40606571187869,31.992417860151644,0.20008333333333334,0.013833333333333333,0.13091666666666665,59.54507160909857,25.56866048862679,0.09891666666666667,0.0,0.09891666666666667,80.00000000000001
route_len,ctd,48,0,0.5183333333333333,0.10366666666666667,0.0,0.5183333333333333,0.10366666666666667,0.0,0.0,100.0,0.5183333333333333,0.10366666666666667,0.0,0.0,100.0,0.19225,0.012416666666666666,0.13016666666666668,62.90996784565915,21.362540192926044,0.16725,0.0075,0.12975,67.73311897106109,15.333601286173637,0.10366666666666667,0.0,0.10366666666666667,80.0
route_len,ctd,48,1,0.5008333333333334,0.10016666666666667,0.0,0.5008333333333334,0.10016666666666667,0.0,0.0,100.00000000000001,0.5008333333333334,0.10016666666666667,0.0,0.0,100.00000000000001,0.19258333333333333,0.012583333333333334,0.12966666666666668,61.54742096505824,23.0657237936772,0.16866666666666666,0.008333333333333333,0.127,66.32279534109817,17.096505823627286,0.10016666666666667,0.0,0.10016666666666667,80.0
route_len,ctd,48,2,0.4875,0.0975,0.0,0.4875,0.0975,0.0,0.0,100.0,0.4875,0.0975,0.0,0.0,100.0,0.18608333333333332,0.0135,0.11858333333333333,61.82905982905983,22.71367521367521,0.16016666666666668,0.007416666666666667,0.12308333333333334,67.14529914529915,16.06837606837607,0.0975,0.0,0.0975,80.0
route_len,ctd,48,3,0.5416666666666666,0.10833333333333334,0.0,0.5416666666666666,0.10833333333333334,0.0,0.0,100.0,0.5416666666666666,0.10833333333333334,0.0,0.0,100.0,0.19833333333333333,0.01325,0.13208333333333333,63.38461538461538,20.76923076923077,0.18058333333333335,0.0115,0.12308333333333334,66.66153846153847,16.673076923076927,0.10833333333333334,0.0,0.10833333333333334,80.0
route_len,ctd,48,4,0.4825,0.0965,0.0,0.4825,0.0965,0.0,0.0,100.0,0.4825,0.0965,0.0,0.0,100.0,0.19091666666666668,0.009833333333333333,0.14175,60.431778929188255,24.460276338514685,0.166,0.00625,0.13475,65.5958549222798,18.005181347150263,0.0965,0.0,0.0965,80.0
route_len,milk_run,6,0,0.4875,0.0975,0.0,0.2921666666666667,0.002916666666666667,0.27758333333333335,40.06837606837607,49.914529914529915,0.23225,0.01575,0.1535,52.35897435897436,34.55128205128205,0.23225,0.01575,0.1535,52.35897435897436,34.55128205128205,0.21433333333333332,0.01025,0.16308333333333333,56.034188034188034,29.957264957264954,0.0975,0.0,0.0975,80.0
route_len,milk_run,6,1,0.5375,0.1075,0.0,0.29941666666666666,0.002,0.28941666666666666,44.29457364341085,44.63178294573643,0.26308333333333334,0.0255,0.13558333333333333,51.05426356589147,36.18217054263567,0.26308333333333334,0.0255,0.13558333333333333,51.05426356589147,36.18217054263567,0.22541666666666665,0.01225,0.16416666666666666,58.06201550387597,27.42248062015504,0.1075,0.0,0.1075,80.0
route_len,milk_run,6,2,0.49125,0.09825,0.0,0.29733333333333334,0.0021666666666666666,0.2865,39.47413061916879,50.65733672603902,0.22575,0.018583333333333334,0.13283333333333333,54.045801526717554,32.44274809160305,0.22575,0.018583333333333334,0.13283333333333333,54.045801526717554,32.44274809160305,0.2125,0.010833333333333334,0.15833333333333333,56.743002544529276,29.07124681933842,0.09825,0.0,0.09825,80.0
route_len,milk_run,6,3,0.5116666666666667,0.10233333333333333,0.0,0.29125,0.0033333333333333335,0.27458333333333335,43.078175895765476,46.15228013029316,0.23508333333333334,0.017083333333333332,0.14966666666666667,54.05537459283388,32.43078175895765,0.23508333333333334,0.017083333333333332,0.14966666666666667,54.05537459283388,32.43078175895765,0.22383333333333333,0.011666666666666667,0.1655,56.25407166123779,29.682410423452765,0.10233333333333333,0.0,0.10233333333333333,80.0
route_len,milk_run,6,4,0.5241666666666667,0.10483333333333333,0.0,0.30825,0.00225,0.297,41.19236883942766,48.509538950715424,0.24375,0.018583333333333334,0.15083333333333335,53.49761526232114,33.127980922098565,0.24375,0.018583333333333334,0.15083333333333335,53.49761526232114,33.127980922098565,0.224,0.012333333333333333,0.16233333333333333,57.26550079491256,28.418124006359303,0.10483333333333333,0.0,0.10483333333333333,80.0
route_len,milk_run,12,0,0.5145833333333333,0.10291666666666667,0.0,0.33366666666666667,0.0004166666666666667,0.33158333333333334,35.157894736842096,56.052631578947384,0.21875,0.017916666666666668,0.12916666666666668,57.48987854251012,28.13765182186235,0.21875,0.017916666666666668,0.12916666666666668,57.48987854251012,28.13765182186235,0.18841666666666668,0.007916666666666667,0.14883333333333335,63.38461538461538,20.769230769230774,0.10291666666666667,0.0,0.10291666666666667,80.0
route_len,milk_run,12,1,0.505,0.101,0.0,0.3248333333333333,0.0003333333333333333,0.32316666666666666,35.676567656765684,55.40429042904289,0.2045,0.013083333333333334,0.13908333333333334,59.5049504950495,25.618811881188112,0.2045,0.013083333333333334,0.13908333333333334,59.5049504950495,25.618811881188112,0.18308333333333332,0.00825,0.14183333333333334,63.74587458745875,20.317656765676563,0.101,0.0,0.101,80.00000000000001
route_len,milk_run,12,2,0.49875,0.09975,0.0,0.32375,0.0004166666666666667,0.32166666666666666,35.08771929824562,56.14035087719298,0.1945,0.01,0.1445,61.00250626566416,23.7468671679198,0.1945,0.01,0.1445,61.00250626566416,23.7468671679198,0.17591666666666667,0.008583333333333333,0.133,64.72848788638262,19.08939014202172,0.09975,0.0,0.09975,80.00000000000001
route_len,milk_run,12,3,0.50625,0.10125,0.0,0.31225,8.333333333333333e-05,0.31183333333333335,38.32098765432098,52.09876543209877,0.20683333333333334,0.015583333333333333,0.12891666666666668,59.144032921810705,26.06995884773663,0.20683333333333334,0.015583333333333333,0.12891666666666668,59.144032921810705,26.06995884773663,0.17833333333333334,0.00875,0.13458333333333333,64.77366255144032,19.03292181069959,0.10125,0.0,0.10125,80.0
route_len,milk_run,12,4,0.5095833333333334,0.10191666666666667,0.0,0.34608333333333335,0.00016666666666666666,0.34525,32.08503679476697,59.89370400654129,0.20858333333333334,0.014083333333333333,0.13816666666666666,59.06786590351595,26.165167620605068,0.20858333333333334,0.014083333333333333,0.13816666666666666,59.06786590351595,26.165167620605068,0.18508333333333332,0.008,0.14508333333333334,63.6794766966476,20.400654129190507,0.10191666666666667,0.0,0.10191666666666667,80.0
route_len,milk_run,24,0,0.49541666666666667,0.09908333333333333,0.0,0.33625,0.0,0.33625,32.12783851976451,59.84020185029436,0.18116666666666667,0.011583333333333333,0.12325,63.43145500420522,20.710681244743483,0.18116666666666667,0.011583333333333333,0.12325,63.43145500420522,20.710681244743483,0.1635,0.004916666666666666,0.13891666666666666,66.99747687132043,16.25315391084946,0.09908333333333333,0.0,0.09908333333333333,80.0
route_len,milk_run,24,1,0.49875,0.09975,0.0,0.3408333333333333,0.0,0.3408333333333333,31.662489557226408,60.42188805346699,0.17666666666666667,0.006666666666666667,0.14333333333333334,64.578111946533,19.27736006683375,0.17666666666666667,0.006666666666666667,0.14333333333333334,64.578111946533,19.27736006683375,0.15725,0.004083333333333333,0.13683333333333333,68.47117794486216,14.411027568922306,0.09975,0.0,0.09975,80.00000000000001
route_len,milk_run,24,2,0.5020833333333333,0.10041666666666667,0.0,0.33675,0.0,0.33675,32.92946058091286,58.83817427385892,0.17841666666666667,0.011,0.12341666666666666,64.46473029045643,19.41908713692946,0.17841666666666667,0.011,0.12341666666666666,64.46473029045643,19.41908713692946,0.15975,0.007583333333333333,0.12183333333333334,68.18257261410788,14.771784232365146,0.10041666666666667,0.0,0.10041666666666667,80.0
route_len,milk_run,24,3,0.5095833333333334,0.10191666666666667,0.0,0.32875,0.0,0.32875,35.486508585445634,55.64186426819296,0.19325,0.0135,0.12575,62.07686017988553,22.403924775143086,0.19325,0.0135,0.12575,62.07686017988553,22.403924775143086,0.16408333333333333,0.006583333333333333,0.13116666666666665,67.80049059689289,15.249386753883888,0.10191666666666667,0.0,0.10191666666666667,80.0
route_len,milk_run,24,4,0.5320833333333334,0.10641666666666667,0.0,0.3421666666666667,0.0,0.3421666666666667,35.6930305403289,55.383711824588886,0.20025,0.01375,0.1315,62.36491777603758,22.043852779953017,0.20025,0.01375,0.1315,62.36491777603758,22.043852779953017,0.16941666666666666,0.0065,0.13691666666666666,68.15974941268598,14.800313234142518,0.10641666666666667,0.0,0.10641666666666667,80.0
route_len,milk_run,48,0,0.535,0.107,0.0,0.3451666666666667,0.0,0.3451666666666667,35.482866043613704,55.64641744548287,0.17683333333333334,0.010833333333333334,0.12266666666666666,66.94704049844238,16.31619937694704,0.17683333333333334,0.010833333333333334,0.12266666666666666,66.94704049844238,16.31619937694704,0.14808333333333334,0.004166666666666667,0.12725,72.3208722741433,9.598909657320874,0.107,0.0,0.107,80.0
route_len,milk_run,48,1,0.49625,0.09925,0.0,0.35175,0.0,0.35175,29.1183879093199,63.60201511335012,0.16516666666666666,0.00825,0.12391666666666666,66.71704450041983,16.603694374475225,0.16516666666666666,0.00825,0.12391666666666666,66.71704450041983,16.603694374475225,0.14391666666666666,0.005083333333333333,0.1185,70.99916036943746,11.251049538203189,0.09925,0.0,0.09925,80.0
route_len,milk_run,48,2,0.5029166666666667,0.10058333333333333,0.0,0.3416666666666667,0.0,0.3416666666666667,32.062966031483015,59.921292460646235,0.16633333333333333,0.005,0.14133333333333334,66.92626346313173,16.342170671085338,0.16633333333333333,0.005,0.14133333333333334,66.92626346313173,16.342170671085338,0.14366666666666666,0.004333333333333333,0.122,71.43330571665287,10.708367854183928,0.10058333333333333,0.0,0.10058333333333333,80.0
route_len,milk_run,48,3,0.4995833333333333,0.09991666666666667,0.0,0.34091666666666665,0.0,0.34091666666666665,31.75979983319433,60.30025020850708,0.16058333333333333,0.008083333333333333,0.12016666666666667,67.85654712260217,15.17931609674729,0.16058333333333333,0.008083333333333333,0.12016666666666667,67.85654712260217,15.17931609674729,0.14125,0.003416666666666667,0.12416666666666666,71.72643869891577,10.341951626355293,0.09991666666666667,0.0,0.09991666666666667,80.0
route_len,milk_run,48,4,0.5320833333333334,0.10641666666666667,0.0,0.33625,0.0,0.33625,36.80501174628035,53.99373531714957,0.17891666666666667,0.011083333333333334,0.1235,66.37431480031324,17.032106499608453,0.17891666666666667,0.011083333333333334,0.1235,66.37431480031324,17.032106499608453,0.15208333333333332,0.005083333333333333,0.12666666666666668,71.41738449490994,10.728269381362564,0.10641666666666667,0.0,0.10641666666666667,80.0
family,ctd,gamma,0,0.5075,0.1015,0.0,0.5075,0.1015,0.0,0.0,100.0,0.5075,0.1015,0.0,0.0,100.0,0.25816666666666666,0.02075,0.15441666666666667,49.129720853858785,38.58784893267652,0.24283333333333335,0.021,0.13783333333333334,52.15106732348111,34.81116584564862,0.1015,0.0,0.1015,80.0
family,ctd,gamma,1,0.5245833333333333,0.10491666666666667,0.0,0.5245833333333333,0.10491666666666667,0.0,0.0,100.0,0.5245833333333333,0.10491666666666667,0.0,0.0,100.0,0.2615,0.02225,0.15025,50.15091342335186,37.31135822081017,0.24408333333333335,0.020083333333333335,0.14366666666666666,53.47100873709293,33.16123907863384,0.10491666666666667,0.0,0.10491666666666667,80.0
family,ctd,gamma,2,0.50625,0.10125,0.0,0.50625,0.10125,0.0,0.0,100.00000000000001,0.50625,0.10125,0.0,0.0,100.00000000000001,0.2604166666666667,0.024416666666666666,0.13833333333333334,48.559670781893,39.30041152263375,0.23716666666666666,0.01875,0.14341666666666666,53.1522633744856,33.559670781893004,0.10125,0.0,0.10125,80.0
family,ctd,gamma,3,0.5120833333333333,0.10241666666666667,0.0,0.5120833333333333,0.10241666666666667,0.0,0.0,100.0,0.5120833333333333,0.10241666666666667,0.0,0.0,100.0,0.25883333333333336,0.027,0.12383333333333334,49.45484133441822,38.18144833197723,0.23916666666666667,0.018333333333333333,0.1475,53.295362082994316,33.380797396257115,0.10241666666666667,0.0,0.10241666666666667,80.0
family,ctd,gamma,4,0.5079166666666667,0.10158333333333333,0.0,0.5079166666666667,0.10158333333333333,0.0,0.0,100.0,0.5079166666666667,0.10158333333333333,0.0,0.0,100.0,0.26766666666666666,0.025833333333333333,0.1385,47.30106644790813,40.87366694011485,0.2514166666666667,0.025833333333333333,0.12225,50.50041017227236,36.87448728465956,0.10158333333333333,0.0,0.10158333333333333,80.0
family,ctd,lognormal,0,0.51375,0.10275,0.0,0.51375,0.10275,0.0,0.0,100.0,0.51375,0.10275,0.0,0.0,100.0,0.2559166666666667,0.02175,0.14716666666666667,50.18653690186537,37.266828872668285,0.2504166666666667,0.019666666666666666,0.15208333333333332,51.25709651257097,35.92862935928629,0.10275,0.0,0.10275,80.0
family,ctd,lognormal,1,0.5295833333333333,0.10591666666666667,0.0,0.5295833333333333,0.10591666666666667,0.0,0.0,99.99999999999999,0.5295833333333333,0.10591666666666667,0.0,0.0,99.99999999999999,0.2619166666666667,0.030666666666666665,0.10858333333333334,50.54287962234461,36.82140047206925,0.24883333333333332,0.025583333333333333,0.12091666666666667,53.01337529504327,33.7332808811959,0.10591666666666667,0.0,0.10591666666666667,80.0
family,ctd,lognormal,2,0.5041666666666667,0.10083333333333333,0.0,0.5041666666666667,0.10083333333333333,0.0,0.0,99.99999999999999,0.5041666666666667,0.10083333333333333,0.0,0.0,99.99999999999999,0.26266666666666666,0.0295,0.11516666666666667,47.90082644628099,40.12396694214876,0.25383333333333336,0.02266666666666667,0.1405,49.65289256198347,37.93388429752067,0.10083333333333333,0.0,0.10083333333333333,80.0
family,ctd,lognormal,3,0.5125,0.1025,0.0,0.5125,0.1025,0.0,0.0,100.0,0.5125,0.1025,0.0,0.0,100.0,0.2639166666666667,0.017416666666666667,0.17683333333333334,48.504065040650396,39.369918699187004,0.25033333333333335,0.023416666666666665,0.13325,51.15447154471544,36.0569105691057,0.1025,0.0,0.1025,80.0
family,ctd,lognormal,4,0.4895833333333333,0.09791666666666667,0.0,0.4895833333333333,0.09791666666666667,0.0,0.0,100.0,0.4895833333333333,0.09791666666666667,0.0,0.0,100.0,0.24433333333333335,0.0245,0.12183333333333334,50.09361702127659,37.382978723404264,0.23458333333333334,0.01975,0.13583333333333333,52.08510638297872,34.8936170212766,0.09791666666666667,0.0,0.09791666666666667,80.0
family,ctd,studentt,0,0.46291666666666664,0.09258333333333334,0.0,0.46291666666666664,0.09258333333333334,0.0,0.0,100.0,0.46291666666666664,0.09258333333333334,0.0,0.0,100.0,0.23891666666666667,0.027333333333333334,0.10225,48.38883888388839,39.513951395139514,0.21975,0.017666666666666667,0.13141666666666665,52.529252925292525,34.33843384338434,0.09258333333333334,0.0,0.09258333333333334,80.0
family,ctd,studentt,1,0.5241666666666667,0.10483333333333333,0.0,0.5241666666666667,0.10483333333333333,0.0,0.0,100.00000000000001,0.5241666666666667,0.10483333333333333,0.0,0.0,100.00000000000001,0.25783333333333336,0.026166666666666668,0.127,50.81081081081081,36.48648648648649,0.24166666666666667,0.023416666666666665,0.12458333333333334,53.89507154213036,32.631160572337045,0.10483333333333333,0.0,0.10483333333333333,80.0
family,ctd,studentt,2,0.49875,0.09975,0.0,0.49875,0.09975,0.0,0.0,100.00000000000001,0.49875,0.09975,0.0,0.0,100.00000000000001,0.25666666666666665,0.022916666666666665,0.14208333333333334,48.538011695906434,39.327485380116954,0.2365,0.023916666666666666,0.11691666666666667,52.58145363408522,34.27318295739348,0.09975,0.0,0.09975,80.00000000000001
family,ctd,studentt,3,0.5020833333333333,0.10041666666666667,0.0,0.5020833333333333,0.10041666666666667,0.0,0.0,99.99999999999999,0.5020833333333333,0.10041666666666667,0.0,0.0,99.99999999999999,0.25675,0.029,0.11175,48.86307053941909,38.92116182572614,0.24458333333333335,0.020416666666666666,0.1425,51.286307053941904,35.892116182572614,0.10041666666666667,0.0,0.10041666666666667,80.0
family,ctd,studentt,4,0.4891666666666667,0.09783333333333333,0.0,0.4891666666666667,0.09783333333333333,0.0,0.0,100.0,0.4891666666666667,0.09783333333333333,0.0,0.0,100.0,0.24833333333333332,0.026416666666666668,0.11625,49.23339011925043,38.405797101449274,0.23291666666666666,0.021666666666666667,0.12458333333333334,52.38500851788757,34.46291560102301,0.09816666666666667,8.333333333333333e-05,0.09775,79.93185689948892
family,milk_run,gamma,0,0.5145833333333333,0.10291666666666667,0.0,0.33366666666666667,0.0004166666666666667,0.33158333333333334,35.157894736842096,56.052631578947384,0.21875,0.017916666666666668,0.12916666666666668,57.48987854251012,28.13765182186235,0.21875,0.017916666666666668,0.12916666666666668,57.48987854251012,28.13765182186235,0.18841666666666668,0.007916666666666667,0.14883333333333335,63.38461538461538,20.769230769230774,0.10291666666666667,0.0,0.10291666666666667,80.0
family,milk_run,gamma,1,0.505,0.101,0.0,0.3248333333333333,0.0003333333333333333,0.32316666666666666,35.676567656765684,55.40429042904289,0.2045,0.013083333333333334,0.13908333333333334,59.5049504950495,25.618811881188112,0.2045,0.013083333333333334,0.13908333333333334,59.5049504950495,25.618811881188112,0.18308333333333332,0.00825,0.14183333333333334,63.74587458745875,20.317656765676563,0.101,0.0,0.101,80.00000000000001
family,milk_run,gamma,2,0.49875,0.09975,0.0,0.32375,0.0004166666666666667,0.32166666666666666,35.08771929824562,56.14035087719298,0.1945,0.01,0.1445,61.00250626566416,23.7468671679198,0.1945,0.01,0.1445,61.00250626566416,23.7468671679198,0.17591666666666667,0.008583333333333333,0.133,64.72848788638262,19.08939014202172,0.09975,0.0,0.09975,80.00000000000001
family,milk_run,gamma,3,0.50625,0.10125,0.0,0.31225,8.333333333333333e-05,0.31183333333333335,38.32098765432098,52.09876543209877,0.20683333333333334,0.015583333333333333,0.12891666666666668,59.144032921810705,26.06995884773663,0.20683333333333334,0.015583333333333333,0.12891666666666668,59.144032921810705,26.06995884773663,0.17833333333333334,0.00875,0.13458333333333333,64.77366255144032,19.03292181069959,0.10125,0.0,0.10125,80.0
family,milk_run,gamma,4,0.5095833333333334,0.10191666666666667,0.0,0.34608333333333335,0.00016666666666666666,0.34525,32.08503679476697,59.89370400654129,0.20858333333333334,0.014083333333333333,0.13816666666666666,59.06786590351595,26.165167620605068,0.20858333333333334,0.014083333333333333,0.13816666666666666,59.06786590351595,26.165167620605068,0.18508333333333332,0.008,0.14508333333333334,63.6794766966476,20.400654129190507,0.10191666666666667,0.0,0.10191666666666667,80.0
family,milk_run,lognormal,0,0.475,0.095,0.0,0.34958333333333336,0.0004166666666666667,0.3475,26.40350877192982,66.99561403508774,0.20816666666666667,0.020416666666666666,0.10608333333333334,56.175438596491226,29.780701754385962,0.20816666666666667,0.020416666666666666,0.10608333333333334,56.175438596491226,29.780701754385962,0.18341666666666667,0.008416666666666666,0.14133333333333334,61.3859649122807,23.267543859649123,0.095,0.0,0.095,80.0
family,milk_run,lognormal,1,0.5258333333333334,0.10516666666666667,0.0,0.34008333333333335,0.0004166666666666667,0.338,35.324881141045964,55.84389857369255,0.21025,0.012666666666666666,0.14691666666666667,60.01584786053883,24.980190174326463,0.21025,0.012666666666666666,0.14691666666666667,60.01584786053883,24.980190174326463,0.19641666666666666,0.010916666666666667,0.14183333333333334,62.646592709984155,21.691759112519804,0.10516666666666667,0.0,0.10516666666666667,80.0
family,milk_run,lognormal,2,0.49083333333333334,0.09816666666666667,0.0,0.3329166666666667,0.0003333333333333333,0.33125,32.17317487266553,59.783531409168084,0.2095,0.012166666666666666,0.14866666666666667,57.31748726655348,28.353140916808147,0.2095,0.012166666666666666,0.14866666666666667,57.31748726655348,28.353140916808147,0.18108333333333335,0.007333333333333333,0.14441666666666667,63.106960950764,21.116298811544993,0.09816666666666667,0.0,0.09816666666666667,80.0
family,milk_run,lognormal,3,0.5004166666666666,0.10008333333333333,0.0,0.33908333333333335,0.0004166666666666667,0.337,32.23980016652788,59.70024979184014,0.2055,0.010916666666666667,0.15091666666666667,58.934221482098245,26.332223147377185,0.2055,0.010916666666666667,0.15091666666666667,58.934221482098245,26.332223147377185,0.19475,0.0125,0.13225,61.08243130724396,23.64696086594505,0.10008333333333333,0.0,0.10008333333333333,80.0
family,milk_run,lognormal,4,0.5433333333333333,0.10866666666666666,0.0,0.3323333333333333,0.0003333333333333333,0.33066666666666666,38.834355828220865,51.45705521472392,0.212,0.015916666666666666,0.13241666666666665,60.98159509202455,23.77300613496933,0.212,0.015916666666666666,0.13241666666666665,60.98159509202455,23.77300613496933,0.19525,0.00775,0.1565,64.06441717791411,19.919478527607367,0.10866666666666666,0.0,0.10866666666666666,79.99999999999999
family,milk_run,studentt,0,0.4870833333333333,0.09741666666666667,0.0,0.319,0.0005833333333333334,0.3160833333333333,34.50812660393498,56.86484174508127,0.19558333333333333,0.011916666666666667,0.136,59.84602224123182,25.192472198460223,0.19558333333333333,0.011916666666666667,0.136,59.84602224123182,25.192472198460223,0.17933333333333334,0.0105,0.12683333333333333,63.18220701454234,21.022241231822075,0.09741666666666667,0.0,0.09741666666666667,80.00000000000001
family,milk_run,studentt,1,0.495,0.099,0.0,0.3130833333333333,0.00016666666666666666,0.31225,36.75084175084175,54.061447811447806,0.19975,0.011916666666666667,0.14016666666666666,59.64646464646465,25.441919191919194,0.19975,0.011916666666666667,0.14016666666666666,59.64646464646465,25.441919191919194,0.17683333333333334,0.008083333333333333,0.13641666666666666,64.27609427609427,19.654882154882156,0.099,0.0,0.099,80.0
family,milk_run,studentt,2,0.5308333333333334,0.10616666666666667,0.0,0.3204166666666667,8.333333333333333e-05,0.32,39.638932496075356,50.45133437990581,0.20783333333333334,0.014166666666666666,0.137,60.84772370486657,23.940345368916795,0.20783333333333334,0.014166666666666666,0.137,60.84772370486657,23.940345368916795,0.1835,0.008583333333333333,0.14058333333333334,65.43171114599687,18.21036106750392,0.10616666666666667,0.0,0.10616666666666667,80.0
family,milk_run,studentt,3,0.495,0.099,0.0,0.3134166666666667,0.0003333333333333333,0.31175,36.68350168350168,54.14562289562289,0.20566666666666666,0.018,0.11566666666666667,58.45117845117845,26.936026936026934,0.20566666666666666,0.018,0.11566666666666667,58.45117845117845,26.936026936026934,0.18116666666666667,0.011416666666666667,0.12408333333333334,63.40067340067339,20.74915824915825,0.099,0.0,0.099,80.0
family,milk_run,studentt,4,0.4795833333333333,0.09591666666666666,0.0,0.3115,0.00016666666666666666,0.31066666666666665,35.04778453518679,56.19026933101651,0.18708333333333332,0.01225,0.12583333333333332,60.99044309296264,23.761946133796695,0.18708333333333332,0.01225,0.12583333333333332,60.99044309296264,23.761946133796695,0.16991666666666666,0.007333333333333333,0.13325,64.56993918331885,19.287576020851432,0.09591666666666666,0.0,0.09591666666666666,80.0
correlation,ctd,0.0,0,0.5075,0.1015,0.0,0.5075,0.1015,0.0,0.0,100.0,0.5075,0.1015,0.0,0.0,100.0,0.25816666666666666,0.02075,0.15441666666666667,49.129720853858785,38.58784893267652,0.24283333333333335,0.021,0.13783333333333334,52.15106732348111,34.81116584564862,0.1015,0.0,0.1015,80.0
correlation,ctd,0.0,1,0.5245833333333333,0.10491666666666667,0.0,0.5245833333333333,0.10491666666666667,0.0,0.0,100.0,0.5245833333333333,0.10491666666666667,0.0,0.0,100.0,0.2615,0.02225,0.15025,50.15091342335186,37.31135822081017,0.24408333333333335,0.020083333333333335,0.14366666666666666,53.47100873709293,33.16123907863384,0.10491666666666667,0.0,0.10491666666666667,80.0
correlation,ctd,0.0,2,0.50625,0.10125,0.0,0.50625,0.10125,0.0,0.0,100.00000000000001,0.50625,0.10125,0.0,0.0,100.00000000000001,0.2604166666666667,0.024416666666666666,0.13833333333333334,48.559670781893,39.30041152263375,0.23716666666666666,0.01875,0.14341666666666666,53.1522633744856,33.559670781893004,0.10125,0.0,0.10125,80.0
correlation,ctd,0.0,3,0.5120833333333333,0.10241666666666667,0.0,0.5120833333333333,0.10241666666666667,0.0,0.0,100.0,0.5120833333333333,0.10241666666666667,0.0,0.0,100.0,0.25883333333333336,0.027,0.12383333333333334,49.45484133441822,38.18144833197723,0.23916666666666667,0.018333333333333333,0.1475,53.295362082994316,33.380797396257115,0.10241666666666667,0.0,0.10241666666666667,80.0
correlation,ctd,0.0,4,0.5079166666666667,0.10158333333333333,0.0,0.5079166666666667,0.10158333333333333,0.0,0.0,100.0,0.5079166666666667,0.10158333333333333,0.0,0.0,100.0,0.26766666666666666,0.025833333333333333,0.1385,47.30106644790813,40.87366694011485,0.2514166666666667,0.025833333333333333,0.12225,50.50041017227236,36.87448728465956,0.10158333333333333,0.0,0.10158333333333333,80.0
correlation,ctd,0.3,0,0.49375,0.09875,0.0,0.49375,0.09875,0.0,0.0,100.0,0.49375,0.09875,0.0,0.0,100.0,0.2435,0.02625,0.11225,50.68354430379747,36.64556962025316,0.23208333333333334,0.02075,0.12833333333333333,52.99578059071731,33.755274261603375,0.09875,0.0,0.09875,80.0
correlation,ctd,0.3,1,0.5204166666666666,0.10408333333333333,0.0,0.5204166666666666,0.10408333333333333,0.0,0.0,100.0,0.5204166666666666,0.10408333333333333,0.0,0.0,100.0,0.2525,0.023333333333333334,0.13583333333333333,51.48118494795836,35.64851881505204,0.23466666666666666,0.018,0.14466666666666667,54.90792634107285,31.36509207365893,0.10408333333333333,0.0,0.10408333333333333,80.0
correlation,ctd,0.3,2,0.5091666666666667,0.10183333333333333,0.0,0.5091666666666667,0.10183333333333333,0.0,0.0,100.0,0.5091666666666667,0.10183333333333333,0.0,0.0,100.0,0.25275,0.027583333333333335,0.11483333333333333,50.360065466448454,37.04991816693944,0.22458333333333333,0.014583333333333334,0.15166666666666667,55.89198036006546,30.135024549918167,0.10183333333333333,0.0,0.10183333333333333,80.0
correlation,ctd,0.3,3,0.48583333333333334,0.09716666666666667,0.0,0.48583333333333334,0.09716666666666667,0.0,0.0,100.0,0.48583333333333334,0.09716666666666667,0.0,0.0,100.0,0.23083333333333333,0.017833333333333333,0.14166666666666666,52.48713550600343,34.39108061749571,0.22016666666666668,0.015666666666666666,0.14183333333333334,54.682675814751285,31.646655231560896,0.09716666666666667,0.0,0.09716666666666667,80.0
correlation,ctd,0.3,4,0.4891666666666667,0.09783333333333333,0.0,0.4891666666666667,0.09783333333333333,0.0,0.0,100.00000000000001,0.4891666666666667,0.09783333333333333,0.0,0.0,100.00000000000001,0.2535833333333333,0.03233333333333333,0.09191666666666666,48.16013628620103,39.79982964224872,0.229,0.018583333333333334,0.13608333333333333,53.18568994889267,33.51788756388416,0.09783333333333333,0.0,0.09783333333333333,80.00000000000001
correlation,ctd,0.6,0,0.5083333333333333,0.10166666666666667,0.0,0.5083333333333333,0.10166666666666667,0.0,0.0,100.0,0.5083333333333333,0.10166666666666667,0.0,0.0,100.0,0.19441666666666665,0.016166666666666666,0.11358333333333333,61.75409836065573,22.807377049180328,0.18083333333333335,0.009166666666666667,0.135,64.42622950819671,19.467213114754102,0.10166666666666667,0.0,0.10166666666666667,80.0
correlation,ctd,0.6,1,0.5295833333333333,0.10591666666666667,0.0,0.5295833333333333,0.10591666666666667,0.0,0.0,99.99999999999999,0.5295833333333333,0.10591666666666667,0.0,0.0,99.99999999999999,0.19766666666666666,0.0145,0.12516666666666668,62.6750590086546,21.656176239181747,0.18175,0.011916666666666667,0.12216666666666667,65.68056648308419,17.899291896144767,0.10591666666666667,0.0,0.10591666666666667,80.0
correlation,ctd,0.6,2,0.4766666666666667,0.09533333333333334,0.0,0.4766666666666667,0.09533333333333334,0.0,0.0,99.99999999999999,0.4766666666666667,0.09533333333333334,0.0,0.0,99.99999999999999,0.18041666666666667,0.008166666666666666,0.13958333333333334,62.150349650349646,22.312062937062933,0.16925,0.009416666666666667,0.12216666666666667,64.49300699300699,19.38374125874126,0.09533333333333334,0.0,0.09533333333333334,80.0
correlation,ctd,0.6,3,0.4766666666666667,0.09533333333333334,0.0,0.4766666666666667,0.09533333333333334,0.0,0.0,99.99999999999999,0.4766666666666667,0.09533333333333334,0.0,0.0,99.99999999999999,0.182,0.010916666666666667,0.12741666666666668,61.81818181818182,22.727272727272723,0.17158333333333334,0.011166666666666667,0.11575,64.0034965034965,19.99562937062937,0.09533333333333334,0.0,0.09533333333333334,80.0
correlation,ctd,0.6,4,0.4970833333333333,0.09941666666666667,0.0,0.4970833333333333,0.09941666666666667,0.0,0.0,100.0,0.4970833333333333,0.09941666666666667,0.0,0.0,100.0,0.18341666666666667,0.010916666666666667,0.12883333333333333,63.101424979044424,21.12321877619447,0.17333333333333334,0.0095,0.12583333333333332,65.12992455993295,18.587594300083826,0.09941666666666667,0.0,0.09941666666666667,80.0
correlation,ctd,0.9,0,0.485,0.097,0.0,0.485,0.097,0.0,0.0,100.00000000000001,0.485,0.097,0.0,0.0,100.00000000000001,0.14991666666666667,0.006416666666666667,0.11783333333333333,69.0893470790378,13.489672977624787,0.141,0.004083333333333333,0.12058333333333333,70.9278350515464,11.187607573149739,0.09766666666666667,0.00016666666666666666,0.09683333333333333,79.86254295532646
correlation,ctd,0.9,1,0.53,0.106,0.0,0.53,0.106,0.0,0.0,100.0,0.53,0.106,0.0,0.0,100.0,0.16691666666666666,0.00925,0.12066666666666667,68.50628930817611,14.367138364779871,0.15183333333333332,0.006416666666666667,0.11975,71.35220125786164,10.809748427672952,0.106,0.0,0.106,80.0
correlation,ctd,0.9,2,0.47375,0.09475,0.0,0.47375,0.09475,0.0,0.0,100.0,0.47375,0.09475,0.0,0.0,100.0,0.1535,0.007833333333333333,0.11433333333333333,67.59894459102904,15.426936619718308,0.14941666666666667,0.007166666666666667,0.11358333333333333,68.4608619173263,14.348591549295774,0.09508333333333334,8.333333333333333e-05,0.09466666666666666,79.92963940193492
correlation,ctd,0.9,3,0.48125,0.09625,0.0,0.48125,0.09625,0.0,0.0,100.0,0.48125,0.09625,0.0,0.0,100.0,0.15566666666666668,0.008,0.11566666666666667,67.65367965367966,15.432900432900434,0.14033333333333334,0.006083333333333333,0.10991666666666666,70.83982683982683,11.45021645021645,0.09625,0.0,0.09625,80.0
correlation,ctd,0.9,4,0.51875,0.10375,0.0,0.51875,0.10375,0.0,0.0,100.0,0.51875,0.10375,0.0,0.0,100.0,0.16425,0.00825,0.123,68.33734939759036,14.440868865647625,0.15766666666666668,0.0065,0.12516666666666668,69.60642570281124,12.851971037811744,0.10441666666666667,0.00016666666666666666,0.10358333333333333,79.8714859437751
correlation,milk_run,0.0,0,0.5145833333333333,0.10291666666666667,0.0,0.33366666666666667,0.0004166666666666667,0.33158333333333334,35.157894736842096,56.052631578947384,0.21875,0.017916666666666668,0.12916666666666668,57.48987854251012,28.13765182186235,0.21875,0.017916666666666668,0.12916666666666668,57.48987854251012,28.13765182186235,0.18841666666666668,0.007916666666666667,0.14883333333333335,63.38461538461538,20.769230769230774,0.10291666666666667,0.0,0.10291666666666667,80.0
correlation,milk_run,0.0,1,0.505,0.101,0.0,0.3248333333333333,0.0003333333333333333,0.32316666666666666,35.676567656765684,55.40429042904289,0.2045,0.013083333333333334,0.13908333333333334,59.5049504950495,25.618811881188112,0.2045,0.013083333333333334,0.13908333333333334,59.5049504950495,25.618811881188112,0.18308333333333332,0.00825,0.14183333333333334,63.74587458745875,20.317656765676563,0.101,0.0,0.101,80.00000000000001
correlation,milk_run,0.0,2,0.49875,0.09975,0.0,0.32375,0.0004166666666666667,0.32166666666666666,35.08771929824562,56.14035087719298,0.1945,0.01,0.1445,61.00250626566416,23.7468671679198,0.1945,0.01,0.1445,61.00250626566416,23.7468671679198,0.17591666666666667,0.008583333333333333,0.133,64.72848788638262,19.08939014202172,0.09975,0.0,0.09975,80.00000000000001
correlation,milk_run,0.0,3,0.50625,0.10125,0.0,0.31225,8.333333333333333e-05,0.31183333333333335,38.32098765432098,52.09876543209877,0.20683333333333334,0.015583333333333333,0.12891666666666668,59.144032921810705,26.06995884773663,0.20683333333333334,0.015583333333333333,0.12891666666666668,59.144032921810705,26.06995884773663,0.17833333333333334,0.00875,0.13458333333333333,64.77366255144032,19.03292181069959,0.10125,0.0,0.10125,80.0
correlation,milk_run,0.0,4,0.5095833333333334,0.10191666666666667,0.0,0.34608333333333335,0.00016666666666666666,0.34525,32.08503679476697,59.89370400654129,0.20858333333333334,0.014083333333333333,0.13816666666666666,59.06786590351595,26.165167620605068,0.20858333333333334,0.014083333333333333,0.13816666666666666,59.06786590351595,26.165167620605068,0.18508333333333332,0.008,0.14508333333333334,63.6794766966476,20.400654129190507,0.10191666666666667,0.0,0.10191666666666667,80.0
correlation,milk_run,0.3,0,0.5029166666666667,0.10058333333333333,0.0,0.31808333333333333,0.0004166666666666667,0.316,36.75227837613919,54.05965202982602,0.19033333333333333,0.008583333333333333,0.14741666666666667,62.154101077050534,22.307373653686827,0.19033333333333333,0.008583333333333333,0.14741666666666667,62.154101077050534,22.307373653686827,0.1715,0.0069166666666666664,0.13691666666666666,65.89892294946146,17.626346313173162,0.10058333333333333,0.0,0.10058333333333333,80.0
correlation,milk_run,0.3,1,0.5091666666666667,0.10183333333333333,0.0,0.30983333333333335,0.0004166666666666667,0.30775,39.14893617021276,51.06382978723405,0.19916666666666666,0.016416666666666666,0.11708333333333333,60.88379705400982,23.895253682487724,0.19916666666666666,0.016416666666666666,0.11708333333333333,60.88379705400982,23.895253682487724,0.1805,0.006333333333333333,0.14883333333333335,64.54991816693945,19.312602291325696,0.10183333333333333,0.0,0.10183333333333333,80.0
correlation,milk_run,0.3,2,0.46875,0.09375,0.0,0.307,0.00025,0.30575,34.50666666666667,56.86666666666667,0.17808333333333334,0.011083333333333334,0.12266666666666666,62.00888888888888,22.48888888888889,0.17808333333333334,0.011083333333333334,0.12266666666666666,62.00888888888888,22.48888888888889,0.16233333333333333,0.005583333333333333,0.13441666666666666,65.36888888888889,18.288888888888888,0.09375,0.0,0.09375,80.0
correlation,milk_run,0.3,3,0.54125,0.10825,0.0,0.31066666666666665,8.333333333333333e-05,0.31025,42.60200153964589,46.74749807544264,0.20075,0.014166666666666666,0.12991666666666668,62.90993071593534,21.362586605080836,0.20075,0.014166666666666666,0.12991666666666668,62.90993071593534,21.362586605080836,0.17658333333333334,0.00525,0.15033333333333335,67.37490377213241,15.78137028483449,0.10825,0.0,0.10825,80.0
correlation,milk_run,0.3,4,0.51625,0.10325,0.0,0.3333333333333333,0.00016666666666666666,0.3325,35.4317998385795,55.710250201775615,0.20675,0.01225,0.1455,59.95157384987893,25.06053268765133,0.20675,0.01225,0.1455,59.95157384987893,25.06053268765133,0.18166666666666667,0.007416666666666667,0.14458333333333334,64.81033091202583,18.98708635996772,0.10325,0.0,0.10325,80.0
correlation,milk_run,0.6,0,0.47041666666666665,0.09408333333333334,0.0,0.2534166666666667,0.0004166666666666667,0.25133333333333335,46.12931798051372,42.338352524357845,0.14858333333333335,0.0085,0.10608333333333334,68.41452612931798,14.481842338352529,0.14858333333333335,0.0085,0.10608333333333334,68.41452612931798,14.481842338352529,0.13058333333333333,0.004416666666666667,0.1085,72.24092116917626,9.69884853852967,0.09408333333333334,0.0,0.09408333333333334,80.0
correlation,milk_run,0.6,1,0.5370833333333334,0.10741666666666666,0.0,0.24875,0.00016666666666666666,0.24791666666666667,53.68502715283165,32.893716058960436,0.16508333333333333,0.007666666666666666,0.12675,69.26299456943367,13.421256788207915,0.16508333333333333,0.007666666666666666,0.12675,69.26299456943367,13.421256788207915,0.14591666666666667,0.0031666666666666666,0.13008333333333333,72.83165244375485,8.96043444530644,0.10741666666666666,0.0,0.10741666666666666,80.0
correlation,milk_run,0.6,2,0.51,0.102,0.0,0.26216666666666666,0.00025,0.2609166666666667,48.59477124183007,39.25653594771242,0.15325,0.006083333333333333,0.12283333333333334,69.95098039215686,12.561274509803921,0.15325,0.006083333333333333,0.12283333333333334,69.95098039215686,12.561274509803921,0.1385,0.004666666666666667,0.11516666666666667,72.84313725490196,8.946078431372552,0.102,0.0,0.102,80.0
correlation,milk_run,0.6,3,0.5091666666666667,0.10183333333333333,0.0,0.27458333333333335,0.0003333333333333333,0.27291666666666664,46.07201309328969,42.409983633387895,0.15375,0.007333333333333333,0.11708333333333333,69.80360065466448,12.745499181669395,0.15375,0.007333333333333333,0.11708333333333333,69.80360065466448,12.745499181669395,0.14191666666666666,0.0055,0.11441666666666667,72.12765957446807,9.840425531914892,0.10183333333333333,0.0,0.10183333333333333,80.0
correlation,milk_run,0.6,4,0.5408333333333334,0.10816666666666666,0.0,0.2608333333333333,8.333333333333333e-05,0.2604166666666667,51.77195685670263,35.28505392912171,0.15675,0.0045,0.13425,71.01694915254238,11.228813559322035,0.15675,0.0045,0.13425,71.01694915254238,11.228813559322035,0.14658333333333334,0.0030833333333333333,0.13116666666666665,72.89676425269646,8.87904468412943,0.10816666666666666,0.0,0.10816666666666666,80.0
correlation,milk_run,0.9,0,0.48375,0.09675,0.0,0.2105,0.00016666666666666666,0.20966666666666667,56.48578811369509,29.392764857881133,0.13983333333333334,0.00425,0.11858333333333333,71.09388458225668,11.132644272179157,0.13983333333333334,0.00425,0.11858333333333333,71.09388458225668,11.132644272179157,0.12375,0.00275,0.11,74.4186046511628,6.976744186046511,0.09675,0.0,0.09675,80.0
correlation,milk_run,0.9,1,0.48333333333333334,0.09666666666666666,0.0,0.2095,0.00016666666666666666,0.20866666666666667,56.65517241379311,29.181034482758623,0.12916666666666668,0.0033333333333333335,0.1125,73.27586206896551,8.405172413793107,0.12916666666666668,0.0033333333333333335,0.1125,73.27586206896551,8.405172413793107,0.12333333333333334,0.002416666666666667,0.11125,74.48275862068965,6.896551724137932,0.09666666666666666,0.0,0.09666666666666666,80.0
correlation,milk_run,0.9,2,0.48041666666666666,0.09608333333333334,0.0,0.206,8.333333333333333e-05,0.20558333333333334,57.12055507372072,28.59930615784909,0.13191666666666665,0.0023333333333333335,0.12025,72.54119687771032,9.323503902862095,0.13191666666666665,0.0023333333333333335,0.12025,72.54119687771032,9.323503902862095,0.12075,0.0028333333333333335,0.10658333333333334,74.86556808326107,6.418039895923675,0.09608333333333334,0.0,0.09608333333333334,80.0
correlation,milk_run,0.9,3,0.49666666666666665,0.09933333333333333,0.0,0.21991666666666668,0.0,0.21991666666666668,55.721476510067106,30.348154362416114,0.13125,0.005083333333333333,0.10583333333333333,73.5738255033557,8.032718120805372,0.13125,0.005083333333333333,0.10583333333333333,73.5738255033557,8.032718120805372,0.12383333333333334,0.0025,0.11133333333333334,75.06711409395973,6.166107382550337,0.09933333333333333,0.0,0.09933333333333333,80.0
correlation,milk_run,0.9,4,0.51125,0.10225,0.0,0.2235,0.00016666666666666666,0.22266666666666668,56.283618581907085,29.645476772616142,0.13941666666666666,0.003416666666666667,0.12233333333333334,72.73023634881827,9.087204563977181,0.13941666666666666,0.003416666666666667,0.12233333333333334,72.73023634881827,9.087204563977181,0.12758333333333333,0.00225,0.11633333333333333,75.04482477587612,6.193969030154849,0.10225,0.0,0.10225,80.0
