Instance,Plan,N_cust,K_routes,Travel_km,Fixed_cost,none_rec,none_TBC,none_HO,none_fail,v1_end_rec,v1_end_TBC,v1_end_HO,v1_end_fail,v1_end_saving,v1_end_gap,v1_myo_rec,v1_myo_TBC,v1_myo_HO,v1_myo_fail,v1_myo_saving,v1_myo_gap,fb_tau_rec,fb_tau_TBC,fb_tau_HO,fb_tau_fail,fb_tau_saving,fb_tau_gap,v2_lsm_rec,v2_lsm_TBC,v2_lsm_HO,v2_lsm_fail,v2_lsm_saving,v2_lsm_gap,dp_n_rec,dp_n_TBC,dp_n_HO,dp_n_fail,dp_n_saving,dp_n_gap,dp_xl_rec,dp_xl_TBC,dp_xl_HO,dp_xl_fail,dp_xl_saving,dp_xl_gap,oracle_rec,oracle_TBC,oracle_HO,oracle_fail,oracle_saving,solve_s,eval_s
CON3-0,GNRS,50,4,632.71,203.27,59.43,262.7,0.0,0.1931,30.94,234.21,0.1881,0.027,47.94,27.01,54.09,257.36,0.3871,0.0003,8.98,86.32,30.12,233.39,0.1914,0.024,49.33,24.89,26.87,230.15,0.2021,0.0151,54.78,16.59,27.4,230.68,0.2121,0.0131,53.89,17.95,26.56,229.83,0.2046,0.0131,55.31,15.79,20.4,223.67,0.1931,0.0,65.68,0.0,0.8
CON3-0,BSIM,50,5,645.89,239.59,26.59,266.18,0.0,0.0682,14.5,254.09,0.0716,0.0074,45.47,28.74,28.21,267.79,0.1484,0.0013,-6.06,109.5,14.27,253.86,0.06,0.0137,46.33,27.39,12.81,252.4,0.0662,0.0084,51.84,18.74,13.39,252.98,0.0744,0.0067,49.65,22.19,12.37,251.96,0.0719,0.005,53.49,16.16,9.63,249.22,0.0682,0.0,63.8,0.0,0.8
CON3-2,GNRS,50,4,539.89,193.99,37.98,231.97,0.0,0.1481,19.19,213.18,0.1634,0.0101,49.48,26.61,38.13,232.11,0.3246,0.0008,-0.37,100.55,18.81,212.8,0.1492,0.0149,50.49,25.12,16.4,210.39,0.1578,0.0101,56.82,15.72,16.42,210.41,0.1658,0.007,56.76,15.81,15.59,209.57,0.1603,0.0066,58.97,12.53,12.38,206.37,0.1481,0.0,67.42,32.5,1.0
CON3-2,BSIM,50,5,543.79,229.38,17.76,247.14,0.0,0.0568,9.49,238.87,0.0524,0.008,46.58,28.16,19.31,248.69,0.119,0.0004,-8.74,113.48,9.49,238.87,0.0524,0.008,46.58,28.16,8.07,237.44,0.0577,0.0044,54.58,15.82,8.92,238.3,0.0654,0.0045,49.74,23.28,7.98,237.36,0.0612,0.0031,55.07,15.06,6.24,235.62,0.0568,0.0,64.83,32.5,0.9
CON3-1,GNRS,50,4,565.7,196.57,49.67,246.24,0.0,0.1826,25.18,221.75,0.1724,0.0238,49.32,25.65,46.78,243.35,0.3593,0.0006,5.83,91.22,25.2,221.77,0.1628,0.0296,49.26,25.74,22.1,218.67,0.187,0.0163,55.52,16.31,21.6,218.17,0.1962,0.0094,56.52,14.79,21.04,217.61,0.1941,0.009,57.65,13.09,16.72,213.29,0.1826,0.0,66.33,37.5,0.8
CON3-1,BSIM,50,5,586.76,233.68,31.24,264.92,0.0,0.0973,16.65,250.33,0.0911,0.0156,46.71,29.88,31.59,265.26,0.2004,0.0008,-1.1,101.65,16.65,250.33,0.0912,0.0155,46.71,29.89,13.91,247.59,0.1018,0.0078,55.47,16.73,14.1,247.78,0.1089,0.0052,54.87,17.64,13.72,247.4,0.1053,0.0059,56.09,15.8,10.43,244.11,0.0973,0.0,66.62,37.5,0.9
CON3-3,GNRS,50,4,650.51,205.05,68.62,273.67,0.0,0.2518,34.3,239.35,0.2393,0.0311,50.02,25.34,55.28,260.33,0.4296,0.001,19.44,70.98,34.22,239.27,0.2261,0.0389,50.13,25.16,29.6,234.65,0.2636,0.0165,56.87,15.1,29.5,234.55,0.2655,0.0136,57.01,14.89,28.65,233.7,0.2639,0.0129,58.25,13.04,22.65,227.7,0.2518,0.0,66.99,36.7,1.0
CON3-3,BSIM,50,5,647.85,239.78,35.84,275.62,0.0,0.1187,19.31,259.09,0.1137,0.0158,46.12,31.26,37.65,277.43,0.2449,0.0012,-5.05,107.53,19.31,259.09,0.1137,0.0158,46.12,31.26,15.19,254.97,0.1287,0.0071,57.61,14.13,15.48,255.27,0.127,0.0071,56.79,15.36,15.05,254.83,0.1301,0.0058,58.02,13.54,11.79,251.58,0.1187,0.0,67.1,36.7,1.0
CON3-4,GNRS,50,4,619.81,201.98,54.32,256.3,0.0,0.1864,27.58,229.56,0.1846,0.02,49.23,25.32,47.84,249.82,0.3441,0.0015,11.93,81.9,27.71,229.69,0.1859,0.0199,48.99,25.69,24.31,226.29,0.1853,0.0173,55.25,16.2,24.73,226.71,0.2013,0.0102,54.47,17.37,23.88,225.86,0.1959,0.0109,56.04,14.99,18.51,220.49,0.1864,0.0,65.92,34.6,1.0
CON3-4,BSIM,50,5,637.79,238.78,27.28,266.06,0.0,0.0785,14.82,253.6,0.0719,0.0135,45.68,30.27,26.52,265.3,0.1628,0.0011,2.79,95.73,14.76,253.53,0.0695,0.0152,45.91,29.92,12.75,251.53,0.081,0.0074,53.25,18.71,13.54,252.32,0.0833,0.0075,50.38,23.1,12.51,251.28,0.0816,0.0065,54.16,17.33,9.41,248.19,0.0785,0.0,65.51,34.6,0.9
CON3-5,GNRS,50,4,595.81,199.58,44.3,243.89,0.0,0.1566,22.36,221.94,0.1452,0.0244,49.52,26.08,39.82,239.4,0.302,0.0009,10.12,84.89,22.19,221.77,0.1489,0.022,49.92,25.49,19.72,219.3,0.1641,0.0128,55.49,17.17,19.62,219.21,0.1671,0.0102,55.7,16.85,19.1,218.68,0.1631,0.0109,56.88,15.09,14.62,214.2,0.1566,0.0,66.99,35.4,1.0
CON3-5,BSIM,50,4,605.41,200.54,31.28,231.82,0.0,0.1215,15.32,215.86,0.1181,0.016,51.03,24.72,25.97,226.51,0.2228,0.0013,16.97,74.97,15.25,215.79,0.1186,0.0155,51.24,24.4,13.64,214.18,0.1298,0.0084,56.39,16.81,14.09,214.63,0.1364,0.0064,54.96,18.91,13.23,213.77,0.1301,0.0066,57.7,14.87,10.08,210.62,0.1215,0.0,67.78,35.4,1.0
CON3-6,GNRS,50,4,521.67,192.17,41.55,233.71,0.0,0.1461,22.37,214.54,0.1365,0.0267,46.14,32.08,34.35,226.51,0.2824,0.0011,17.33,74.49,21.73,213.9,0.1345,0.0256,47.69,29.81,18.87,211.04,0.1439,0.0184,54.58,19.66,18.57,210.74,0.1562,0.0115,55.3,18.6,17.8,209.97,0.1611,0.0083,57.15,15.87,13.32,205.49,0.1461,0.0,67.94,35.7,0.8
CON3-6,BSIM,50,5,546.2,229.62,27.64,257.26,0.0,0.0879,15.31,244.93,0.084,0.0152,44.59,34.5,25.92,255.54,0.1798,0.0008,6.22,90.86,14.95,244.57,0.0817,0.0156,45.91,32.56,12.32,241.94,0.0957,0.0074,55.42,18.59,13.16,242.78,0.1081,0.0046,52.39,23.05,11.7,241.32,0.0958,0.0052,57.67,15.29,8.82,238.44,0.0879,0.0,68.08,35.7,0.8
CON3-7,GNRS,50,4,602.5,200.25,31.05,231.3,0.0,0.115,15.72,215.97,0.1117,0.0158,49.38,26.12,29.44,229.69,0.2344,0.001,5.21,92.2,15.84,216.09,0.1206,0.013,48.98,26.71,14.18,214.43,0.1217,0.0101,54.33,18.71,14.71,214.96,0.1289,0.0079,52.62,21.26,13.71,213.96,0.1254,0.007,55.85,16.43,10.3,210.55,0.115,0.0,66.83,35.3,0.8
CON3-7,BSIM,50,5,618.01,236.8,13.73,250.54,0.0,0.0426,7.36,244.16,0.0466,0.0038,46.39,30.56,12.04,248.84,0.08,0.0002,12.32,81.56,7.29,244.09,0.0438,0.005,46.94,29.74,5.98,242.78,0.0438,0.0035,56.49,15.44,7.28,244.08,0.0509,0.0032,46.99,29.66,5.91,242.72,0.0474,0.0019,56.94,14.77,4.56,241.36,0.0426,0.0,66.81,35.3,0.8
CON3-8,GNRS,50,4,545.76,194.58,48.45,243.03,0.0,0.1646,23.51,218.08,0.1701,0.0174,51.48,23.07,37.54,232.12,0.3103,0.0009,22.51,66.37,23.18,217.76,0.167,0.0175,52.15,22.07,20.49,215.07,0.176,0.0099,57.71,13.77,21.02,215.6,0.1829,0.0074,56.61,15.42,20.22,214.8,0.1795,0.0073,58.26,12.94,16.02,210.6,0.1646,0.0,66.93,59.4,1.0
CON3-8,BSIM,50,4,579.95,198.0,40.38,238.37,0.0,0.1604,19.69,217.69,0.1599,0.0176,51.23,24.66,32.75,230.75,0.2958,0.0013,18.88,72.23,19.02,217.02,0.1541,0.019,52.89,22.22,16.92,214.92,0.1712,0.011,58.09,14.57,17.47,215.46,0.1759,0.0094,56.74,16.56,16.41,214.41,0.1734,0.0078,59.35,12.72,12.92,210.92,0.1604,0.0,68.0,59.4,0.8
CON3-9,GNRS,50,4,608.24,200.82,46.37,247.19,0.0,0.1633,24.0,224.82,0.1546,0.0235,48.24,28.12,41.11,241.93,0.308,0.0008,11.34,83.1,23.74,224.56,0.1545,0.0229,48.8,27.29,20.25,221.07,0.1723,0.0118,56.33,16.07,20.88,221.71,0.1779,0.0109,54.96,18.11,19.61,220.44,0.1749,0.0087,57.7,14.03,15.25,216.07,0.1633,0.0,67.11,69.0,0.9
CON3-9,BSIM,50,5,616.23,236.62,23.6,260.22,0.0,0.0766,12.55,249.18,0.0832,0.0097,46.81,30.55,21.01,257.63,0.1577,0.0004,10.98,83.71,12.51,249.13,0.0849,0.0088,46.99,30.28,11.21,247.83,0.0803,0.0093,52.51,22.09,12.0,248.62,0.0875,0.0087,49.16,27.06,10.48,247.1,0.0854,0.0051,55.61,17.5,7.69,244.32,0.0766,0.0,67.4,69.0,0.8
CON8-0,GNRS,50,11,955.81,480.58,113.21,593.79,0.0,0.1706,69.24,549.82,0.1724,0.0411,38.84,40.28,81.87,562.45,0.2791,0.0159,27.68,57.44,68.89,549.47,0.1778,0.0386,39.15,39.8,66.84,547.42,0.1895,0.0335,40.96,37.01,67.04,547.62,0.1922,0.0328,40.78,37.29,65.38,545.96,0.1912,0.031,42.25,35.04,39.59,520.17,0.1706,0.0,65.03,62.3,0.9
CON8-0,BSIM,50,12,1029.01,522.9,82.11,605.01,0.0,0.1159,52.08,574.98,0.109,0.0334,36.58,42.05,62.47,585.37,0.1832,0.0159,23.92,62.1,52.22,575.12,0.1068,0.0347,36.4,42.33,49.89,572.79,0.117,0.0288,39.24,37.83,50.12,573.02,0.124,0.0267,38.96,38.27,49.88,572.78,0.1213,0.0275,39.25,37.81,30.29,553.19,0.1159,0.0,63.12,62.3,0.9
CON8-1,GNRS,50,11,830.32,468.03,117.38,585.41,0.0,0.1785,70.81,538.84,0.1784,0.0445,39.68,37.79,79.21,547.24,0.2599,0.024,32.52,49.02,70.18,538.21,0.178,0.0436,40.21,36.95,68.34,536.37,0.1932,0.037,41.78,34.5,68.41,536.45,0.2001,0.0347,41.71,34.6,67.69,535.72,0.1949,0.0353,42.33,33.62,42.52,510.55,0.1785,0.0,63.78,45.2,1.0
CON8-1,BSIM,50,12,854.72,505.47,72.09,577.56,0.0,0.1036,45.41,550.88,0.1065,0.0281,37.01,43.93,50.1,555.57,0.1478,0.0181,30.51,53.78,45.46,550.93,0.1068,0.0281,36.94,44.04,43.96,549.43,0.1117,0.0251,39.03,40.87,44.26,549.73,0.1182,0.0232,38.61,41.51,43.27,548.75,0.1123,0.0239,39.97,39.44,24.51,529.98,0.1036,0.0,66.0,45.2,0.8
CON8-2,GNRS,50,11,786.84,463.68,105.31,568.99,0.0,0.1596,61.67,525.35,0.1701,0.0329,41.44,36.42,70.67,534.35,0.25,0.0135,32.89,49.53,61.32,525.0,0.169,0.0333,41.77,35.9,59.16,522.84,0.1801,0.0275,43.82,32.76,59.92,523.6,0.1823,0.0275,43.1,33.86,58.91,522.59,0.1786,0.0273,44.06,32.4,36.68,500.36,0.1596,0.0,65.17,32.9,0.8
CON8-2,BSIM,50,12,812.63,501.26,71.85,573.12,0.0,0.1025,43.03,544.3,0.1048,0.0248,40.11,39.41,50.73,552.0,0.1723,0.0102,29.39,55.6,43.17,544.44,0.105,0.025,39.91,39.7,41.42,542.68,0.1128,0.0208,42.36,36.01,41.72,542.98,0.1193,0.019,41.94,36.64,41.16,542.42,0.1155,0.0195,42.71,35.47,24.29,525.55,0.1025,0.0,66.19,32.9,0.8
CON8-5,GNRS,50,11,888.34,473.83,92.07,565.9,0.0,0.1412,56.97,530.81,0.1511,0.0342,38.12,40.54,64.14,537.97,0.219,0.0193,30.34,52.68,57.04,530.87,0.1525,0.034,38.05,40.65,54.55,528.38,0.152,0.0316,40.75,36.43,55.4,529.23,0.159,0.0303,39.83,37.87,54.33,528.16,0.1584,0.029,40.99,36.06,33.04,506.88,0.1412,0.0,64.11,33.7,0.8
CON8-5,BSIM,50,12,899.21,509.92,62.72,572.64,0.0,0.0907,43.5,553.42,0.0893,0.0322,30.65,46.71,48.79,558.71,0.1267,0.0243,22.22,61.36,43.49,553.41,0.0892,0.0322,30.66,46.69,42.59,552.51,0.0885,0.0319,32.1,44.18,43.3,553.22,0.0921,0.0313,30.97,46.14,41.84,551.76,0.0905,0.03,33.29,42.11,26.65,536.57,0.0907,0.0,57.51,33.7,0.8
CON8-3,GNRS,50,12,902.31,510.23,102.45,612.68,0.0,0.1374,62.43,572.66,0.1498,0.0295,39.06,39.11,73.19,583.42,0.2113,0.0171,28.56,55.48,62.41,572.64,0.1497,0.0295,39.08,39.08,60.4,570.63,0.155,0.0265,41.05,36.02,60.77,571.0,0.1606,0.025,40.68,36.59,59.8,570.03,0.1539,0.0259,41.63,35.11,36.72,546.95,0.1374,0.0,64.16,65.2,1.0
CON8-3,BSIM,50,12,964.81,516.48,89.52,606.0,0.0,0.1278,57.05,573.53,0.1256,0.0365,36.28,41.88,64.68,581.17,0.1943,0.0192,27.74,55.55,57.21,573.69,0.1243,0.0373,36.09,42.18,55.1,571.58,0.1369,0.0303,38.45,38.4,55.97,572.45,0.1393,0.0309,37.47,39.96,54.53,571.01,0.1384,0.0293,39.08,37.38,33.64,550.13,0.1278,0.0,62.42,65.2,0.9
CON8-4,GNRS,50,11,872.64,472.26,107.06,579.33,0.0,0.1615,66.27,538.53,0.1645,0.0413,38.1,39.6,77.04,549.31,0.2415,0.023,28.04,55.56,66.07,538.34,0.1626,0.042,38.29,39.31,63.87,536.14,0.1859,0.0322,40.34,36.06,64.81,537.07,0.1888,0.032,39.47,37.45,62.85,535.11,0.184,0.031,41.3,34.54,39.52,511.78,0.1615,0.0,63.09,68.1,0.9
CON8-4,BSIM,50,11,912.31,476.23,98.52,574.75,0.0,0.1538,60.57,536.8,0.1569,0.0387,38.52,40.6,70.37,546.6,0.2501,0.0159,28.57,55.95,60.49,536.73,0.1575,0.0384,38.6,40.49,58.66,534.89,0.1779,0.0294,40.46,37.62,59.11,535.35,0.1835,0.0279,40.0,38.33,57.81,534.04,0.1778,0.0281,41.32,36.29,34.62,510.85,0.1538,0.0,64.86,68.1,0.8
CON8-7,GNRS,50,11,937.33,478.73,85.74,564.47,0.0,0.1291,56.15,534.88,0.1391,0.0337,34.51,46.29,61.91,540.65,0.1864,0.0197,27.79,56.76,55.62,534.35,0.1362,0.0341,35.13,45.32,53.02,531.75,0.1574,0.0246,38.16,40.61,52.81,531.54,0.1534,0.0255,38.41,40.23,51.91,530.64,0.1432,0.0279,39.46,38.59,30.65,509.38,0.1291,0.0,64.26,35.3,0.9
CON8-7,BSIM,50,12,971.75,517.18,47.38,564.55,0.0,0.0656,31.81,548.99,0.068,0.0199,32.85,47.57,37.59,554.76,0.1054,0.0115,20.66,67.03,31.81,548.98,0.0669,0.0204,32.86,47.56,30.82,547.99,0.074,0.017,34.95,44.22,31.97,549.14,0.0759,0.0179,32.53,48.09,29.85,547.02,0.0729,0.0158,37.0,40.96,17.69,534.86,0.0656,0.0,62.66,35.3,0.9
CON8-6,GNRS,50,11,745.39,459.54,96.25,555.79,0.0,0.1491,64.85,524.39,0.1472,0.0477,32.62,44.89,73.66,533.2,0.2228,0.0279,23.47,60.35,64.85,524.38,0.1473,0.0477,32.63,44.88,62.4,521.94,0.165,0.0393,35.17,40.59,63.0,522.54,0.169,0.0389,34.54,41.65,61.67,521.21,0.1571,0.0412,35.92,39.31,39.27,498.81,0.1491,0.0,59.19,56.9,0.8
CON8-6,BSIM,50,12,807.54,500.75,53.21,553.96,0.0,0.0762,34.41,535.17,0.0805,0.0206,35.32,46.02,40.36,541.12,0.1233,0.0114,24.14,63.11,34.53,535.28,0.0816,0.0204,35.11,46.34,33.09,533.85,0.0835,0.0183,37.8,42.22,34.12,534.88,0.0892,0.0177,35.87,45.18,32.87,533.63,0.0841,0.0178,38.21,41.59,18.39,519.15,0.0762,0.0,65.43,56.9,0.8
SCA3-0,GNRS,50,4,668.09,206.81,49.59,256.4,0.0,0.1823,26.6,233.41,0.1812,0.0247,46.35,30.67,41.41,248.22,0.3178,0.0034,16.48,75.35,26.49,233.3,0.1825,0.024,46.59,30.32,21.79,228.6,0.1942,0.0135,56.05,16.16,22.15,228.95,0.1945,0.0135,55.34,17.22,21.31,228.12,0.194,0.0118,57.02,14.71,16.44,223.25,0.1823,0.0,66.85,31.1,1.0
SCA3-0,BSIM,50,5,702.61,245.26,25.62,270.88,0.0,0.0768,13.89,259.15,0.0646,0.0174,45.78,31.27,21.03,266.29,0.1351,0.0013,17.92,73.09,13.84,259.1,0.065,0.0173,45.97,30.98,11.53,256.79,0.0821,0.0061,54.99,17.44,11.81,257.08,0.0839,0.0053,53.89,19.09,11.18,256.44,0.0822,0.0049,56.36,15.39,8.56,253.82,0.0768,0.0,66.61,31.1,1.0
CON8-8,GNRS,50,11,841.26,469.13,107.92,577.05,0.0,0.1651,65.7,534.82,0.1818,0.035,39.12,34.49,76.92,546.05,0.2476,0.0244,28.72,51.9,65.68,534.8,0.1819,0.0351,39.14,34.46,64.14,533.27,0.1882,0.033,40.56,32.08,64.32,533.45,0.1944,0.0306,40.4,32.35,63.15,532.28,0.1786,0.0349,41.48,30.54,43.47,512.59,0.1651,0.0,59.72,64.1,0.9
CON8-8,BSIM,50,11,906.98,475.7,100.18,575.88,0.0,0.1598,59.96,535.65,0.167,0.0334,40.15,39.07,70.92,546.61,0.251,0.0155,29.21,55.67,59.86,535.56,0.1666,0.0335,40.24,38.93,56.16,531.86,0.176,0.0286,43.94,33.32,56.64,532.34,0.1902,0.0242,43.46,34.05,55.51,531.21,0.1765,0.0275,44.58,32.34,34.17,509.87,0.1598,0.0,65.89,64.1,0.9
CON8-9,GNRS,50,11,892.83,474.28,111.12,585.4,0.0,0.1729,70.88,545.16,0.168,0.0481,36.21,43.25,81.01,555.29,0.2709,0.0207,27.09,57.55,70.44,544.72,0.1743,0.0452,36.61,42.64,66.17,540.46,0.1922,0.0352,40.45,36.62,66.99,541.27,0.1899,0.037,39.71,37.77,65.52,539.8,0.1895,0.0353,41.03,35.7,40.2,514.49,0.1729,0.0,63.82,46.7,0.9
CON8-9,BSIM,50,12,921.5,512.15,64.35,576.5,0.0,0.0895,42.14,554.29,0.0956,0.0246,34.51,46.78,50.46,562.61,0.1563,0.0127,21.58,66.72,42.23,554.38,0.0938,0.0255,34.38,46.98,41.63,553.77,0.1044,0.0216,35.32,45.54,42.0,554.15,0.1054,0.0212,34.73,46.44,40.66,552.81,0.096,0.023,36.82,43.22,22.62,534.77,0.0895,0.0,64.85,46.7,0.8
SCA3-1,GNRS,50,4,725.83,212.58,55.82,268.4,0.0,0.1896,27.67,240.25,0.1807,0.0259,50.43,24.57,50.1,262.68,0.3699,0.0008,10.25,84.67,27.59,240.17,0.1804,0.0259,50.57,24.35,24.71,237.29,0.2021,0.0139,55.74,16.63,24.95,237.53,0.2094,0.0106,55.31,17.26,24.04,236.63,0.1981,0.0121,56.93,14.85,18.5,231.09,0.1896,0.0,66.85,33.4,0.8
SCA3-1,BSIM,50,5,743.63,249.36,29.14,278.5,0.0,0.0862,16.26,265.62,0.0863,0.0131,44.2,32.31,28.93,278.29,0.1819,0.0006,0.71,98.92,16.38,265.74,0.0873,0.013,43.79,32.94,14.19,263.55,0.0948,0.0082,51.3,21.44,14.31,263.67,0.0988,0.0056,50.89,22.07,13.69,263.05,0.0918,0.0077,53.02,18.81,10.11,259.47,0.0862,0.0,65.3,33.4,0.8
SCA3-3,GNRS,50,4,721.55,212.15,52.62,264.78,0.0,0.1914,25.94,238.09,0.177,0.026,50.71,23.68,48.98,261.13,0.3716,0.0011,6.93,89.57,25.64,237.79,0.1759,0.0264,51.28,22.83,22.98,235.14,0.196,0.0155,56.32,15.24,23.07,235.23,0.1984,0.0136,56.15,15.49,22.35,234.5,0.2011,0.0109,57.53,13.42,17.66,229.81,0.1914,0.0,66.45,34.3,0.9
SCA3-3,BSIM,50,5,754.41,250.44,30.7,281.14,0.0,0.0925,16.02,266.46,0.0808,0.0163,47.81,27.85,30.53,280.98,0.1834,0.0002,0.53,99.19,15.98,266.42,0.0812,0.016,47.96,27.62,12.85,263.29,0.1009,0.0034,58.14,12.25,13.22,263.66,0.1039,0.0025,56.94,14.06,12.7,263.14,0.0975,0.004,58.63,11.51,10.36,260.8,0.0925,0.0,66.25,34.3,1.0
SCA3-2,GNRS,50,5,713.07,246.31,37.13,283.44,0.0,0.1072,19.35,265.66,0.109,0.0128,47.88,27.38,32.1,278.41,0.2094,0.0005,13.54,79.47,19.26,265.57,0.111,0.0118,48.14,27.0,16.58,262.89,0.1174,0.0062,55.35,16.05,16.98,263.29,0.1173,0.0071,54.26,17.7,16.14,262.44,0.1151,0.0059,56.54,14.24,12.65,258.96,0.1072,0.0,65.94,47.3,0.8
SCA3-2,BSIM,50,5,721.45,247.15,24.7,271.85,0.0,0.0733,12.96,260.11,0.0741,0.0092,47.52,28.12,21.49,268.64,0.1432,0.0017,12.99,80.35,13.18,260.33,0.0754,0.0093,46.63,29.47,11.3,258.45,0.075,0.0072,54.24,17.96,12.03,259.18,0.0821,0.0059,51.3,22.41,11.12,258.27,0.0766,0.006,54.97,16.86,8.37,255.51,0.0733,0.0,66.12,47.3,0.8
SCA3-4,GNRS,50,4,724.85,212.48,51.52,264.0,0.0,0.1855,27.04,239.52,0.1679,0.0312,47.52,28.35,47.32,259.81,0.3573,0.0014,8.14,87.73,26.95,239.44,0.1675,0.0315,47.68,28.11,23.48,235.97,0.1953,0.0165,54.41,17.96,23.65,236.13,0.1989,0.0145,54.1,18.43,22.3,234.78,0.197,0.011,56.71,14.49,17.35,229.83,0.1855,0.0,66.33,40.9,0.8
SCA3-4,BSIM,50,5,760.49,251.05,19.78,270.83,0.0,0.0627,11.43,262.48,0.0645,0.0091,42.19,36.09,19.57,270.62,0.1262,0.0017,1.05,98.41,11.37,262.42,0.0635,0.0094,42.52,35.59,9.36,260.41,0.065,0.0068,52.68,20.2,10.27,261.31,0.0628,0.0095,48.1,27.13,9.08,260.13,0.0664,0.0056,54.09,18.07,6.72,257.77,0.0627,0.0,66.01,40.9,0.8
SCA3-6,GNRS,50,4,686.69,208.67,41.62,250.29,0.0,0.139,21.94,230.61,0.128,0.0254,47.28,28.17,33.44,242.11,0.2576,0.0008,19.66,70.13,21.55,230.21,0.1351,0.0208,48.24,26.73,19.28,227.95,0.1524,0.0104,53.68,18.45,19.78,228.45,0.1542,0.0096,52.48,20.28,19.01,227.68,0.1514,0.0097,54.32,17.49,14.22,222.89,0.139,0.0,65.83,49.0,1.0
SCA3-6,BSIM,50,4,687.83,208.78,35.47,244.26,0.0,0.1266,18.83,227.61,0.1097,0.0254,46.93,28.51,35.52,244.3,0.2771,0.0006,-0.12,100.19,18.3,227.08,0.1187,0.0196,48.42,26.24,16.97,225.75,0.1264,0.0155,52.16,20.55,16.77,225.55,0.138,0.0089,52.74,19.67,15.78,224.57,0.1307,0.0096,55.5,15.45,12.19,220.97,0.1266,0.0,65.65,49.0,0.9
SCA3-5,GNRS,50,4,714.75,211.47,52.47,263.94,0.0,0.187,28.71,240.18,0.1913,0.0246,45.28,31.73,43.17,254.64,0.3336,0.0017,17.72,73.28,28.91,240.38,0.1749,0.0338,44.9,32.3,24.13,235.6,0.2018,0.016,54.01,18.57,24.19,235.67,0.2167,0.0096,53.89,18.75,23.3,234.77,0.2067,0.0112,55.59,16.19,17.67,229.14,0.187,0.0,66.33,60.2,0.9
SCA3-5,BSIM,50,5,731.42,248.14,38.44,286.58,0.0,0.121,22.18,270.32,0.1122,0.0224,42.31,36.68,36.38,284.52,0.228,0.0009,5.36,91.98,21.38,269.52,0.1181,0.0178,44.38,33.59,17.29,265.44,0.1299,0.0101,55.01,17.68,18.28,266.42,0.1329,0.0111,52.46,21.5,16.94,265.08,0.1298,0.0088,55.93,16.31,12.75,260.9,0.121,0.0,66.82,60.2,1.0
SCA3-7,GNRS,50,4,688.74,208.87,61.28,270.16,0.0,0.2218,31.18,240.06,0.2201,0.0236,49.12,25.28,54.3,263.18,0.4146,0.0014,11.39,82.67,30.6,239.47,0.1948,0.0368,50.07,23.83,26.85,235.73,0.231,0.0149,56.18,14.53,26.5,235.38,0.2364,0.0105,56.75,13.67,25.98,234.86,0.2307,0.0118,57.6,12.37,21.0,229.87,0.2218,0.0,65.74,48.3,1.0
SCA3-7,BSIM,50,5,728.56,247.86,33.17,281.03,0.0,0.0975,17.13,264.99,0.1045,0.0083,48.35,26.48,31.62,279.48,0.1994,0.0009,4.67,92.9,16.72,264.58,0.1016,0.0087,49.58,24.6,15.04,262.9,0.1025,0.0078,54.65,16.89,15.36,263.22,0.1098,0.0051,53.68,18.36,14.59,262.45,0.1036,0.0061,56.01,14.83,11.36,259.21,0.0975,0.0,65.76,48.3,0.8
SCA3-9,GNRS,50,4,705.43,210.54,58.03,268.57,0.0,0.2052,30.53,241.08,0.1996,0.0281,47.38,28.47,49.74,260.28,0.3786,0.0016,14.29,78.42,30.44,240.99,0.2015,0.027,47.54,28.24,26.38,236.93,0.2182,0.0171,54.54,17.67,26.38,236.92,0.2251,0.0125,54.55,17.65,25.52,236.07,0.2195,0.0131,56.02,15.43,19.59,230.14,0.2052,0.0,66.24,43.9,0.9
SCA3-9,BSIM,50,5,756.54,250.65,32.8,283.45,0.0,0.0973,17.36,268.02,0.0963,0.0125,47.06,28.45,29.99,280.64,0.19,0.0008,8.57,86.98,17.15,267.8,0.0945,0.0131,47.71,27.46,15.05,265.7,0.0984,0.0099,54.13,17.71,15.77,266.42,0.1067,0.008,51.91,21.07,14.63,265.28,0.1019,0.0071,55.39,15.78,11.23,261.88,0.0973,0.0,65.77,43.9,0.8
SCA3-8,GNRS,50,4,747.26,214.73,43.36,258.09,0.0,0.1492,22.18,236.9,0.1394,0.0216,48.86,26.4,36.43,251.15,0.2714,0.0009,16.0,75.9,22.06,236.79,0.1425,0.0196,49.12,26.0,19.56,234.28,0.1611,0.0092,54.9,17.3,19.93,234.66,0.1615,0.0092,54.03,18.6,19.21,233.94,0.1586,0.0096,55.69,16.1,14.58,229.3,0.1492,0.0,66.38,62.6,0.9
SCA3-8,BSIM,50,5,793.34,254.33,10.39,264.72,0.0,0.0311,5.84,260.18,0.0291,0.006,43.75,32.96,11.23,265.57,0.0689,0.0003,-8.14,112.47,5.84,260.18,0.0291,0.006,43.75,32.96,5.18,259.51,0.0307,0.0045,50.14,23.17,5.44,259.77,0.0365,0.0029,47.65,26.99,5.04,259.37,0.0341,0.0027,51.52,21.06,3.61,257.94,0.0311,0.0,65.26,62.6,0.9
SCA8-0,GNRS,50,11,1117.83,496.78,111.18,607.97,0.0,0.1689,70.38,567.16,0.1733,0.0411,36.7,43.54,83.68,580.46,0.2764,0.0155,24.74,61.94,70.36,567.14,0.1731,0.0412,36.72,43.5,64.59,561.37,0.1843,0.0331,41.9,35.53,65.72,562.5,0.1808,0.0355,40.89,37.09,64.05,560.84,0.1865,0.0313,42.39,34.78,38.92,535.7,0.1689,0.0,64.99,37.0,0.8
SCA8-0,BSIM,50,12,1209.65,540.97,70.43,611.39,0.0,0.0979,47.33,588.3,0.101,0.029,32.79,48.57,55.32,596.29,0.1557,0.0173,21.45,66.36,47.31,588.27,0.101,0.029,32.83,48.52,45.81,586.78,0.109,0.0252,34.95,45.19,46.53,587.5,0.109,0.026,33.93,46.8,45.28,586.24,0.1022,0.0268,35.71,44.0,25.52,566.49,0.0979,0.0,63.76,37.0,0.9
SCA8-1,GNRS,50,11,1193.56,504.36,116.0,620.36,0.0,0.1686,73.5,577.85,0.1851,0.0375,36.64,42.08,84.3,588.65,0.2672,0.019,27.33,56.8,73.64,578.0,0.1822,0.0387,36.52,42.28,70.24,574.6,0.201,0.03,39.45,37.65,70.7,575.06,0.1965,0.0321,39.05,38.27,68.88,573.23,0.186,0.0335,40.62,35.79,42.61,546.97,0.1686,0.0,63.27,42.7,0.9
SCA8-1,BSIM,50,12,1276.12,547.61,75.47,623.08,0.0,0.103,54.63,602.24,0.1012,0.0365,27.61,53.21,60.93,608.54,0.1521,0.024,19.26,67.36,54.68,602.29,0.1045,0.0354,27.54,53.33,53.31,600.92,0.1053,0.0342,29.37,50.24,53.89,601.5,0.1066,0.0343,28.59,51.56,52.15,599.76,0.0985,0.0351,30.9,47.63,30.93,578.54,0.103,0.0,59.01,42.7,0.8
SCA8-2,GNRS,50,11,1222.73,507.27,140.09,647.37,0.0,0.2033,85.6,592.87,0.2072,0.0452,38.9,38.2,100.92,608.19,0.3094,0.022,27.96,55.57,85.67,592.95,0.2063,0.0455,38.84,38.29,82.26,589.53,0.2168,0.0404,41.28,34.41,83.21,590.48,0.2205,0.0402,40.6,35.49,80.94,588.21,0.2146,0.0396,42.23,32.91,51.91,559.19,0.2033,0.0,62.94,64.1,0.8
SCA8-2,BSIM,50,12,1275.5,547.55,99.83,647.38,0.0,0.1311,62.31,609.86,0.1382,0.0312,37.58,39.77,70.88,618.43,0.2046,0.0164,28.99,53.53,62.42,609.97,0.1389,0.031,37.48,39.94,61.32,608.87,0.1432,0.0286,38.58,38.18,61.9,609.45,0.1467,0.0281,37.99,39.12,60.85,608.41,0.1367,0.0304,39.04,37.43,37.54,585.09,0.1311,0.0,62.4,64.1,0.7
SCA8-3,GNRS,50,11,1115.12,496.51,116.32,612.83,0.0,0.1724,72.35,568.86,0.1685,0.0445,37.8,39.04,80.06,576.57,0.2449,0.0233,31.17,49.73,72.36,568.87,0.1687,0.0444,37.79,39.06,68.68,565.2,0.1768,0.038,40.95,33.96,70.63,567.14,0.1856,0.0371,39.28,36.66,67.89,564.4,0.1856,0.0338,41.64,32.85,44.19,540.7,0.1724,0.0,62.01,71.0,1.0
SCA8-3,BSIM,50,12,1190.8,539.08,73.91,612.99,0.0,0.102,48.28,587.36,0.0993,0.0304,34.68,43.87,56.47,595.55,0.1507,0.0202,23.59,61.81,48.21,587.29,0.1,0.03,34.77,43.72,46.67,585.75,0.1028,0.0281,36.86,40.34,47.04,586.12,0.1055,0.0274,36.36,41.15,46.28,585.36,0.1057,0.0265,37.38,39.49,28.25,567.33,0.102,0.0,61.78,71.0,0.9
SCA8-4,GNRS,50,11,1255.68,510.57,127.82,638.39,0.0,0.1898,79.58,590.15,0.1872,0.0481,37.74,40.43,92.56,603.13,0.2905,0.0218,27.59,56.46,79.46,590.03,0.1795,0.0508,37.84,40.28,75.72,586.28,0.1985,0.041,40.76,35.66,77.08,587.65,0.2085,0.0391,39.69,37.35,74.75,585.32,0.2037,0.0377,41.52,34.47,46.84,557.41,0.1898,0.0,63.36,59.4,0.8
SCA8-4,BSIM,50,12,1296.92,549.69,84.95,634.64,0.0,0.1141,58.26,607.95,0.1243,0.0321,31.42,50.7,64.75,614.44,0.1751,0.019,23.78,62.69,58.3,607.99,0.1159,0.0352,31.37,50.77,56.36,606.05,0.12,0.0325,33.65,47.2,56.6,606.29,0.1278,0.03,33.38,47.63,55.53,605.22,0.1237,0.0301,34.64,45.66,30.81,580.5,0.1141,0.0,63.74,59.4,0.8
SCA8-5,GNRS,50,11,1209.7,505.97,139.64,645.61,0.0,0.1994,90.66,596.63,0.1945,0.0569,35.07,42.69,100.46,606.43,0.2888,0.0316,28.06,54.16,90.1,596.07,0.1987,0.0546,35.48,42.04,87.18,593.16,0.211,0.0485,37.56,38.62,87.48,593.45,0.2208,0.0452,37.35,38.97,85.57,591.54,0.2154,0.045,38.72,36.73,54.18,560.15,0.1994,0.0,61.2,51.8,0.7
SCA8-5,BSIM,50,12,1258.31,545.83,97.29,643.12,0.0,0.1318,62.8,608.63,0.1265,0.0383,35.45,45.64,72.81,618.64,0.2123,0.0162,25.17,61.41,62.8,608.63,0.1265,0.0383,35.45,45.64,60.76,606.59,0.1366,0.034,37.55,42.43,61.1,606.93,0.142,0.0321,37.21,42.95,59.64,605.47,0.1437,0.03,38.7,40.66,33.84,579.67,0.1318,0.0,65.22,51.8,0.8
SCA8-6,GNRS,50,10,1140.59,464.06,143.57,607.63,0.0,0.2255,88.46,552.52,0.2288,0.0523,38.39,39.28,103.65,567.71,0.3585,0.0223,27.81,56.01,88.53,552.59,0.2296,0.052,38.33,39.36,85.12,549.18,0.2417,0.0447,40.71,35.6,86.02,550.08,0.2463,0.0445,40.08,36.59,84.7,548.76,0.244,0.0433,41.01,35.13,52.81,516.87,0.2255,0.0,63.21,77.2,0.8
SCA8-6,BSIM,50,11,1232.01,508.2,92.67,600.87,0.0,0.1362,61.31,569.51,0.1312,0.0401,33.84,46.1,69.2,577.4,0.2007,0.0217,25.33,59.66,61.3,569.5,0.131,0.0401,33.86,46.08,57.92,566.12,0.14,0.0342,37.5,40.27,59.55,567.75,0.1388,0.037,35.74,43.08,57.68,565.88,0.1463,0.0315,37.76,39.87,34.48,542.68,0.1362,0.0,62.79,77.2,0.7
SCA8-7,GNRS,50,11,1227.48,507.75,143.97,651.72,0.0,0.2055,90.4,598.15,0.2246,0.0456,37.21,37.7,102.36,610.11,0.3127,0.0265,28.9,51.61,91.02,598.77,0.2274,0.046,36.78,38.42,88.05,595.8,0.2309,0.0412,38.84,34.96,88.09,595.83,0.2302,0.0414,38.82,35.01,86.75,594.5,0.2168,0.0444,39.75,33.45,57.98,565.73,0.2055,0.0,59.73,65.8,0.9
SCA8-7,BSIM,50,12,1290.33,549.03,104.46,653.49,0.0,0.1417,66.48,615.51,0.1423,0.036,36.36,41.35,76.4,625.43,0.2139,0.0186,26.86,56.67,66.24,615.27,0.1438,0.0351,36.59,40.98,63.22,612.26,0.1442,0.0325,39.47,36.33,64.0,613.03,0.151,0.0311,38.73,37.52,61.82,610.85,0.1505,0.0285,40.82,34.16,39.7,588.73,0.1417,0.0,62.0,65.8,0.9
SCA8-8,GNRS,50,11,1244.66,509.47,87.89,597.36,0.0,0.1279,58.18,567.64,0.1336,0.0338,33.81,43.2,66.65,576.11,0.1805,0.0245,24.17,59.39,58.17,567.64,0.1339,0.0337,33.82,43.19,54.91,564.38,0.1253,0.035,37.53,36.96,56.06,565.52,0.127,0.0356,36.22,39.15,54.67,564.13,0.1304,0.0325,37.8,36.49,35.57,545.04,0.1279,0.0,59.52,52.1,0.8
SCA8-8,BSIM,50,12,1278.61,547.86,56.78,604.64,0.0,0.0755,37.64,585.5,0.0697,0.0245,33.7,43.1,40.76,588.62,0.1018,0.0159,28.21,52.37,37.57,585.43,0.0722,0.0235,33.83,42.87,37.11,584.97,0.075,0.0225,34.63,41.52,38.41,586.27,0.0714,0.0253,32.35,45.38,36.44,584.3,0.0772,0.0207,35.81,39.53,23.15,571.01,0.0755,0.0,59.22,52.1,0.7
SCA8-9,GNRS,50,11,1258.1,510.81,129.35,640.16,0.0,0.1896,84.46,595.27,0.1862,0.0521,34.7,40.66,94.11,604.92,0.266,0.0328,27.25,53.41,84.45,595.26,0.1848,0.0525,34.71,40.64,80.25,591.06,0.1961,0.0449,37.96,35.09,81.22,592.03,0.1946,0.0465,37.21,36.38,80.08,590.89,0.1936,0.0457,38.09,34.86,53.71,564.52,0.1896,0.0,58.48,43.9,0.9
SCA8-9,BSIM,50,12,1324.66,552.47,91.09,643.56,0.0,0.1193,62.31,614.77,0.1233,0.0359,31.6,49.83,68.34,620.8,0.171,0.0243,24.98,60.34,62.32,614.78,0.1199,0.0372,31.59,49.84,61.58,614.05,0.1264,0.0347,32.39,48.57,62.0,614.46,0.1332,0.0324,31.94,49.28,60.57,613.04,0.1272,0.033,33.51,46.8,33.72,586.19,0.1193,0.0,62.98,43.9,0.9
