Instance,Plan,route,m,none_rec,v1_end_rec,v1_myo_rec,fb_tau_rec,pi1_rec,pi2_rec,pi3_rec,rollout_rec,restock_rec,thr_k_rec,ro_theta_rec,thr2_rec,dp3_n_rec,v2_lsm_rec,v2_act_rec,v2_cf_rec,dp_n_rec,dp_xl_rec,dp_xl3_rec,oracle_rec,oracle3_rec
CON3-3,Det,0,3,0.0,0.0,0.0,0.0,0.0,0.0,0.0,0.0,0.0,0.0,0.0,0.0,0.0,0.0,0.0,0.0,0.0,0.0,0.0,0.0,0.0
CON3-3,Det,1,14,46.2377,30.4214,45.7993,29.2153,31.2752,35.1001,28.5933,38.1676,44.9442,27.6843,29.1143,29.9414,27.995,27.6125,27.0456,26.8855,27.491,27.587,27.1006,23.1965,21.2997
CON3-3,Det,2,14,32.3943,20.6369,25.1831,20.3624,21.581,27.3153,20.2906,23.8833,32.3943,19.9582,20.2994,20.4964,19.8382,19.8315,19.8758,19.896,20.044,19.827,19.8645,16.4295,15.588
CON3-3,Det,3,19,51.9154,28.0575,31.1604,27.9672,31.6962,28.3896,31.7879,30.2861,51.9154,27.8811,27.667,27.9803,27.9572,27.854,27.7826,27.7192,27.5674,27.6206,27.4988,22.6199,21.9802
CON3-3,SAA,0,7,3.5839,2.5085,3.2089,2.5085,2.7153,2.5779,2.3606,2.7765,1.8974,2.4103,2.5126,1.8522,1.9033,2.3953,1.6926,1.6849,2.4485,2.4462,1.6896,1.9896,1.1349
CON3-3,SAA,1,10,4.8888,3.751,5.0065,3.751,4.9598,3.4183,3.771,4.3259,3.708,3.3416,3.5948,3.7648,2.8217,3.3776,2.8531,2.8496,3.4691,3.3088,2.7186,2.6946,1.8356
CON3-3,SAA,2,13,2.6912,2.0855,4.181,2.0855,2.1315,2.1053,1.9357,2.5454,1.7988,1.8192,1.7988,1.7274,2.5144,1.7972,1.3473,1.3514,2.3079,1.8598,1.3673,1.4425,0.9738
CON3-3,SAA,3,11,2.3159,1.9382,4.2983,1.9382,1.7265,1.7866,1.7478,2.1763,1.2775,1.7616,1.7399,1.311,1.3824,1.7594,1.2204,1.2204,1.739,1.7064,1.2587,1.3284,0.7701
CON3-3,SAA,4,9,2.9513,2.4805,3.221,2.4805,2.1747,2.4136,2.1998,2.8457,1.7049,2.2355,2.4814,1.6439,1.8701,2.2189,1.6135,1.5854,2.2226,2.147,1.5962,1.6778,0.9788
CON3-0,Det,0,9,1.8849,1.3742,1.6479,1.3742,1.6749,1.6543,1.8849,1.3734,1.1292,1.3475,1.3895,1.2395,1.8849,1.3601,0.9671,0.9671,1.8849,1.227,0.8907,1.0103,0.6468
CON3-0,Det,1,12,29.1725,20.7737,34.8563,20.4009,20.7184,20.7461,18.7652,24.7615,24.5756,17.9541,19.0076,20.3176,16.7369,17.9196,18.2784,16.5062,18.3269,17.8584,16.481,15.4763,12.6948
CON3-0,Det,2,12,1.3806,0.9161,1.4994,0.9161,0.9416,1.0381,1.3287,1.418,0.7849,0.9435,0.9263,0.7751,1.3806,0.9574,0.7607,0.7596,1.5797,0.8553,0.7161,0.7355,0.4939
CON3-0,Det,3,17,69.2104,63.4257,65.684,63.1325,65.7096,64.4449,65.7568,64.6352,69.2104,62.7003,63.1784,62.688,62.6704,62.695,62.695,62.695,62.6549,62.6148,62.4108,58.148,57.7392
CON3-0,SAA,0,11,2.97,2.316,3.7281,2.316,2.5748,2.2185,2.3029,2.6136,1.9165,2.0028,2.1914,1.894,2.6813,2.0167,1.4659,1.4659,2.4254,1.9639,1.3409,1.6753,1.0092
CON3-0,SAA,1,8,1.4158,0.9464,1.3098,0.9464,1.0948,1.1419,0.9351,1.1606,0.7766,0.8999,0.946,0.7517,1.3629,0.9102,0.6278,0.6278,1.1038,0.9097,0.5743,0.7889,0.446
CON3-0,SAA,2,11,1.255,0.8371,1.2993,0.8371,1.0063,1.0973,0.9695,1.0506,0.7506,0.7962,0.8337,0.8366,1.255,0.7943,0.513,0.513,1.255,0.8031,0.4975,0.682,0.4082
CON3-0,SAA,3,10,2.6992,2.0495,2.3754,2.028,2.6223,1.9237,1.9462,2.1902,2.3297,1.8061,2.0158,2.0386,1.7483,1.8815,1.3607,1.3607,1.8591,1.7355,1.3878,1.4759,0.925
CON3-0,SAA,4,10,4.264,3.0641,3.6411,3.166,4.0152,3.2939,4.0946,3.3995,3.477,3.0037,3.1602,3.1676,2.5385,3.1832,2.3974,2.3974,3.4056,2.9804,2.2741,2.3171,1.455
CON3-1,Det,0,20,34.1032,20.1449,29.9696,19.6004,21.3857,22.7611,22.0581,25.2687,34.1032,18.8474,19.5532,19.7081,19.326,18.7661,18.68,18.68,18.9621,18.727,18.6571,15.7614,15.155
CON3-1,Det,1,11,36.2486,22.8381,24.1318,22.1659,24.5481,26.1535,22.4546,24.012,36.2486,21.9406,22.4676,22.1105,22.0875,21.9356,21.7308,21.7241,21.9112,21.723,21.3702,18.3966,17.0689
CON3-1,Det,2,3,0.0,0.0,0.0,0.0,0.0,0.0,0.0,0.0,0.0,0.0,0.0,0.0,0.0,0.0,0.0,0.0,0.0,0.0,0.0,0.0,0.0
CON3-1,Det,3,16,55.9833,45.5996,48.7689,45.519,46.3772,47.9926,45.9048,46.0919,55.9833,45.4271,45.3914,45.5188,44.9548,45.0589,45.0589,45.0589,45.0871,44.8958,44.4793,37.437,37.3855
CON3-1,SAA,0,14,1.5839,1.1532,1.9361,1.1532,1.1245,1.1143,1.0356,1.553,0.8715,1.092,0.9664,0.8399,1.5839,1.084,0.8396,0.8396,1.419,0.9702,0.7202,0.8656,0.5769
CON3-1,SAA,1,8,2.8167,2.157,2.3586,2.1066,2.6979,2.2709,2.0443,2.3276,2.0595,2.0423,2.2117,2.2268,1.9905,2.0123,1.6365,1.3989,2.3224,1.9283,1.3251,1.5725,0.9495
CON3-1,SAA,2,5,1.2627,0.8919,0.8495,0.8919,0.8734,1.0706,0.9044,0.8806,0.5566,0.8551,0.8919,0.5566,1.2627,0.8551,0.4972,0.4972,1.2627,0.811,0.5002,0.7066,0.3975
CON3-1,SAA,3,10,3.4967,2.428,3.8492,2.4334,3.4989,2.6336,3.4967,3.0218,2.7682,2.4123,2.4828,2.5371,2.4055,2.4241,1.9777,2.0105,2.7462,2.3668,1.9257,1.8692,1.3345
CON3-1,SAA,4,13,2.3325,1.7162,2.0764,1.7162,1.874,2.005,2.08,1.898,1.3937,1.5572,1.6226,1.4107,1.8942,1.5555,1.1221,1.1221,1.7257,1.4557,1.1344,1.247,0.8292
CON3-2,Det,0,3,0.0,0.0,0.0,0.0,0.0,0.0,0.0,0.0,0.0,0.0,0.0,0.0,0.0,0.0,0.0,0.0,0.0,0.0,0.0,0.0,0.0
CON3-2,Det,1,14,39.1357,24.4005,32.6692,23.7357,25.3441,33.3159,23.7746,27.7352,39.1357,23.0597,24.4675,23.7281,24.4301,23.0459,23.039,23.039,23.09,23.0082,23.2472,19.2929,19.1019
CON3-2,Det,2,16,42.4338,34.3671,36.9877,34.1229,36.5776,34.3222,34.6899,36.6971,42.4338,33.7713,34.4057,34.433,34.2209,33.6402,33.6402,33.6363,33.9439,33.8367,33.5976,30.2013,29.7862
CON3-2,Det,3,17,32.8657,21.8768,23.9838,21.8368,23.7749,29.6344,32.8657,23.1948,32.9231,21.8673,21.55,21.8039,22.1353,21.7864,21.5987,21.5245,21.9439,21.742,21.574,15.3087,14.633
CON3-2,SAA,0,9,0.4576,0.3214,0.4544,0.3214,0.4576,0.4576,0.4576,0.421,0.387,0.3302,0.3205,0.321,0.4576,0.3302,0.2432,0.2432,0.4576,0.3484,0.2571,0.2408,0.1645
CON3-2,SAA,1,8,3.2941,2.4258,3.678,2.4258,2.6455,2.4231,2.3404,2.8837,1.739,2.4098,2.4257,1.7361,2.7991,2.4295,1.7873,1.7487,2.5026,2.2758,1.6985,1.8955,1.1453
CON3-2,SAA,2,13,0.685,0.9082,1.3316,0.9082,0.5008,0.6722,0.685,0.924,0.4128,0.4434,0.4744,0.3915,0.685,0.4533,0.3472,0.3472,0.685,0.4452,0.3371,0.3709,0.2387
CON3-2,SAA,3,9,1.4046,1.3497,1.5181,1.3497,1.3031,1.0798,1.437,1.3448,1.136,1.0744,1.3328,1.3542,1.4046,1.0586,0.6942,0.6942,1.1549,0.9681,0.7292,0.759,0.4574
CON3-2,SAA,4,11,1.4585,0.9937,1.5848,0.9937,1.3364,0.9083,0.9121,1.1792,1.0166,0.9161,0.9381,0.9937,1.4585,0.9272,0.7058,0.7058,1.1338,0.935,0.6258,0.7845,0.5104
CON3-4,Det,0,2,0.0,0.0,0.0,0.0,0.0,0.0,0.0,0.0,0.0,0.0,0.0,0.0,0.0,0.0,0.0,0.0,0.0,0.0,0.0,0.0,0.0
CON3-4,Det,1,13,45.4479,27.8743,31.0334,27.7351,29.3919,34.2041,27.3273,29.3004,45.4575,27.067,27.9886,27.7748,27.2396,27.0097,26.9266,26.9262,27.1463,26.9125,26.7696,22.0299,20.5026
CON3-4,Det,2,22,73.1099,45.3464,46.6061,45.075,45.9686,54.1909,72.911,45.2771,73.1099,43.8229,44.8508,45.1318,44.4313,43.8697,43.8638,43.8638,44.2405,43.3645,43.6761,31.5258,31.0134
CON3-4,Det,3,13,40.6243,25.5025,25.8803,25.3882,27.2951,26.1928,26.1454,25.8096,40.6243,25.0346,25.2744,25.3882,27.0119,25.1326,25.1326,25.0869,25.6631,25.1345,25.1087,18.9611,18.6529
CON3-4,SAA,0,12,2.4141,2.5401,2.7812,2.464,2.4245,1.9744,2.3866,2.4905,2.4141,1.9513,1.9592,2.4763,2.4141,1.9594,1.4051,1.4051,2.1161,1.8689,1.287,1.3746,0.8394
CON3-4,SAA,1,8,0.6896,0.5488,0.5488,0.5488,0.5564,0.6896,0.6896,0.5325,0.435,0.5814,0.5488,0.3983,0.6896,0.5372,0.3993,0.3993,0.6896,0.5124,0.3281,0.3856,0.2169
CON3-4,SAA,2,9,1.7116,1.4286,2.2482,1.4286,1.3208,1.4105,1.5022,1.8478,1.0004,1.3527,1.352,0.9877,1.8051,1.3637,0.9337,0.9337,1.7116,1.3588,0.9349,0.9973,0.5913
CON3-4,SAA,3,9,1.8782,1.285,1.6087,1.285,1.2919,1.5081,1.4851,1.4585,0.8707,1.2493,1.2963,0.8868,1.6336,1.2544,0.8924,0.8924,1.3084,1.2033,0.8423,1.0433,0.5968
CON3-4,SAA,4,12,1.4992,1.2111,1.9279,1.2111,1.3005,1.2577,1.1429,1.275,1.1808,1.1442,1.1479,1.2111,1.4992,1.1441,0.8605,0.8605,1.4992,1.124,0.8413,0.8144,0.5424
CON3-6,Det,0,18,64.7533,48.5204,52.8226,48.3148,49.3548,58.6365,57.1997,50.4264,64.7533,47.9883,48.4623,48.8864,47.8975,47.9088,47.9088,47.9012,48.213,47.6174,47.552,39.8182,39.7646
CON3-6,Det,1,12,10.1619,7.1415,9.4938,6.8845,8.533,8.555,10.1619,7.6049,9.2515,6.8045,6.8959,6.7791,6.9765,6.8243,6.8243,6.6225,6.7971,6.683,6.3864,5.1946,4.2352
CON3-6,Det,2,17,42.2924,24.1576,25.9944,23.97,26.6065,27.6459,42.1073,25.9434,42.2924,22.4766,23.9851,23.9807,23.4211,22.424,22.424,22.424,23.4371,22.4478,22.4323,18.3615,17.6443
CON3-6,Det,3,3,0.0,0.0,0.0,0.0,0.0,0.0,0.0,0.0,0.0,0.0,0.0,0.0,0.0,0.0,0.0,0.0,0.0,0.0,0.0,0.0,0.0
CON3-6,SAA,0,9,0.213,0.1649,0.4767,0.1649,0.19,0.2022,0.2022,0.1983,0.1233,0.1744,0.1729,0.1649,0.213,0.1598,0.1074,0.1074,0.213,0.2136,0.1408,0.1173,0.068
CON3-6,SAA,1,8,1.2292,1.0039,1.0039,1.0039,1.1196,0.9914,1.2292,1.0016,0.8029,0.9078,0.9911,1.0039,1.2292,0.9078,0.6347,0.6347,1.2292,0.9034,0.6805,0.6924,0.3958
CON3-6,SAA,2,10,0.2904,0.269,0.269,0.269,0.2904,0.2904,0.2904,0.2819,0.2904,0.253,0.2215,0.269,0.2904,0.2355,0.1581,0.1581,0.2904,0.205,0.1581,0.1552,0.0994
CON3-6,SAA,3,11,3.3677,2.4868,3.4708,2.4401,2.9723,2.4297,3.1206,3.1139,2.7222,2.3336,2.3174,2.4215,2.1639,2.315,2.0983,1.9552,2.5538,2.2647,1.7066,1.8261,1.2405
CON3-6,SAA,4,12,2.4646,1.9183,2.7238,1.9183,1.7585,1.9886,1.8987,2.2336,1.3709,1.6055,1.8016,1.1957,2.6434,1.6417,1.1376,1.1364,2.0906,1.5443,1.0117,1.363,0.8272
CON3-5,Det,0,14,43.9753,27.4855,31.3155,28.1018,35.7783,30.9999,33.8015,31.3569,43.4682,27.951,27.6094,27.9282,27.5951,27.8641,27.6502,27.6527,27.5844,27.5717,27.2084,20.2702,18.8649
CON3-5,Det,1,19,65.0298,49.9448,50.4939,50.0886,51.0329,51.4771,63.8711,50.3513,65.0298,49.201,49.6644,50.1298,49.2149,49.3206,49.3206,49.3206,49.4693,49.089,49.0511,38.3192,37.894
CON3-5,Det,2,15,43.3446,34.5791,35.2669,34.3261,35.9194,35.0064,43.3446,34.632,43.3446,34.6261,34.3089,34.2459,34.3667,34.5347,34.5292,34.5567,34.5072,34.4649,34.2041,27.6732,27.2605
CON3-5,Det,3,2,0.0,0.0,0.0,0.0,0.0,0.0,0.0,0.0,0.0,0.0,0.0,0.0,0.0,0.0,0.0,0.0,0.0,0.0,0.0,0.0,0.0
CON3-5,SAA,0,8,1.6289,1.4267,1.8416,1.4267,1.4737,1.3242,1.5592,1.7905,1.2833,1.3153,1.3411,1.4267,1.5955,1.3006,0.9649,0.9649,1.3945,1.2794,0.9139,0.9032,0.5537
CON3-5,SAA,1,8,1.7044,1.3216,1.575,1.3216,1.3266,1.5035,1.2394,1.4437,1.0291,1.1881,1.3216,0.9428,1.6083,1.173,0.9061,0.9061,1.4874,1.1241,0.738,0.9394,0.5532
CON3-5,SAA,2,10,0.5133,0.7272,0.889,0.7272,0.415,0.429,0.41,0.7237,0.3373,0.385,0.3657,0.3187,0.5133,0.367,0.2934,0.2865,0.5133,0.3542,0.295,0.2807,0.1962
CON3-5,SAA,3,9,0.1319,0.2066,0.2218,0.2066,0.0965,0.1319,0.1319,0.2218,0.081,0.1533,0.1302,0.0798,0.1319,0.1093,0.0959,0.0959,0.1319,0.1681,0.128,0.0739,0.0417
CON3-5,SAA,4,15,2.8716,2.0158,3.2934,2.0158,2.3128,2.1653,2.3573,2.1567,1.807,1.8912,1.9346,2.0158,2.5966,1.8499,1.4721,1.3896,2.4113,1.8272,1.3759,1.5206,1.028
CON3-7,Det,0,13,24.3829,16.4259,19.4432,15.8341,17.3098,21.3363,24.2693,18.9802,24.3829,15.5569,15.7745,15.8241,15.7629,15.5528,15.5255,15.5255,15.826,15.4203,15.4457,12.6138,12.4535
CON3-7,Det,1,19,44.3323,28.6813,31.2988,28.1854,29.7564,34.6139,44.1863,29.5793,44.3323,27.1532,28.1753,28.5676,26.8631,26.954,26.954,26.954,27.1213,26.9628,26.8809,19.8027,19.7368
CON3-7,Det,2,1,0.0,0.0,0.0,0.0,0.0,0.0,0.0,0.0,0.0,0.0,0.0,0.0,0.0,0.0,0.0,0.0,0.0,0.0,0.0,0.0,0.0
CON3-7,Det,3,17,50.0183,32.1367,38.2892,31.7363,34.525,31.8267,31.1633,33.4375,50.0183,29.6691,31.1482,31.3506,29.4722,29.4041,29.3861,29.447,29.3649,29.0362,29.1281,23.429,22.7773
CON3-7,SAA,0,10,1.0963,0.9997,1.3574,0.9997,0.7932,0.9573,1.0963,1.28,0.6173,0.8801,0.9997,0.562,1.0963,0.8786,0.692,0.6251,1.1232,0.769,0.5789,0.5997,0.3756
CON3-7,SAA,1,7,0.0,0.0,0.0,0.0,0.0,0.0,0.0,0.0,0.0,0.0,0.0,0.0,0.0,0.0,0.0,0.0,0.0,0.0,0.0,0.0,0.0
CON3-7,SAA,2,12,0.8768,0.6982,1.0022,0.6982,0.635,0.8768,0.8768,0.7441,0.5273,0.7093,0.6716,0.6982,0.8768,0.7759,0.4678,0.4678,0.8768,0.6647,0.4375,0.4837,0.3287
CON3-7,SAA,3,9,0.9319,0.8044,1.079,0.8044,0.7658,0.841,0.8542,0.8293,0.6235,0.7988,0.8044,0.7354,0.9319,0.8101,0.6722,0.6722,0.9319,0.7444,0.4937,0.5244,0.2981
CON3-7,SAA,4,12,3.0799,2.3576,3.7132,2.4036,2.5397,2.2576,2.2508,2.5239,2.1055,2.0403,2.2742,2.084,2.295,2.0202,1.4006,1.4036,2.3158,2.0444,1.4367,1.6795,1.0745
CON8-1,Det,0,5,30.3745,24.8657,24.8559,24.8559,27.0993,25.044,25.0228,24.8344,30.3745,25.0045,24.8344,24.8523,25.5815,24.9832,24.9832,24.9832,25.0759,24.858,25.0436,19.8945,19.4266
CON8-1,Det,1,5,21.6384,19.3392,19.5469,19.3303,20.2871,20.1908,19.9193,19.5469,19.392,19.2821,19.2478,19.197,18.6293,19.2523,18.4237,18.4149,19.2815,19.2529,18.4427,16.5402,14.8394
CON8-1,Det,2,3,16.5469,14.1614,14.1847,14.1614,15.775,14.0371,14.1656,14.0805,14.4654,14.1382,14.1614,13.0114,13.0888,14.1337,12.9356,12.9438,14.0565,14.038,13.0111,9.3707,7.6368
CON8-1,Det,3,9,50.8703,34.6141,37.413,34.7137,36.7743,40.2776,35.1418,35.3784,50.8703,34.7892,34.7065,34.7519,34.7068,34.7833,34.7833,34.7833,35.2833,34.4068,34.5705,25.9599,25.8419
CON8-1,Det,4,6,30.3806,29.7894,29.9581,29.7224,30.3055,29.9436,30.3806,29.9581,30.3806,29.7482,29.7224,29.7224,29.8659,29.7322,29.7322,29.7322,29.8708,29.6886,29.6993,27.6991,27.5795
CON8-1,Det,5,6,23.9379,19.2473,20.0342,19.4009,20.5563,22.2924,23.9379,19.9018,23.9379,19.2586,19.4586,19.4005,18.9879,19.2096,19.2096,19.2197,19.2004,18.9078,19.3191,12.3606,12.2846
CON8-1,Det,6,6,32.2836,23.4407,25.0759,23.4971,27.8031,24.2101,23.5143,24.8635,30.0536,23.296,23.4496,23.1948,22.4816,23.2929,22.4711,22.4742,23.1774,23.1566,22.4195,17.5622,15.3286
CON8-1,Det,7,6,34.8102,27.768,29.3328,27.7645,30.9443,33.9146,33.6478,27.9692,34.8102,27.6426,27.7607,27.7645,27.9313,27.6092,27.6016,27.6016,27.8673,27.5458,27.622,18.1256,17.8674
CON8-1,Det,8,4,32.6381,31.8829,31.9172,31.9062,32.2226,31.9626,31.8525,31.9282,32.6142,31.9609,31.9172,31.8962,31.9789,31.9282,31.9282,31.8881,31.8362,31.884,32.0265,27.7902,26.9707
CON8-1,SAA,0,3,1.6836,1.493,1.493,1.493,1.524,1.6576,1.6836,1.5148,1.1121,1.511,1.5148,1.1128,1.41,1.5148,1.1003,1.1084,1.6836,1.4663,1.0326,1.0307,0.547
CON8-1,SAA,1,2,1.0218,0.9812,1.0692,0.9812,1.1013,1.0247,1.0247,0.9812,1.026,0.9812,0.9812,0.9769,1.5247,0.9812,0.9932,0.9932,1.2234,0.9184,0.7922,0.5784,0.319
CON8-1,SAA,2,4,2.2336,2.0692,2.1371,2.0692,2.0414,2.0452,2.0226,2.1508,1.8181,2.0302,2.0372,1.9219,2.2336,2.011,2.011,1.8596,2.0347,1.9748,1.8467,1.2476,0.916
CON8-1,SAA,3,6,2.7247,2.253,3.2943,2.253,2.2861,2.296,2.2451,2.5724,1.6854,2.2437,2.1745,1.6676,2.1672,2.2113,1.6277,1.559,2.1958,2.2593,1.6322,1.5681,0.9393
CON8-1,SAA,4,6,2.7379,2.1843,2.6615,2.1843,2.6562,2.7379,2.7379,2.6722,2.2758,2.1396,2.1843,2.2004,2.3398,2.1557,2.1557,1.8583,2.2674,2.1576,1.8397,1.4883,1.0741
CON8-1,SAA,5,3,0.2635,0.252,0.252,0.252,0.2475,0.2635,0.2635,0.252,0.2032,0.2689,0.252,0.2416,0.2635,0.252,0.194,0.194,0.2635,0.2635,0.194,0.1518,0.0865
CON8-1,SAA,6,4,4.4094,3.8,4.322,3.8,4.2012,3.8841,3.8777,4.322,3.7943,3.8336,3.8,3.8,3.5043,3.8336,3.3962,3.2124,4.0535,3.8287,3.0914,2.5488,1.6886
CON8-1,SAA,7,4,0.2226,0.1612,0.2102,0.1612,0.2226,0.2226,0.2226,0.2102,0.2226,0.1908,0.1732,0.1612,0.2226,0.1884,0.1904,0.1904,0.2226,0.2226,0.1523,0.122,0.0721
CON8-1,SAA,8,4,1.0377,0.9667,0.9667,0.9667,0.9007,1.0377,1.0377,0.9773,0.7145,0.8896,0.966,0.6593,1.0377,0.9009,0.716,0.6957,1.0377,0.9219,0.6975,0.5944,0.3442
CON8-1,SAA,9,2,1.8129,1.6203,1.6057,1.6203,1.6101,1.6365,1.6365,1.6057,1.2595,1.6203,1.6057,1.3052,1.3576,1.6057,1.2897,1.3234,1.6101,1.5895,1.2824,1.0261,0.5612
CON8-1,SAA,10,3,0.6634,0.6248,0.6248,0.6248,0.5936,0.6634,0.6634,0.6248,0.5933,0.6725,0.6248,0.6224,0.6634,0.6248,0.7112,0.5458,0.6634,0.6767,0.5739,0.3818,0.2374
CON8-1,SAA,11,3,2.2648,2.2349,2.2982,2.2349,2.1882,2.3508,2.3195,2.2349,1.9974,2.2658,2.2349,1.9685,2.2593,2.2349,2.0743,2.0178,2.4455,2.2249,1.9857,1.2663,0.929
CON8-1,SAA,12,3,3.0457,2.4833,2.735,2.4833,2.6529,2.4703,2.7316,2.7479,2.1971,2.4989,2.4833,2.2275,2.7142,2.4834,2.1802,1.9558,2.5386,2.4969,2.0102,1.7318,1.1195
CON8-1,SAA,13,3,3.5811,2.8944,2.8944,2.8944,3.2218,3.3977,3.319,2.8944,2.534,2.8932,2.8944,2.7987,2.3612,2.8898,2.1853,2.1853,3.1339,2.9163,2.1218,2.1275,1.3009
CON8-0,Det,0,5,25.4157,18.0214,19.3737,18.0095,18.4087,21.0008,17.7394,18.5007,25.4157,17.5937,18.1426,18.0214,17.7899,17.69,17.69,17.69,17.6078,17.5757,17.5159,14.538,13.749
CON8-0,Det,1,4,40.316,39.4379,39.5446,39.5544,40.2163,39.4401,39.3886,39.5446,40.316,39.3821,39.5446,39.557,40.043,39.3821,39.2202,39.2202,39.4631,39.5029,39.3375,37.7397,37.1603
CON8-0,Det,2,7,40.7939,28.824,30.9162,28.7298,30.6964,35.7198,29.0879,30.0454,40.7939,27.8916,28.8512,29.819,28.7215,28.23,28.23,28.23,29.5189,28.312,28.2885,21.4939,21.3723
CON8-0,Det,3,7,32.9484,24.0485,28.229,24.5034,28.1136,27.1269,24.5353,25.3847,32.6955,24.0058,23.9729,24.515,24.0396,23.866,23.7532,23.638,23.9737,23.9014,23.967,18.5072,16.9292
CON8-0,Det,4,6,23.8765,19.2802,19.258,19.0455,20.4859,21.4185,23.8765,18.8314,23.8765,18.9938,19.0615,19.0455,18.923,19.0099,18.9926,19.0099,19.083,18.7163,18.6237,13.9466,13.3891
CON8-0,Det,5,6,20.3634,14.8192,15.4551,14.7573,17.207,15.2591,19.9349,14.8556,20.3634,14.7146,14.8264,14.7573,14.4092,14.7121,14.5786,14.5786,14.5657,14.6122,14.5099,10.9421,10.1344
CON8-0,Det,6,4,26.3706,23.6214,23.6074,23.5935,26.2878,23.5604,26.3706,23.6074,24.7318,23.5935,23.6074,23.5935,22.9022,23.6074,22.6133,22.626,23.5618,23.5642,22.6528,19.8463,17.7556
CON8-0,Det,7,6,37.6412,29.6209,29.6496,29.6725,37.6837,30.0918,36.1115,29.7333,37.5455,29.6617,29.6761,29.6725,29.7471,29.6725,29.4384,29.4384,29.9538,29.707,29.5074,19.7431,17.9125
CON8-0,Det,8,5,33.5606,28.385,29.3042,28.1914,30.4478,29.5068,28.7025,28.5142,33.5606,28.0064,28.1768,28.2023,28.6725,27.9887,27.9642,27.9642,28.2708,27.8915,27.9295,23.1358,23.0918
CON8-0,SAA,0,4,2.6055,2.3237,2.3238,2.3237,2.5354,2.3528,2.6055,2.3393,2.2774,2.315,2.3392,2.3392,2.6055,2.3439,2.0462,2.0198,2.6055,2.3451,2.0375,1.4317,1.0451
CON8-0,SAA,1,2,2.891,2.6889,2.7237,2.6889,2.6776,2.6776,2.6776,2.7075,2.2456,2.6889,2.7075,2.097,2.2405,2.7075,2.1325,2.1325,2.696,2.7227,2.1718,1.667,0.9451
CON8-0,SAA,2,2,1.464,1.4769,1.4769,1.4769,1.4259,1.5683,1.5683,1.4613,1.1766,1.4769,1.4769,1.1611,1.3462,1.4613,1.1465,1.1465,1.5683,1.3822,1.1011,0.8437,0.4356
CON8-0,SAA,3,5,1.8775,1.4691,1.4691,1.4691,1.6732,1.4409,1.4731,1.4924,1.4425,1.4655,1.5016,1.4382,1.8775,1.4655,1.0624,1.0624,1.6565,1.3938,1.1071,1.0558,0.6576
CON8-0,SAA,4,4,2.0442,1.8806,1.9387,1.8806,1.8733,1.8556,1.8556,1.8758,1.5503,1.8321,1.9244,1.5599,2.0442,1.8733,1.8733,1.5358,2.0442,1.8244,1.5672,1.1505,0.7467
CON8-0,SAA,5,3,0.1448,0.1737,0.1136,0.1737,0.1448,0.1448,0.1448,0.123,0.1087,0.1643,0.1537,0.1737,0.1448,0.123,0.1025,0.0937,0.1448,0.1448,0.1247,0.0918,0.0544
CON8-0,SAA,6,5,0.3499,0.3348,0.4858,0.3348,0.2993,0.329,0.329,0.4684,0.2576,0.3184,0.3421,0.2605,0.3499,0.3184,0.2211,0.2211,0.3499,0.3235,0.2211,0.2112,0.1125
CON8-0,SAA,7,2,0.0261,0.0261,0.0261,0.0261,0.0261,0.0261,0.0261,0.0261,0.0261,0.0261,0.0261,0.0261,0.0261,0.0261,0.0261,0.0261,0.0261,0.0261,0.0261,0.0149,0.0075
CON8-0,SAA,8,3,0.1067,0.1067,0.1067,0.1067,0.1067,0.1067,0.1067,0.1067,0.1067,0.1067,0.1067,0.1067,0.1067,0.1067,0.1559,0.1559,0.1067,0.1067,0.1142,0.0606,0.0342
CON8-0,SAA,9,4,0.9289,0.6188,0.6188,0.6188,0.7266,0.7925,0.7925,0.6405,0.5133,0.7107,0.6188,0.523,0.9289,0.7022,0.5855,0.5855,0.9289,0.6571,0.4896,0.5279,0.2968
CON8-0,SAA,10,3,0.0536,0.0569,0.0569,0.0569,0.0569,0.0536,0.0536,0.0569,0.0607,0.0569,0.0569,0.0607,0.0536,0.0569,0.0438,0.0438,0.0536,0.0536,0.0607,0.0301,0.017
CON8-0,SAA,11,5,0.3779,0.284,0.3867,0.284,0.3007,0.3274,0.3274,0.3854,0.2187,0.3086,0.282,0.206,0.3779,0.3086,0.2759,0.2598,0.3779,0.319,0.2143,0.225,0.1292
CON8-0,SAA,12,3,0.0268,0.0268,0.0268,0.0268,0.0268,0.0268,0.0268,0.0268,0.0268,0.0268,0.0268,0.0268,0.0268,0.0268,0.0268,0.0268,0.0268,0.0268,0.0268,0.0149,0.0087
CON8-0,SAA,13,3,3.6552,3.3169,3.4701,3.3169,3.3628,3.1942,3.3394,3.4537,3.1911,3.266,3.3162,3.1724,3.1418,3.3551,3.0398,2.9921,3.2418,3.1762,3.0007,2.1422,1.4229
CON8-0,SAA,14,2,1.9959,1.9672,1.9672,1.9672,1.9926,1.9249,1.9249,1.9503,1.9959,1.9672,1.9672,1.9672,1.9959,1.9503,1.9503,1.9503,1.9959,1.9758,1.9758,1.1822,1.058
CON3-9,Det,0,11,24.1758,16.5696,18.2633,16.1554,20.0667,18.4719,16.7804,17.2539,22.47,15.4246,16.158,16.1548,14.9418,15.3983,15.3983,14.8852,15.601,15.6129,14.9885,12.4043,10.6031
CON3-9,Det,1,11,0.5998,0.5896,0.7438,0.5896,0.5328,0.5998,0.5998,0.6588,0.4238,0.3965,0.4647,0.3462,0.5998,0.4047,0.3519,0.3098,0.5998,0.4138,0.3136,0.3281,0.2119
CON3-9,Det,2,16,29.8621,19.5241,23.2747,19.5288,25.0483,19.6175,26.7273,20.7382,27.1508,18.5015,18.9553,19.394,18.3079,18.4317,18.4317,17.7789,18.6287,18.3439,17.7043,13.9828,12.6514
CON3-9,Det,3,12,8.9779,6.0846,7.6284,5.7924,8.2778,5.987,8.9779,7.4594,8.0454,5.4037,5.7716,5.7924,6.0067,5.4202,5.4202,4.8411,5.4282,5.4023,4.8672,4.385,3.5321
CON3-9,SAA,0,7,1.3807,1.1183,1.2788,1.1183,1.088,0.9784,1.0335,1.2594,0.858,0.972,1.1087,0.9423,1.3074,0.957,0.593,0.593,1.1822,0.9335,0.5913,0.7843,0.4277
CON3-9,SAA,1,12,2.7478,1.9092,3.1245,1.9092,1.8934,2.0312,2.5008,2.1306,1.4665,1.7599,1.8903,1.5111,2.1151,1.7621,1.2782,1.282,2.0276,1.7318,1.217,1.5064,0.9233
CON3-9,SAA,2,10,4.0666,3.057,4.7596,3.057,3.2907,2.841,2.6252,3.6628,2.494,2.6725,2.7281,2.5288,2.4228,2.6513,1.9484,1.9374,2.7982,2.5723,1.8486,2.253,1.4384
CON3-9,SAA,3,10,0.269,0.2674,0.5214,0.2674,0.2042,0.269,0.269,0.2799,0.1574,0.2137,0.2031,0.1601,0.269,0.2135,0.1574,0.1574,0.269,0.2214,0.1536,0.1488,0.0959
CON3-9,SAA,4,11,0.5652,0.5643,0.6813,0.5643,0.4538,0.5652,0.5652,0.5357,0.3876,0.5863,0.4596,0.5858,0.5652,0.5316,0.3131,0.3131,0.5652,0.4497,0.2714,0.3215,0.1838
CON3-8,Det,0,14,47.23,30.0623,34.7935,29.9156,32.2785,37.1662,29.745,32.775,47.23,30.0718,29.923,29.8791,30.0197,30.0383,29.8728,29.8349,30.1574,29.5987,29.7467,25.0854,24.2438
CON3-8,Det,1,8,1.8289,1.4063,1.916,1.4063,1.4078,1.307,1.3199,1.5815,0.9015,1.298,1.4115,0.8944,1.3755,1.298,0.943,0.943,1.5136,1.2799,0.886,1.0393,0.5855
CON3-8,Det,2,18,52.13,32.5212,33.5062,31.3467,34.914,38.2258,52.0707,33.3843,52.2966,31.0433,31.6033,31.6452,32.0514,30.9239,30.9068,31.0808,31.6213,31.1467,31.1056,24.3264,23.1342
CON3-8,Det,3,10,0.0,0.0,0.0,0.0,0.0,0.0,0.0,0.0,0.0,0.0,0.0,0.0,0.0,0.0,0.0,0.0,0.0,0.0,0.0,0.0,0.0
CON3-8,SAA,0,8,0.7128,0.4716,0.6299,0.4716,0.5609,0.6598,0.6884,0.625,0.4087,0.5604,0.4833,0.4929,0.7128,0.5725,0.3999,0.3999,0.7128,0.4682,0.3745,0.3933,0.2286
CON3-8,SAA,1,9,3.5511,2.4537,3.1161,2.4537,2.8623,2.8826,2.7154,2.6858,2.484,2.2996,2.4102,2.4534,2.1324,2.3238,1.8718,1.8095,2.5225,2.2302,1.7969,1.9491,1.3627
CON3-8,SAA,2,10,3.2265,2.413,3.7231,2.413,2.977,2.4989,2.6297,2.9844,2.1861,2.1271,2.2606,2.4995,1.9593,2.1469,1.6595,1.6626,2.4443,2.0721,1.5472,1.7765,1.1535
CON3-8,SAA,3,13,1.9979,1.7634,2.3022,1.7634,1.5501,1.9979,1.9979,1.9131,1.1837,1.3853,1.4582,1.144,1.9979,1.367,1.0514,1.026,1.9979,1.4328,1.0976,1.0926,0.7116
CON3-8,SAA,4,10,0.0784,0.0928,0.1278,0.0928,0.0557,0.0784,0.0784,0.0928,0.0425,0.059,0.0604,0.0245,0.0784,0.0557,0.0245,0.0245,0.0784,0.0784,0.0635,0.0443,0.0245
