Instance,Plan,route,m,none_rec,v1_end_rec,v1_myo_rec,fb_tau_rec,pi1_rec,pi2_rec,pi3_rec,rollout_rec,restock_rec,thr_k_rec,ro_theta_rec,v2_lsm_rec,v2_act_rec,v2_cf_rec,dp_n_rec,dp_xl_rec,dp_xl3_rec,oracle_rec
CON3-3,Det,0,3,0.0,0.0,0.0,0.0,0.0,0.0,0.0,0.0,0.0,0.0,0.0,0.0,0.0,0.0,0.0,0.0,0.0,0.0
CON3-3,Det,1,14,38.8127,28.7887,40.984,27.8428,30.3527,33.4651,27.7955,33.3274,35.7735,26.582,27.9778,26.9302,26.9302,24.4139,26.6609,26.7084,34.1831,23.1965
CON3-3,Det,2,14,25.4193,19.3594,22.7161,19.2449,20.5535,23.6369,19.1921,20.9575,25.4193,18.8515,19.006,18.8574,18.2325,18.3409,18.8917,18.8291,18.1146,16.287
CON3-3,Det,3,19,44.6254,27.6652,29.9561,27.7593,30.9837,27.8646,29.8154,29.649,44.4778,27.3508,27.536,26.9306,26.7654,26.7732,26.8371,26.7695,26.5001,22.5674
CON3-3,SAA,0,7,2.5864,2.276,2.6186,2.276,2.3054,2.2488,2.1806,2.276,0.9824,2.2844,2.2922,2.2028,0.8295,0.8295,2.2909,2.1811,0.7798,1.9896
CON3-3,SAA,1,10,3.7488,3.3685,4.2397,3.3685,3.8648,3.1333,3.3037,3.6447,2.0924,3.2051,3.1731,3.0928,1.6152,1.6423,3.1016,3.0958,1.6505,2.6946
CON3-3,SAA,2,13,2.0162,1.7622,3.5069,1.7622,1.8594,1.8671,1.6827,2.0243,1.1238,1.8288,1.7439,1.6777,0.7898,0.7834,1.8949,1.707,0.7732,1.4425
CON3-3,SAA,3,11,1.6784,1.7807,3.816,1.7807,1.5172,1.5355,1.5303,1.5823,0.6875,1.5337,1.5449,1.5347,0.7005,0.7005,1.5767,1.513,0.6616,1.3284
CON3-3,SAA,4,9,2.1413,2.1801,2.7257,2.1801,1.9156,1.9827,1.9001,2.3165,0.9463,1.9169,1.9982,1.9193,0.8205,0.8272,1.9451,1.8812,0.7322,1.6778
CON3-1,Det,0,20,28.6132,19.3499,27.3023,19.0698,20.8757,21.4672,20.8765,22.5555,28.6132,18.4568,19.0973,18.3475,18.3475,17.9535,18.2921,18.3077,17.9069,15.7614
CON3-1,Det,1,11,28.5611,21.3531,22.5943,21.2026,23.2281,23.4719,20.9846,22.1229,27.7034,20.6961,21.3035,20.7698,19.4126,19.4472,20.6432,20.558,19.4223,18.0366
CON3-1,Det,2,3,0.0,0.0,0.0,0.0,0.0,0.0,0.0,0.0,0.0,0.0,0.0,0.0,0.0,0.0,0.0,0.0,0.0,0.0
CON3-1,Det,3,16,48.4758,42.0521,44.068,41.949,42.884,43.7176,42.4623,42.7245,48.4758,41.7963,41.7247,41.5534,41.5534,41.5534,41.6469,41.2932,41.5352,34.857
CON3-1,SAA,0,14,1.2239,1.1532,1.9099,1.1532,1.027,1.0668,0.9749,1.0919,0.5815,1.2008,0.9622,0.996,0.5579,0.5579,1.2239,0.9457,0.4492,0.8656
CON3-1,SAA,1,8,2.0517,1.9845,2.2331,1.9791,2.0304,1.9342,1.8375,2.115,1.0351,2.0042,1.918,1.8419,0.841,0.7719,1.9699,1.7891,0.717,1.5725
CON3-1,SAA,2,5,0.9027,0.7719,0.7832,0.7719,0.8285,0.8381,0.8018,0.7719,0.2512,0.9027,0.7719,0.7726,0.2252,0.2252,0.9027,0.7544,0.2534,0.7066
CON3-1,SAA,3,10,2.7617,2.218,3.2457,2.2309,2.7711,2.3411,2.7617,2.4353,1.8157,2.5146,2.2401,2.2215,1.2161,1.244,2.4237,2.2161,1.3152,1.8692
CON3-1,SAA,4,13,1.7325,1.5247,1.901,1.5247,1.5946,1.6375,1.66,1.7294,0.7312,1.4895,1.4226,1.4724,0.6341,0.6341,1.6876,1.3554,0.6337,1.247
CON3-0,Det,0,9,1.3899,1.2317,1.2531,1.2317,1.3299,1.2943,1.3899,1.2334,0.6408,1.3899,1.2428,1.233,0.5018,0.5018,1.3899,1.1589,0.4507,1.0103
CON3-0,Det,1,12,23.0,19.3176,29.6708,19.2028,19.5879,19.4792,17.6682,20.6568,17.3228,17.3464,18.6593,17.1584,14.1007,12.3817,17.3115,17.2467,14.0559,15.4763
CON3-0,Det,2,12,1.0206,0.9086,1.3938,0.9086,0.9041,0.8731,1.0137,0.9418,0.4574,1.005,0.9113,0.8894,0.4596,0.4596,1.1694,0.8053,0.3723,0.7355
CON3-0,Det,3,17,60.9529,57.0662,59.4903,56.8475,59.3871,57.9799,58.7518,58.1468,60.9529,56.8111,56.8826,56.7382,56.7382,56.7479,56.7104,56.6984,56.5824,52.808
CON3-0,SAA,0,11,2.3325,2.2866,2.8326,2.2866,2.2148,2.0146,2.0254,2.2606,1.1665,2.0166,2.0663,1.9475,0.9578,0.9578,2.2169,1.8859,0.9397,1.6753
CON3-0,SAA,1,8,1.0108,0.866,1.0824,0.866,0.9598,0.9694,0.8901,0.9378,0.3216,0.9921,0.8602,0.9021,0.2728,0.2728,1.0108,0.8464,0.248,0.7889
CON3-0,SAA,2,11,0.985,0.8296,1.0879,0.8296,0.8788,0.9642,0.9108,0.8802,0.5718,0.985,0.8279,0.7793,0.3005,0.3005,0.985,0.7769,0.316,0.682
CON3-0,SAA,3,10,1.9642,1.8569,2.0499,1.8536,1.9938,1.715,1.7127,1.8661,1.1012,1.638,1.6389,1.6971,0.7332,0.7332,1.7778,1.6601,0.689,1.4759
CON3-0,SAA,4,10,3.4615,2.953,3.2828,2.8514,3.3946,2.9264,3.3521,3.0455,2.6945,2.9718,2.8379,2.7847,1.7324,1.7324,2.9406,2.7738,1.6644,2.3171
CON3-2,Det,0,3,0.0,0.0,0.0,0.0,0.0,0.0,0.0,0.0,0.0,0.0,0.0,0.0,0.0,0.0,0.0,0.0,0.0,0.0
CON3-2,Det,1,14,32.1082,22.5855,28.0134,22.4607,23.8966,29.4459,23.0546,25.037,32.1082,22.5237,23.0167,22.1989,22.1595,22.1611,22.1224,22.2035,22.6331,19.2929
CON3-2,Det,2,16,35.1138,30.1614,32.6753,30.4384,32.4682,30.5555,30.7475,32.5644,35.1138,30.1443,30.515,30.0892,29.8236,29.8296,30.0705,30.1006,29.7344,27.1038
CON3-2,Det,3,17,28.5982,21.0968,21.4415,20.9972,23.0099,26.405,28.5982,21.2476,28.0156,20.8423,20.6603,20.5849,20.5849,20.3809,21.2904,20.4442,28.3173,15.2037
CON3-2,SAA,0,9,0.3376,0.3214,0.4206,0.3214,0.3376,0.3376,0.3376,0.3892,0.2095,0.3376,0.3207,0.3147,0.1534,0.1534,0.3376,0.2839,0.1421,0.2408
CON3-2,SAA,1,8,2.5666,2.2349,2.9352,2.2349,2.413,2.2581,2.1559,2.4822,1.2593,2.2443,2.2347,2.1988,1.1045,1.1056,2.285,2.1346,1.0492,1.8955
CON3-2,SAA,2,13,0.52,0.52,0.9221,0.52,0.4822,0.5147,0.52,0.5622,0.2111,0.52,0.4497,0.422,0.2067,0.2067,0.52,0.4319,0.2026,0.3709
CON3-2,SAA,3,9,1.0371,1.3122,1.3219,1.3122,1.0256,0.995,1.0725,1.2903,0.7375,0.9505,1.2953,0.9727,0.3692,0.3692,1.0371,0.8662,0.3413,0.759
CON3-2,SAA,4,11,1.0685,0.9487,1.1423,0.9487,1.0214,0.8558,0.8521,0.9642,0.5803,0.9329,0.8748,0.8447,0.3517,0.3517,1.0355,0.8666,0.381,0.7845
CON3-5,Det,0,14,36.7828,26.6978,29.1405,26.3768,33.5588,29.6574,30.164,27.8925,35.345,26.4277,26.5399,26.508,26.1611,26.098,26.3095,26.3962,25.8256,20.2702
CON3-5,Det,1,19,58.1373,47.6046,48.1215,46.9619,48.3479,48.3336,57.3883,47.5405,58.1373,46.5971,46.8925,46.8795,46.8455,46.8647,46.7619,46.3599,46.5942,36.6317
CON3-5,Det,2,15,35.8521,30.7517,31.0334,30.6163,32.024,31.2764,35.8521,30.8873,35.976,30.9325,30.6985,30.6806,30.5677,30.5566,30.9794,30.6892,30.665,25.1382
CON3-5,Det,3,2,0.0,0.0,0.0,0.0,0.0,0.0,0.0,0.0,0.0,0.0,0.0,0.0,0.0,0.0,0.0,0.0,0.0,0.0
CON3-5,SAA,0,8,1.1864,1.2121,1.5349,1.2121,1.1962,1.1089,1.1778,1.3232,0.8291,1.1272,1.1782,1.1261,0.582,0.582,1.297,1.1186,0.5087,0.9032
CON3-5,SAA,1,8,1.2319,1.2091,1.3774,1.2091,1.1016,1.1735,1.0988,1.2486,0.5111,1.1191,1.2091,1.0377,0.5361,0.5361,1.3227,1.0323,0.3617,0.9394
CON3-5,SAA,2,10,0.3933,0.7197,0.7593,0.7197,0.3775,0.354,0.3425,0.6912,0.2298,0.3933,0.3603,0.3353,0.1884,0.1865,0.3933,0.3228,0.19,0.2807
CON3-5,SAA,3,9,0.0944,0.1916,0.1916,0.1916,0.0815,0.0944,0.0944,0.1916,0.051,0.0944,0.0976,0.0868,0.0664,0.0664,0.0944,0.0944,0.0755,0.0739
CON3-5,SAA,4,15,2.2941,2.0008,3.0403,2.0008,2.1574,1.9553,2.0423,2.0266,1.1977,2.0008,1.8307,1.7664,0.974,0.9102,2.0556,1.7638,0.8827,1.5206
CON3-4,Det,0,2,0.0,0.0,0.0,0.0,0.0,0.0,0.0,0.0,0.0,0.0,0.0,0.0,0.0,0.0,0.0,0.0,0.0,0.0
CON3-4,Det,1,13,38.1804,26.6364,29.256,26.751,28.659,31.4666,26.4498,28.0578,37.3144,25.7605,26.7755,25.8859,25.8859,25.0471,26.1589,25.8427,26.7255,21.8874
CON3-4,Det,2,22,65.4599,43.1418,44.5913,43.3368,45.4511,52.5111,65.411,43.8736,65.4599,42.8949,43.4813,42.6345,42.6383,42.6072,42.9605,42.2855,42.4782,31.5033
CON3-4,Det,3,13,32.7418,24.5865,25.0012,24.6017,26.0606,25.2804,25.0577,24.8917,32.7418,24.0023,24.4356,24.132,24.0437,24.0519,24.28,23.8962,23.9389,18.8261
CON3-4,SAA,0,12,1.7916,1.7916,2.51,1.7916,1.7916,1.6594,1.7791,1.9192,1.348,1.8563,1.6053,1.6027,0.7289,0.7289,1.7916,1.6398,0.6706,1.3746
CON3-4,SAA,1,8,0.4946,0.4364,0.4877,0.4397,0.4946,0.4946,0.4946,0.448,0.2125,0.4946,0.448,0.448,0.2218,0.2218,0.4946,0.4293,0.1581,0.3856
CON3-4,SAA,2,9,1.2616,1.3311,1.8135,1.3311,1.1633,1.238,1.2847,1.2969,0.6154,1.3872,1.2526,1.2233,0.5328,0.5328,1.2616,1.1427,0.5295,0.9973
CON3-4,SAA,3,9,1.3607,1.21,1.4216,1.21,1.1569,1.2456,1.2376,1.3115,0.4457,1.2133,1.2138,1.1566,0.4799,0.4799,1.2562,1.1182,0.3903,1.0433
CON3-4,SAA,4,12,1.1167,1.1586,1.8031,1.1586,1.053,1.0177,0.9704,1.1574,0.6581,1.1167,1.0804,1.0952,0.528,0.528,1.1167,0.9897,0.4766,0.8144
CON3-6,Det,0,18,56.7133,46.2371,50.1742,45.6782,46.3681,52.6973,51.8222,46.4721,56.7133,45.3677,45.7222,45.0417,45.0067,45.0071,45.5165,44.7935,44.849,37.9882
CON3-6,Det,1,12,7.8144,6.4088,7.4157,6.337,7.378,7.25,7.8144,6.799,6.5422,6.3224,6.3705,6.3866,5.1581,4.8979,6.3314,6.287,5.1619,5.1946
CON3-6,Det,2,17,35.3849,23.4195,24.1902,23.1773,25.969,26.142,35.3749,23.7216,34.9033,21.9429,23.4105,22.1851,21.5676,21.8077,22.4269,21.8795,21.5384,18.3615
CON3-6,Det,3,3,0.0,0.0,0.0,0.0,0.0,0.0,0.0,0.0,0.0,0.0,0.0,0.0,0.0,0.0,0.0,0.0,0.0,0.0
CON3-6,SAA,0,9,0.153,0.1574,0.1561,0.1574,0.145,0.1497,0.1497,0.1589,0.0608,0.153,0.1579,0.1556,0.0482,0.0482,0.153,0.153,0.0654,0.1173
CON3-6,SAA,1,8,0.8917,0.9139,0.9114,0.9139,0.8271,0.8362,0.8917,0.9106,0.4309,0.8917,0.8936,0.8218,0.3554,0.3554,0.8917,0.7815,0.3425,0.6924
CON3-6,SAA,2,10,0.2154,0.2615,0.2517,0.2615,0.2154,0.2154,0.2154,0.2332,0.2217,0.2154,0.2065,0.19,0.0906,0.0906,0.2154,0.2154,0.0906,0.1552
CON3-6,SAA,3,11,2.6027,2.3293,3.1289,2.3201,2.4773,2.2572,2.5192,2.4099,2.0295,2.2868,2.1749,2.1323,1.3073,1.2259,2.3061,2.1099,1.0995,1.8261
CON3-6,SAA,4,12,1.8646,1.7683,2.3317,1.7683,1.661,1.7174,1.6965,1.7776,0.7507,1.6965,1.6557,1.4891,0.6726,0.6681,1.8356,1.4556,0.5668,1.363
CON3-7,Det,0,13,19.4104,14.9967,17.703,14.7507,16.2298,18.4263,19.4524,16.4027,19.4104,14.6705,14.8357,14.7173,14.7339,14.6643,14.7494,14.6219,14.4974,12.3138
CON3-7,Det,1,19,38.2198,27.0763,29.2042,27.0682,28.3363,31.881,38.1938,28.4381,38.2198,26.5607,26.8536,26.4156,26.4156,26.4148,26.3896,25.921,25.8127,19.7802
CON3-7,Det,2,1,0.0,0.0,0.0,0.0,0.0,0.0,0.0,0.0,0.0,0.0,0.0,0.0,0.0,0.0,0.0,0.0,0.0,0.0
CON3-7,Det,3,17,42.3008,30.6877,33.9855,30.5297,33.4231,30.8142,30.1508,31.7351,42.3008,28.7975,30.4591,28.3796,28.7991,28.0192,28.5465,28.1758,28.5523,23.414
CON3-7,SAA,0,10,0.8038,0.7504,1.1116,0.7504,0.7274,0.7548,0.8038,0.9082,0.3963,0.7942,0.7482,0.7106,0.3283,0.3283,0.8038,0.6928,0.3179,0.5997
CON3-7,SAA,1,7,0.0,0.0,0.0,0.0,0.0,0.0,0.0,0.0,0.0,0.0,0.0,0.0,0.0,0.0,0.0,0.0,0.0,0.0
CON3-7,SAA,2,12,0.6743,0.6607,0.7869,0.6607,0.5825,0.6743,0.6743,0.6607,0.3323,0.6743,0.6584,0.6652,0.2971,0.2971,0.6743,0.5772,0.28,0.4837
CON3-7,SAA,3,9,0.6694,0.6994,0.7349,0.6994,0.6616,0.646,0.6629,0.6986,0.391,0.6694,0.6911,0.659,0.4142,0.4142,0.6694,0.6388,0.2519,0.5244
CON3-7,SAA,4,12,2.3899,2.2301,3.3556,2.2986,2.3252,2.0851,2.0502,2.3429,1.388,2.0658,2.1441,1.9364,0.8625,0.8631,2.1787,1.911,0.9271,1.6795
CON8-1,Det,0,5,23.002,21.5968,21.2677,21.2743,22.8424,21.5743,21.3807,21.2597,23.005,21.5157,21.2651,21.2597,21.1704,21.1719,21.3246,21.2653,21.0731,18.0645
CON8-1,Det,1,5,16.3059,15.9312,15.9095,15.9082,16.2871,16.0644,16.0614,15.9148,13.387,15.9529,15.9148,15.9273,12.5526,12.614,16.039,15.7484,12.7419,14.1327
CON8-1,Det,2,3,11.9344,11.6878,11.7764,11.5621,11.9575,11.5963,11.5781,11.6949,9.2642,11.4944,11.6949,11.7036,10.0601,9.1659,11.6823,11.5325,9.6256,9.3707
CON8-1,Det,3,9,42.4628,33.7229,34.3565,33.2587,35.3268,36.5651,33.0943,34.3262,42.4628,33.4011,33.041,33.4149,33.4063,33.4063,33.4577,32.6065,32.7237,25.8024
CON8-1,Det,4,6,23.5406,23.4144,23.3961,23.3961,23.5406,23.4001,23.5406,23.3899,23.6099,23.3968,23.4006,23.3796,23.3796,23.3579,23.3913,23.4073,23.8309,22.3366
CON8-1,Det,5,6,18.5979,17.0158,17.0254,17.1547,18.2786,18.2089,18.5979,17.0254,18.6152,17.0834,17.0254,17.1638,17.1638,17.2638,17.2472,16.9524,20.7012,12.3606
CON8-1,Det,6,6,25.0086,21.7757,22.3087,21.6871,23.9679,22.0267,21.944,21.6965,22.4251,21.5178,21.5917,21.5337,21.5337,19.25,21.5911,21.5252,21.8549,17.5622
CON8-1,Det,7,6,28.0602,24.9277,25.5254,25.1395,27.5693,27.8601,27.7875,25.1308,28.0602,25.0813,25.0986,24.997,24.997,24.9843,25.3067,25.1646,25.0423,18.1256
CON8-1,Det,8,4,24.1856,24.2787,24.4228,24.4384,24.5682,24.335,24.3719,24.4235,23.8778,24.4162,24.4235,24.4235,23.606,23.8594,24.4429,24.2902,23.6305,22.1952
CON8-1,SAA,0,3,1.2186,1.1737,1.1737,1.1737,1.1873,1.2076,1.2186,1.1737,0.5746,1.2186,1.1737,1.1737,0.6023,0.6023,1.2186,1.1772,0.5197,1.0307
CON8-1,SAA,1,2,0.7293,0.7054,0.7054,0.7054,0.7093,0.706,0.706,0.7054,0.501,0.7293,0.7054,0.7054,0.4914,0.4914,0.7293,0.7093,0.4752,0.5784
CON8-1,SAA,2,4,1.7161,1.7167,1.7916,1.7167,1.6439,1.6552,1.6551,1.7167,1.2956,1.644,1.7167,1.6647,1.3763,1.3211,1.7161,1.6439,1.3423,1.2476
CON8-1,SAA,3,6,1.9822,1.953,2.4305,1.953,1.8713,1.908,1.8564,1.951,0.9729,1.8586,1.869,1.8549,0.8839,0.8712,1.9858,1.8656,0.8788,1.5681
CON8-1,SAA,4,6,2.1454,1.9218,2.4034,1.9218,2.0801,2.1454,2.1454,1.9324,1.5683,1.9355,1.9218,1.9218,1.5061,1.303,1.9899,1.9165,1.3539,1.4883
CON8-1,SAA,5,3,0.196,0.222,0.222,0.222,0.21,0.196,0.196,0.222,0.1207,0.196,0.222,0.222,0.1286,0.1286,0.196,0.196,0.124,0.1518
CON8-1,SAA,6,4,3.3294,3.2097,3.4025,3.2097,3.3145,3.5091,3.1876,3.212,2.7118,3.1847,3.2077,3.2077,2.0884,1.9947,3.1975,3.192,2.11,2.5488
CON8-1,SAA,7,4,0.1626,0.1387,0.1387,0.1387,0.1626,0.1626,0.1626,0.1387,0.1658,0.1626,0.1432,0.1432,0.1082,0.1082,0.1626,0.1626,0.0867,0.122
CON8-1,SAA,8,4,0.7452,0.8021,0.8056,0.8021,0.7301,0.7452,0.7452,0.8056,0.3806,0.7452,0.8056,0.7126,0.3807,0.3807,0.7452,0.7148,0.4039,0.5944
CON8-1,SAA,9,2,1.2879,1.2579,1.2579,1.2579,1.2617,1.2617,1.2617,1.2617,0.6945,1.2879,1.2579,1.2617,0.6602,0.6954,1.2879,1.2464,0.6625,1.0261
CON8-1,SAA,10,3,0.4834,0.4898,0.4898,0.4898,0.4586,0.4834,0.4834,0.458,0.3858,0.4834,0.4898,0.458,0.406,0.4164,0.4834,0.4834,0.3997,0.3818
CON8-1,SAA,11,3,1.6348,1.7024,1.6801,1.7024,1.6182,1.6348,1.712,1.6649,1.2499,1.6348,1.7024,1.6649,1.4358,1.3051,1.6348,1.6688,1.3267,1.2663
CON8-1,SAA,12,3,2.2207,2.1521,2.1028,2.1521,2.1683,2.1683,2.0358,2.1287,1.3899,2.0993,2.156,2.1159,1.1507,1.1658,2.2207,2.0319,1.1244,1.7318
CON8-1,SAA,13,3,2.6211,2.4744,2.4913,2.4744,2.5243,2.5727,2.5615,2.4957,1.3982,2.5167,2.4744,2.4798,1.1225,1.1225,2.6314,2.4776,1.0635,2.06
CON3-8,Det,0,14,39.61,28.5923,31.6656,28.4768,30.868,34.1061,28.543,30.04,39.61,28.4694,28.4279,28.5795,28.0612,28.0956,28.462,28.1216,27.7694,24.3129
CON3-8,Det,1,8,1.3114,1.2425,1.529,1.2425,1.2203,1.142,1.1399,1.3399,0.4465,1.2006,1.1904,1.1841,0.5305,0.5305,1.2601,1.152,0.4393,1.0393
CON3-8,Det,2,18,45.47,30.9162,31.8234,30.4111,34.2465,35.5308,45.47,31.7792,44.955,30.2595,30.3902,29.7637,29.7637,29.2002,30.1155,29.9491,29.3617,24.0339
CON3-8,Det,3,10,0.0,0.0,0.0,0.0,0.0,0.0,0.0,0.0,0.0,0.0,0.0,0.0,0.0,0.0,0.0,0.0,0.0069,0.0
CON3-8,SAA,0,8,0.5178,0.4566,0.5519,0.4566,0.4634,0.5623,0.4927,0.4954,0.2312,0.5178,0.4608,0.4518,0.2224,0.2224,0.5178,0.4282,0.1895,0.3933
CON3-8,SAA,1,9,2.7186,2.2887,2.6001,2.2887,2.4707,2.5529,2.5191,2.355,1.7515,2.315,2.257,2.1264,1.2574,1.2409,2.2667,2.1755,1.1488,1.9491
CON3-8,SAA,2,10,2.4015,2.2701,3.1167,2.2701,2.2568,2.1314,2.2097,2.2353,1.2405,2.1707,2.0465,1.9796,0.8798,0.9039,2.1539,1.9788,0.8988,1.7765
CON3-8,SAA,3,13,1.4954,1.6359,1.9635,1.6359,1.3401,1.4954,1.4954,1.4844,0.7412,1.5001,1.2988,1.2771,0.6403,0.6403,1.4954,1.301,0.6188,1.0926
CON3-8,SAA,4,10,0.0559,0.0928,0.0923,0.0928,0.0482,0.0559,0.0559,0.0773,0.025,0.0559,0.0604,0.0482,0.0095,0.0095,0.0559,0.0559,0.0317,0.0443
CON8-0,Det,0,5,18.4707,16.0551,16.64,16.0551,16.5022,17.5307,16.2312,16.5528,18.4707,16.1007,16.027,16.0218,15.5996,15.5468,15.9973,16.0846,15.4493,14.118
CON8-0,Det,1,4,31.6235,31.4835,31.5345,31.4347,31.6235,31.416,31.409,31.4454,31.34,31.4579,31.4347,31.4454,31.4454,31.1844,31.4677,31.4664,31.3427,30.6147
CON8-0,Det,2,7,33.2864,27.2914,29.0575,27.7115,28.5064,31.1087,27.2373,27.5863,33.2864,26.8326,27.7115,26.8629,26.8629,26.879,27.2667,26.7179,26.7528,21.4489
CON8-0,Det,3,7,26.0784,23.1422,25.1871,22.836,25.7624,23.8286,22.7053,22.8349,24.7401,22.6182,22.7822,22.5975,22.5975,21.7713,22.9459,22.4861,24.7701,18.5072
CON8-0,Det,4,6,17.899,16.3899,16.3845,16.5591,17.4259,17.2042,17.899,16.3918,17.899,16.3789,16.5591,16.3394,16.3394,16.2673,16.3591,16.2962,19.0542,13.2116
CON8-0,Det,5,6,15.1884,13.3369,13.3327,13.3041,15.2026,13.3002,14.9699,13.3521,14.8475,12.9929,13.3041,12.9826,12.9826,12.6396,13.0413,12.9271,14.362,10.8521
CON8-0,Det,6,4,19.7631,19.092,19.092,19.092,19.7631,19.0154,19.7631,19.092,16.4528,19.0781,19.092,19.092,15.5023,15.6844,19.0877,19.0307,15.6504,16.7563
CON8-0,Det,7,6,31.1087,27.2734,27.3663,27.2064,31.1087,27.3118,30.134,27.3356,30.9055,27.1743,27.3086,27.3356,27.3356,27.0993,27.3314,27.227,32.8408,19.7431
CON8-0,Det,8,5,26.5106,24.968,25.566,24.8689,26.2384,25.5623,25.0014,24.8618,26.5106,24.6705,24.8618,24.6602,24.6207,24.6207,24.8021,24.5661,24.724,21.4483
CON8-0,SAA,0,4,1.9605,1.9787,2.0243,1.9787,2.0104,1.8878,1.9605,1.9787,1.5438,1.9605,1.9787,1.9781,1.4007,1.3916,1.9605,1.9154,1.3522,1.4317
CON8-0,SAA,1,2,2.081,2.0696,2.0696,2.0696,2.0696,2.0696,2.0696,2.0696,1.3686,2.081,2.0696,2.0696,1.3656,1.3656,2.081,2.039,1.2598,1.667
CON8-0,SAA,2,2,1.059,1.0544,1.0544,1.0544,1.0547,1.0584,1.0584,1.0544,0.6557,1.059,1.0544,1.0544,0.644,0.644,1.059,1.0544,0.6132,0.8437
CON8-0,SAA,3,5,1.3975,1.2891,1.2974,1.2891,1.377,1.2926,1.3319,1.2991,0.9393,1.2664,1.2561,1.2534,0.6301,0.6301,1.3975,1.2339,0.6486,1.0558
CON8-0,SAA,4,4,1.5567,1.5056,1.4831,1.5056,1.4983,1.4806,1.4806,1.4869,1.0853,1.5567,1.5119,1.4869,1.2002,1.0799,1.5567,1.4796,1.2478,1.1505
CON8-0,SAA,5,3,0.1073,0.1587,0.1073,0.1587,0.1073,0.1073,0.1073,0.1073,0.0762,0.1073,0.1186,0.1073,0.0625,0.0625,0.1073,0.1073,0.0648,0.0918
CON8-0,SAA,6,5,0.2524,0.2823,0.4534,0.2823,0.2524,0.2524,0.2524,0.2461,0.1651,0.2524,0.2461,0.2461,0.1336,0.1336,0.2524,0.256,0.0962,0.2112
CON8-0,SAA,7,2,0.0186,0.0186,0.0186,0.0186,0.0186,0.0186,0.0186,0.0186,0.0186,0.0186,0.0186,0.0186,0.0186,0.0186,0.0186,0.0186,0.0186,0.0149
CON8-0,SAA,8,3,0.0767,0.0767,0.0767,0.0767,0.0767,0.0767,0.0767,0.0767,0.0767,0.0767,0.0767,0.0767,0.0971,0.0971,0.0767,0.0767,0.0717,0.0606
CON8-0,SAA,9,4,0.6664,0.5967,0.6021,0.5967,0.6216,0.635,0.635,0.6017,0.2785,0.6664,0.5967,0.6104,0.2238,0.2238,0.6664,0.5977,0.2368,0.5279
CON8-0,SAA,10,3,0.0386,0.0494,0.0494,0.0494,0.0494,0.0386,0.0386,0.0494,0.0332,0.0386,0.0494,0.0494,0.0263,0.0263,0.0386,0.0386,0.0332,0.0301
CON8-0,SAA,11,5,0.2804,0.2615,0.3431,0.2615,0.2557,0.2674,0.2674,0.2526,0.1387,0.2804,0.2674,0.257,0.1784,0.1748,0.2804,0.2804,0.1243,0.225
CON8-0,SAA,12,3,0.0193,0.0193,0.0193,0.0193,0.0193,0.0193,0.0193,0.0193,0.0193,0.0193,0.0193,0.0193,0.0193,0.0193,0.0193,0.0193,0.0193,0.0149
CON8-0,SAA,13,3,2.7627,2.6644,2.6792,2.6644,2.6428,2.7158,2.7165,2.6637,1.9886,2.7627,2.6592,2.6682,1.8737,1.9376,2.7627,2.648,1.9091,2.1422
CON8-0,SAA,14,2,1.4709,1.4841,1.5269,1.4841,1.4713,1.4709,1.4709,1.4841,1.4261,1.4709,1.4841,1.4841,1.4765,1.5142,1.4709,1.4841,1.4811,1.1822
CON3-9,Det,0,11,19.3683,15.2984,16.8512,15.1822,18.4666,16.5982,15.3629,16.0319,16.8253,14.5424,15.1327,14.6132,14.3642,12.2662,14.7379,14.5803,14.0545,12.4043
CON3-9,Det,1,11,0.4423,0.5671,0.6987,0.5671,0.4653,0.4423,0.4423,0.5304,0.1998,0.4423,0.4128,0.3919,0.2169,0.1873,0.4423,0.3846,0.1736,0.3281
CON3-9,Det,2,16,24.9946,18.2731,22.8818,18.5553,23.4683,18.6981,23.5848,18.771,21.8623,17.9251,17.8733,17.6649,17.6649,15.2329,17.982,17.5936,17.6387,13.9828
CON3-9,Det,3,12,7.0204,5.5551,6.7607,5.6274,7.1741,5.537,7.0204,5.8369,5.2504,5.331,5.612,5.2002,3.8797,3.6571,5.2482,5.0869,3.9177,4.385
CON3-9,SAA,0,7,0.9907,0.9833,1.2247,0.9833,0.9386,0.9092,0.8985,0.9835,0.4105,0.9043,0.9574,0.8803,0.293,0.293,0.9907,0.894,0.2772,0.7843
CON3-9,SAA,1,12,1.9978,1.8567,2.2381,1.8567,1.7588,1.8012,1.9308,1.9006,0.724,1.7704,1.8373,1.6992,0.677,0.677,1.8504,1.6235,0.6345,1.5064
CON3-9,SAA,2,10,2.9941,2.9895,3.9568,2.9895,2.7397,2.706,2.5237,2.9216,1.5931,2.594,2.5973,2.5059,1.0866,1.0956,2.5505,2.4957,1.0641,2.253
CON3-9,SAA,3,10,0.2015,0.2674,0.4442,0.2674,0.1892,0.2015,0.2015,0.2454,0.1024,0.2015,0.1999,0.206,0.0949,0.0949,0.2015,0.1881,0.0936,0.1488
CON3-9,SAA,4,11,0.4077,0.4893,0.4832,0.4893,0.4012,0.4077,0.4077,0.3803,0.2548,0.4077,0.3743,0.3664,0.1533,0.1533,0.4077,0.4047,0.1339,0.3215
